Symbol,Settings,Date,Open,High,Low,Close,Volume
ZCN,Ex:TSE | Src:Google,2020-10-01,21.770,21.810,21.680,21.730,80548
ZCN,Ex:TSE | Src:Google,2020-10-02,21.530,21.780,21.500,21.770,32781
ZCN,Ex:TSE | Src:Google,2020-10-05,21.870,22.070,21.860,22.060,61092
ZCN,Ex:TSE | Src:Google,2020-10-06,22.090,22.120,21.840,21.850,111937
ZCN,Ex:TSE | Src:Google,2020-10-07,21.990,22.100,21.990,22.100,12826
ZCN,Ex:TSE | Src:Google,2020-10-08,22.180,22.250,22.180,22.250,30315
ZCN,Ex:TSE | Src:Google,2020-10-09,22.310,22.340,22.250,22.280,50236
ZCN,Ex:TSE | Src:Google,2020-10-13,22.280,22.280,22.140,22.230,45951
ZCN,Ex:TSE | Src:Google,2020-10-14,22.270,22.300,22.130,22.140,49690
ZCN,Ex:TSE | Src:Google,2020-10-15,21.930,22.220,21.890,22.200,50366
ZCN,Ex:TSE | Src:Google,2020-10-16,22.250,22.260,22.130,22.130,34566
ZCN,Ex:TSE | Src:Google,2020-10-19,22.190,22.190,21.890,21.890,70542
ZCN,Ex:TSE | Src:Google,2020-10-20,21.990,22.010,21.870,21.900,56967
ZCN,Ex:TSE | Src:Google,2020-10-21,21.860,21.930,21.810,21.870,32310
ZCN,Ex:TSE | Src:Google,2020-10-22,21.850,21.930,21.740,21.910,16695
ZCN,Ex:TSE | Src:Google,2020-10-23,21.980,21.980,21.880,21.940,54539
ZCN,Ex:TSE | Src:Google,2020-10-26,21.850,21.850,21.550,21.660,42348
ZCN,Ex:TSE | Src:Google,2020-10-27,21.650,21.670,21.570,21.600,63593
ZCN,Ex:TSE | Src:Google,2020-10-28,21.300,21.300,20.990,21.000,72153
ZCN,Ex:TSE | Src:Google,2020-10-29,21.040,21.180,20.910,21.130,87425
ZCN,Ex:TSE | Src:Google,2020-10-30,21.060,21.070,20.800,21.010,71490
ZCN,Ex:TSE | Src:Google,2020-11-02,21.140,21.190,20.990,21.140,54270
ZCN,Ex:TSE | Src:Google,2020-11-03,21.300,21.520,21.300,21.500,50286
ZCN,Ex:TSE | Src:Google,2020-11-04,21.670,21.700,21.450,21.570,35251
ZCN,Ex:TSE | Src:Google,2020-11-05,21.920,21.990,21.880,21.940,58866
ZCN,Ex:TSE | Src:Google,2020-11-06,22.050,22.080,21.890,21.950,69969
ZCN,Ex:TSE | Src:Google,2020-11-09,22.750,22.750,22.200,22.200,118340
ZCN,Ex:TSE | Src:Google,2020-11-10,22.270,22.450,22.220,22.380,46503
ZCN,Ex:TSE | Src:Google,2020-11-11,22.530,22.640,22.510,22.600,142511
ZCN,Ex:TSE | Src:Google,2020-11-12,22.600,22.640,22.310,22.360,128089
ZCN,Ex:TSE | Src:Google,2020-11-13,22.490,22.580,22.480,22.500,33410
ZCN,Ex:TSE | Src:Google,2020-11-16,22.660,22.770,22.580,22.770,51623
ZCN,Ex:TSE | Src:Google,2020-11-17,22.650,22.870,22.620,22.850,178894
ZCN,Ex:TSE | Src:Google,2020-11-18,22.890,22.910,22.770,22.780,45398
ZCN,Ex:TSE | Src:Google,2020-11-19,22.730,22.810,22.710,22.800,37558
ZCN,Ex:TSE | Src:Google,2020-11-20,22.830,23.000,22.810,22.970,52933
ZCN,Ex:TSE | Src:Google,2020-11-23,23.020,23.120,23.000,23.070,52373
ZCN,Ex:TSE | Src:Google,2020-11-24,23.230,23.370,23.230,23.320,41224
ZCN,Ex:TSE | Src:Google,2020-11-25,23.330,23.380,23.240,23.370,227626
ZCN,Ex:TSE | Src:Google,2020-11-26,23.390,23.440,23.380,23.410,20420
ZCN,Ex:TSE | Src:Google,2020-11-27,23.400,23.510,23.390,23.480,31009
ZCN,Ex:TSE | Src:Google,2020-11-30,23.420,23.420,23.140,23.270,47163
ZCN,Ex:TSE | Src:Google,2020-12-01,23.560,23.560,23.350,23.350,48925
ZCN,Ex:TSE | Src:Google,2020-12-02,23.340,23.440,23.300,23.430,52373
ZCN,Ex:TSE | Src:Google,2020-12-03,23.480,23.570,23.480,23.500,33378
ZCN,Ex:TSE | Src:Google,2020-12-04,23.550,23.660,23.550,23.660,143123
ZCN,Ex:TSE | Src:Google,2020-12-07,23.640,23.780,23.590,23.750,105771
ZCN,Ex:TSE | Src:Google,2020-12-08,23.710,23.840,23.710,23.840,68536
ZCN,Ex:TSE | Src:Google,2020-12-09,23.860,23.860,23.630,23.740,46928
ZCN,Ex:TSE | Src:Google,2020-12-10,23.630,23.790,23.620,23.790,42114
ZCN,Ex:TSE | Src:Google,2020-12-11,23.720,23.730,23.620,23.720,48313
ZCN,Ex:TSE | Src:Google,2020-12-14,23.830,23.830,23.510,23.510,80652
ZCN,Ex:TSE | Src:Google,2020-12-15,23.640,23.700,23.610,23.660,37852
ZCN,Ex:TSE | Src:Google,2020-12-16,23.740,23.780,23.640,23.740,204177
ZCN,Ex:TSE | Src:Google,2020-12-17,23.870,23.900,23.810,23.870,169476
ZCN,Ex:TSE | Src:Google,2020-12-18,23.900,23.900,23.690,23.690,103841
ZCN,Ex:TSE | Src:Google,2020-12-21,23.460,23.670,23.410,23.670,181315
ZCN,Ex:TSE | Src:Google,2020-12-22,23.710,23.760,23.640,23.740,46880
ZCN,Ex:TSE | Src:Google,2020-12-23,23.780,23.870,23.780,23.790,48188
ZCN,Ex:TSE | Src:Google,2020-12-24,23.800,23.860,23.780,23.850,45492
ZCN,Ex:TSE | Src:Google,2020-12-29,23.700,23.730,23.520,23.560,97547
ZCN,Ex:TSE | Src:Google,2020-12-30,23.620,23.680,23.570,23.590,51745
ZCN,Ex:TSE | Src:Google,2020-12-31,23.540,23.590,23.430,23.430,93473
ZCN,Ex:TSE | Src:Google,2021-01-04,23.650,23.660,23.410,23.560,107973
ZCN,Ex:TSE | Src:Google,2021-01-05,23.590,23.800,23.590,23.780,110020
ZCN,Ex:TSE | Src:Google,2021-01-06,23.850,24.100,23.850,23.970,178155
ZCN,Ex:TSE | Src:Google,2021-01-07,24.190,24.290,24.110,24.260,88313
ZCN,Ex:TSE | Src:Google,2021-01-08,24.310,24.310,24.160,24.260,73486
ZCN,Ex:TSE | Src:Google,2021-01-11,24.130,24.250,24.130,24.130,89044
ZCN,Ex:TSE | Src:Google,2021-01-12,24.200,24.230,24.090,24.210,62041
ZCN,Ex:TSE | Src:Google,2021-01-13,24.200,24.240,24.090,24.130,32063
ZCN,Ex:TSE | Src:Google,2021-01-14,24.200,24.250,24.160,24.160,112363
ZCN,Ex:TSE | Src:Google,2021-01-15,24.160,24.160,24.000,24.090,71391
ZCN,Ex:TSE | Src:Google,2021-01-18,24.120,24.180,24.090,24.160,32553
ZCN,Ex:TSE | Src:Google,2021-01-19,24.220,24.280,24.110,24.170,67862
ZCN,Ex:TSE | Src:Google,2021-01-20,24.270,24.270,24.110,24.250,80216
ZCN,Ex:TSE | Src:Google,2021-01-21,24.260,24.260,24.060,24.120,92856
ZCN,Ex:TSE | Src:Google,2021-01-22,23.970,24.050,23.950,24.010,70850
ZCN,Ex:TSE | Src:Google,2021-01-25,24.040,24.140,23.900,24.100,82953
ZCN,Ex:TSE | Src:Google,2021-01-26,24.180,24.180,23.940,23.940,101852
ZCN,Ex:TSE | Src:Google,2021-01-27,23.820,23.820,23.450,23.490,175465
ZCN,Ex:TSE | Src:Google,2021-01-28,23.670,23.860,23.640,23.800,97761
ZCN,Ex:TSE | Src:Google,2021-01-29,23.730,23.750,23.320,23.380,206265
ZCN,Ex:TSE | Src:Google,2021-02-01,23.640,23.880,23.580,23.830,100433
ZCN,Ex:TSE | Src:Google,2021-02-02,23.940,24.130,23.930,24.100,64208
ZCN,Ex:TSE | Src:Google,2021-02-03,24.140,24.150,24.030,24.150,55040
ZCN,Ex:TSE | Src:Google,2021-02-04,24.200,24.360,24.170,24.320,69903
ZCN,Ex:TSE | Src:Google,2021-02-05,24.420,24.470,24.370,24.450,62408
ZCN,Ex:TSE | Src:Google,2021-02-08,24.600,24.710,24.580,24.710,55359
ZCN,Ex:TSE | Src:Google,2021-02-09,24.760,24.830,24.720,24.810,280791
ZCN,Ex:TSE | Src:Google,2021-02-10,24.920,24.970,24.670,24.870,58951
ZCN,Ex:TSE | Src:Google,2021-02-11,24.920,24.930,24.770,24.800,84895
ZCN,Ex:TSE | Src:Google,2021-02-12,24.790,24.890,24.740,24.890,240920
ZCN,Ex:TSE | Src:Google,2021-02-16,25.010,25.060,24.890,24.930,138576
ZCN,Ex:TSE | Src:Google,2021-02-17,24.740,24.800,24.630,24.800,151661
ZCN,Ex:TSE | Src:Google,2021-02-18,24.740,24.760,24.580,24.650,150832
ZCN,Ex:TSE | Src:Google,2021-02-19,24.720,24.810,24.640,24.800,192251
ZCN,Ex:TSE | Src:Google,2021-02-22,24.750,24.910,24.750,24.860,101981
ZCN,Ex:TSE | Src:Google,2021-02-23,24.680,24.790,24.320,24.730,189444
ZCN,Ex:TSE | Src:Google,2021-02-24,24.750,25.020,24.620,24.960,114258
ZCN,Ex:TSE | Src:Google,2021-02-25,24.930,25.000,24.500,24.590,165918
ZCN,Ex:TSE | Src:Google,2021-02-26,24.580,24.610,24.210,24.370,229628
ZCN,Ex:TSE | Src:Google,2021-03-01,24.670,24.790,24.640,24.720,186641
ZCN,Ex:TSE | Src:Google,2021-03-02,24.760,24.910,24.690,24.870,215641
ZCN,Ex:TSE | Src:Google,2021-03-03,24.870,24.910,24.650,24.740,124446
ZCN,Ex:TSE | Src:Google,2021-03-04,24.690,24.780,24.250,24.500,351422
ZCN,Ex:TSE | Src:Google,2021-03-05,24.660,24.850,24.320,24.830,231000
ZCN,Ex:TSE | Src:Google,2021-03-08,24.870,25.110,24.800,24.930,145081
ZCN,Ex:TSE | Src:Google,2021-03-09,25.090,25.280,25.070,25.140,119790
ZCN,Ex:TSE | Src:Google,2021-03-10,25.270,25.350,25.150,25.250,105478
ZCN,Ex:TSE | Src:Google,2021-03-11,25.440,25.510,25.380,25.470,106775
ZCN,Ex:TSE | Src:Google,2021-03-12,25.390,25.490,25.320,25.470,343057
ZCN,Ex:TSE | Src:Google,2021-03-15,25.570,25.630,25.430,25.630,112926
ZCN,Ex:TSE | Src:Google,2021-03-16,25.650,25.650,25.490,25.520,165389
ZCN,Ex:TSE | Src:Google,2021-03-17,25.490,25.740,25.440,25.670,132251
ZCN,Ex:TSE | Src:Google,2021-03-18,25.590,25.680,25.450,25.470,87836
ZCN,Ex:TSE | Src:Google,2021-03-19,25.470,25.540,25.320,25.480,109718
ZCN,Ex:TSE | Src:Google,2021-03-22,25.450,25.500,25.390,25.450,114270
ZCN,Ex:TSE | Src:Google,2021-03-23,25.410,25.430,25.210,25.240,58386
ZCN,Ex:TSE | Src:Google,2021-03-24,25.360,25.410,25.200,25.200,89180
ZCN,Ex:TSE | Src:Google,2021-03-25,25.100,25.260,24.980,25.230,124837
ZCN,Ex:TSE | Src:Google,2021-03-26,25.280,25.390,25.160,25.380,317268
ZCN,Ex:TSE | Src:Google,2021-03-29,25.130,25.190,25.000,25.150,90425
ZCN,Ex:TSE | Src:Google,2021-03-30,25.060,25.170,25.020,25.130,80199
ZCN,Ex:TSE | Src:Google,2021-03-31,25.190,25.250,25.140,25.150,133343
ZCN,Ex:TSE | Src:Google,2021-04-01,25.310,25.530,25.290,25.510,121323
ZCN,Ex:TSE | Src:Google,2021-04-05,25.640,25.650,25.580,25.600,151372
ZCN,Ex:TSE | Src:Google,2021-04-06,25.660,25.750,25.640,25.680,108865
ZCN,Ex:TSE | Src:Google,2021-04-07,25.720,25.760,25.680,25.730,84235
ZCN,Ex:TSE | Src:Google,2021-04-08,25.770,25.870,25.690,25.860,52341
ZCN,Ex:TSE | Src:Google,2021-04-09,25.820,25.850,25.780,25.850,264434
ZCN,Ex:TSE | Src:Google,2021-04-12,25.850,25.900,25.780,25.830,297043
ZCN,Ex:TSE | Src:Google,2021-04-13,25.900,25.910,25.810,25.830,61348
ZCN,Ex:TSE | Src:Google,2021-04-14,25.900,25.980,25.780,25.790,81295
ZCN,Ex:TSE | Src:Google,2021-04-15,25.900,26.010,25.900,25.990,146631
ZCN,Ex:TSE | Src:Google,2021-04-16,26.070,26.070,25.980,26.030,797798
ZCN,Ex:TSE | Src:Google,2021-04-19,26.020,26.040,25.800,25.830,77454
ZCN,Ex:TSE | Src:Google,2021-04-20,25.700,25.750,25.520,25.620,208052
ZCN,Ex:TSE | Src:Google,2021-04-21,25.610,25.780,25.610,25.770,81819
ZCN,Ex:TSE | Src:Google,2021-04-22,25.770,25.770,25.560,25.620,118923
ZCN,Ex:TSE | Src:Google,2021-04-23,25.660,25.740,25.620,25.710,77613
ZCN,Ex:TSE | Src:Google,2021-04-26,25.720,25.820,25.720,25.810,67104
ZCN,Ex:TSE | Src:Google,2021-04-27,25.820,25.900,25.740,25.810,82890
ZCN,Ex:TSE | Src:Google,2021-04-28,25.900,26.110,25.890,26.050,86712
ZCN,Ex:TSE | Src:Google,2021-04-29,26.170,26.170,25.890,25.930,49578
ZCN,Ex:TSE | Src:Google,2021-04-30,25.840,25.870,25.710,25.720,114036
ZCN,Ex:TSE | Src:Google,2021-05-03,25.920,25.950,25.870,25.870,99109
ZCN,Ex:TSE | Src:Google,2021-05-04,25.890,25.890,25.670,25.840,116614
ZCN,Ex:TSE | Src:Google,2021-05-05,25.970,26.040,25.890,26.010,73081
ZCN,Ex:TSE | Src:Google,2021-05-06,26.020,26.020,25.860,25.990,92680
ZCN,Ex:TSE | Src:Google,2021-05-07,26.020,26.240,26.020,26.220,124065
ZCN,Ex:TSE | Src:Google,2021-05-10,26.280,26.280,26.080,26.080,249220
ZCN,Ex:TSE | Src:Google,2021-05-11,25.780,25.980,25.710,25.960,246960
ZCN,Ex:TSE | Src:Google,2021-05-12,25.870,25.920,25.680,25.730,128274
ZCN,Ex:TSE | Src:Google,2021-05-13,25.740,25.880,25.700,25.800,75576
ZCN,Ex:TSE | Src:Google,2021-05-14,25.880,26.140,25.880,26.100,82176
ZCN,Ex:TSE | Src:Google,2021-05-17,26.070,26.250,26.050,26.240,108388
ZCN,Ex:TSE | Src:Google,2021-05-18,26.260,26.360,26.170,26.290,123562
ZCN,Ex:TSE | Src:Google,2021-05-19,26.020,26.190,25.920,26.170,132273
ZCN,Ex:TSE | Src:Google,2021-05-20,26.200,26.400,26.190,26.360,72413
ZCN,Ex:TSE | Src:Google,2021-05-21,26.450,26.450,26.310,26.340,66096
ZCN,Ex:TSE | Src:Google,2021-05-25,26.500,26.530,26.370,26.390,62189
ZCN,Ex:TSE | Src:Google,2021-05-26,26.500,26.640,26.490,26.620,314162
ZCN,Ex:TSE | Src:Google,2021-05-27,26.670,26.750,26.650,26.690,74826
ZCN,Ex:TSE | Src:Google,2021-05-28,26.820,26.850,26.770,26.790,74531
ZCN,Ex:TSE | Src:Google,2021-05-31,26.860,26.900,26.590,26.620,83372
ZCN,Ex:TSE | Src:Google,2021-06-01,26.870,27.010,26.870,26.960,109884
ZCN,Ex:TSE | Src:Google,2021-06-02,27.040,27.060,26.910,26.950,120157
ZCN,Ex:TSE | Src:Google,2021-06-03,26.950,27.000,26.850,26.930,79234
ZCN,Ex:TSE | Src:Google,2021-06-04,27.020,27.030,26.960,27.030,65263
ZCN,Ex:TSE | Src:Google,2021-06-07,27.070,27.090,26.980,27.040,229555
ZCN,Ex:TSE | Src:Google,2021-06-08,27.070,27.130,27.020,27.090,40405
ZCN,Ex:TSE | Src:Google,2021-06-09,27.070,27.070,26.950,27.010,49445
ZCN,Ex:TSE | Src:Google,2021-06-10,27.110,27.110,26.980,27.050,117927
ZCN,Ex:TSE | Src:Google,2021-06-11,27.140,27.200,27.100,27.180,118613
ZCN,Ex:TSE | Src:Google,2021-06-14,27.150,27.230,27.150,27.230,52791
ZCN,Ex:TSE | Src:Google,2021-06-15,27.290,27.360,27.280,27.310,107566
ZCN,Ex:TSE | Src:Google,2021-06-16,27.330,27.410,27.280,27.330,65713
ZCN,Ex:TSE | Src:Google,2021-06-17,27.290,27.340,27.130,27.220,71856
ZCN,Ex:TSE | Src:Google,2021-06-18,27.000,27.170,27.000,27.030,866008
ZCN,Ex:TSE | Src:Google,2021-06-21,27.110,27.320,27.050,27.250,84410
ZCN,Ex:TSE | Src:Google,2021-06-22,27.290,27.340,27.170,27.310,74909
ZCN,Ex:TSE | Src:Google,2021-06-23,27.340,27.340,27.230,27.240,53775
ZCN,Ex:TSE | Src:Google,2021-06-24,27.360,27.360,27.270,27.320,43316
ZCN,Ex:TSE | Src:Google,2021-06-25,27.340,27.350,27.230,27.340,95021
ZCN,Ex:TSE | Src:Google,2021-06-28,27.210,27.210,26.990,27.040,113659
ZCN,Ex:TSE | Src:Google,2021-06-29,27.100,27.160,27.070,27.100,85651
ZCN,Ex:TSE | Src:Google,2021-06-30,27.080,27.100,26.990,27.080,70989
ZCN,Ex:TSE | Src:Google,2021-07-02,27.330,27.330,27.120,27.170,109103
ZCN,Ex:TSE | Src:Google,2021-07-05,27.190,27.270,27.170,27.260,46310
ZCN,Ex:TSE | Src:Google,2021-07-06,27.300,27.300,27.120,27.280,56969
ZCN,Ex:TSE | Src:Google,2021-07-07,27.290,27.360,27.190,27.260,70445
ZCN,Ex:TSE | Src:Google,2021-07-08,27.030,27.030,26.870,26.960,120207
ZCN,Ex:TSE | Src:Google,2021-07-09,27.070,27.240,27.070,27.230,63593
ZCN,Ex:TSE | Src:Google,2021-07-12,27.270,27.270,27.200,27.200,41416
ZCN,Ex:TSE | Src:Google,2021-07-13,27.260,27.310,27.230,27.260,55342
ZCN,Ex:TSE | Src:Google,2021-07-14,27.280,27.310,27.070,27.100,72273
ZCN,Ex:TSE | Src:Google,2021-07-15,27.070,27.180,27.020,27.130,62918
ZCN,Ex:TSE | Src:Google,2021-07-16,27.170,27.170,26.860,26.870,76217
ZCN,Ex:TSE | Src:Google,2021-07-19,26.620,26.630,26.380,26.540,154243
ZCN,Ex:TSE | Src:Google,2021-07-20,26.580,26.850,26.510,26.810,295997
ZCN,Ex:TSE | Src:Google,2021-07-21,26.900,27.080,26.890,27.030,55934
ZCN,Ex:TSE | Src:Google,2021-07-22,27.030,27.050,26.950,27.030,58697
ZCN,Ex:TSE | Src:Google,2021-07-23,27.120,27.170,27.110,27.170,48425
ZCN,Ex:TSE | Src:Google,2021-07-26,27.160,27.180,27.080,27.110,69851
ZCN,Ex:TSE | Src:Google,2021-07-27,27.100,27.140,27.020,27.130,82661
ZCN,Ex:TSE | Src:Google,2021-07-28,27.180,27.230,27.110,27.210,63439
ZCN,Ex:TSE | Src:Google,2021-07-29,27.280,27.390,27.280,27.330,55790
ZCN,Ex:TSE | Src:Google,2021-07-30,27.220,27.310,27.200,27.310,71582
ZCN,Ex:TSE | Src:Google,2021-08-03,27.350,27.430,27.260,27.410,155142
ZCN,Ex:TSE | Src:Google,2021-08-04,27.370,27.490,27.350,27.350,47597
ZCN,Ex:TSE | Src:Google,2021-08-05,27.410,27.480,27.400,27.420,44924
ZCN,Ex:TSE | Src:Google,2021-08-06,27.440,27.590,27.440,27.560,105206
ZCN,Ex:TSE | Src:Google,2021-08-09,27.480,27.510,27.410,27.500,34688
ZCN,Ex:TSE | Src:Google,2021-08-10,27.540,27.640,27.540,27.580,43218
ZCN,Ex:TSE | Src:Google,2021-08-11,27.630,27.680,27.580,27.650,102419
ZCN,Ex:TSE | Src:Google,2021-08-12,27.680,27.680,27.500,27.640,37311
ZCN,Ex:TSE | Src:Google,2021-08-13,27.670,27.690,27.610,27.630,53174
ZCN,Ex:TSE | Src:Google,2021-08-16,27.560,27.600,27.500,27.570,39276
ZCN,Ex:TSE | Src:Google,2021-08-17,27.510,27.510,27.310,27.420,76829
ZCN,Ex:TSE | Src:Google,2021-08-18,27.400,27.450,27.350,27.350,33933
ZCN,Ex:TSE | Src:Google,2021-08-19,27.190,27.270,27.090,27.230,80581
ZCN,Ex:TSE | Src:Google,2021-08-20,27.240,27.420,27.230,27.400,120772
ZCN,Ex:TSE | Src:Google,2021-08-23,27.500,27.590,27.470,27.580,54748
ZCN,Ex:TSE | Src:Google,2021-08-24,27.640,27.730,27.620,27.690,44099
ZCN,Ex:TSE | Src:Google,2021-08-25,27.720,27.770,27.680,27.740,33077
ZCN,Ex:TSE | Src:Google,2021-08-26,27.730,27.740,27.620,27.630,133306
ZCN,Ex:TSE | Src:Google,2021-08-27,27.690,27.840,27.690,27.810,61690
ZCN,Ex:TSE | Src:Google,2021-08-30,27.810,27.820,27.710,27.760,72044
ZCN,Ex:TSE | Src:Google,2021-08-31,27.770,27.900,27.730,27.730,125252
ZCN,Ex:TSE | Src:Google,2021-09-01,27.800,27.930,27.770,27.890,87287
ZCN,Ex:TSE | Src:Google,2021-09-02,27.950,28.070,27.950,28.050,73742
ZCN,Ex:TSE | Src:Google,2021-09-03,28.090,28.110,28.040,28.080,32743
ZCN,Ex:TSE | Src:Google,2021-09-07,28.130,28.160,28.060,28.070,58254
ZCN,Ex:TSE | Src:Google,2021-09-08,28.060,28.130,27.970,27.980,75767
ZCN,Ex:TSE | Src:Google,2021-09-09,27.940,28.020,27.910,27.930,106035
ZCN,Ex:TSE | Src:Google,2021-09-10,28.000,28.000,27.830,27.830,73420
ZCN,Ex:TSE | Src:Google,2021-09-13,28.000,28.000,27.830,27.880,64670
ZCN,Ex:TSE | Src:Google,2021-09-14,27.880,27.900,27.710,27.750,55158
ZCN,Ex:TSE | Src:Google,2021-09-15,27.800,27.950,27.770,27.930,91046
ZCN,Ex:TSE | Src:Google,2021-09-16,27.890,27.890,27.750,27.810,60220
ZCN,Ex:TSE | Src:Google,2021-09-17,27.670,27.710,27.600,27.650,148793
ZCN,Ex:TSE | Src:Google,2021-09-20,27.340,27.390,26.980,27.220,125355
ZCN,Ex:TSE | Src:Google,2021-09-21,27.360,27.450,27.280,27.330,52906
ZCN,Ex:TSE | Src:Google,2021-09-22,27.500,27.620,27.500,27.550,141820
ZCN,Ex:TSE | Src:Google,2021-09-23,27.580,27.690,27.580,27.630,45323
ZCN,Ex:TSE | Src:Google,2021-09-24,27.560,27.590,27.530,27.550,113551
ZCN,Ex:TSE | Src:Google,2021-09-27,27.610,27.680,27.590,27.640,61354
ZCN,Ex:TSE | Src:Google,2021-09-28,27.350,27.350,27.020,27.090,55163
ZCN,Ex:TSE | Src:Google,2021-09-29,27.150,27.210,27.060,27.060,53544
ZCN,Ex:TSE | Src:Google,2021-09-30,27.100,27.150,26.920,26.920,87211
ZCN,Ex:TSE | Src:Google,2021-10-01,27.000,27.120,26.790,27.050,87439
ZCN,Ex:TSE | Src:Google,2021-10-04,26.990,27.050,26.820,26.930,51074
ZCN,Ex:TSE | Src:Google,2021-10-05,27.000,27.150,26.950,27.100,41635
ZCN,Ex:TSE | Src:Google,2021-10-06,26.940,27.120,26.890,27.120,41936
ZCN,Ex:TSE | Src:Google,2021-10-07,27.260,27.490,27.260,27.430,55361
ZCN,Ex:TSE | Src:Google,2021-10-08,27.480,27.550,27.440,27.440,75232
ZCN,Ex:TSE | Src:Google,2021-10-12,27.430,27.500,27.370,27.470,122165
ZCN,Ex:TSE | Src:Google,2021-10-13,27.500,27.710,27.450,27.700,30223
ZCN,Ex:TSE | Src:Google,2021-10-14,27.880,27.990,27.870,27.970,27677
ZCN,Ex:TSE | Src:Google,2021-10-15,28.060,28.160,28.020,28.110,358817
ZCN,Ex:TSE | Src:Google,2021-10-18,28.100,28.180,28.050,28.180,96983
ZCN,Ex:TSE | Src:Google,2021-10-19,28.290,28.330,28.240,28.320,46667
ZCN,Ex:TSE | Src:Google,2021-10-20,28.350,28.470,28.330,28.460,52245
ZCN,Ex:TSE | Src:Google,2021-10-21,28.390,28.510,28.390,28.500,32506
ZCN,Ex:TSE | Src:Google,2021-10-22,28.500,28.560,28.400,28.510,42060
ZCN,Ex:TSE | Src:Google,2021-10-25,28.590,28.640,28.510,28.610,41005
ZCN,Ex:TSE | Src:Google,2021-10-26,28.640,28.640,28.460,28.460,64676
ZCN,Ex:TSE | Src:Google,2021-10-27,28.450,28.450,28.170,28.170,57835
ZCN,Ex:TSE | Src:Google,2021-10-28,28.220,28.520,28.220,28.490,63972
ZCN,Ex:TSE | Src:Google,2021-10-29,28.370,28.440,28.300,28.300,40723
ZCN,Ex:TSE | Src:Google,2021-11-01,28.430,28.570,28.410,28.570,34784
ZCN,Ex:TSE | Src:Google,2021-11-02,28.560,28.560,28.460,28.480,43302
ZCN,Ex:TSE | Src:Google,2021-11-03,28.450,28.620,28.450,28.600,46732
ZCN,Ex:TSE | Src:Google,2021-11-04,28.720,28.760,28.620,28.700,36370
ZCN,Ex:TSE | Src:Google,2021-11-05,28.790,28.870,28.790,28.850,89770
ZCN,Ex:TSE | Src:Google,2021-11-08,28.990,29.020,28.950,28.990,89749
ZCN,Ex:TSE | Src:Google,2021-11-09,29.010,29.040,28.870,29.040,42973
ZCN,Ex:TSE | Src:Google,2021-11-10,29.020,29.030,28.840,28.860,36402
ZCN,Ex:TSE | Src:Google,2021-11-11,29.040,29.070,29.000,29.020,45964
ZCN,Ex:TSE | Src:Google,2021-11-12,29.050,29.300,29.050,29.300,35219
ZCN,Ex:TSE | Src:Google,2021-11-15,29.260,29.280,29.150,29.180,42494
ZCN,Ex:TSE | Src:Google,2021-11-16,29.230,29.310,29.200,29.220,64558
ZCN,Ex:TSE | Src:Google,2021-11-17,29.220,29.250,29.110,29.140,39283
ZCN,Ex:TSE | Src:Google,2021-11-18,29.140,29.150,29.030,29.110,60286
ZCN,Ex:TSE | Src:Google,2021-11-19,29.100,29.100,28.970,28.980,135659
ZCN,Ex:TSE | Src:Google,2021-11-22,29.060,29.070,28.830,28.840,37903
ZCN,Ex:TSE | Src:Google,2021-11-23,28.830,28.970,28.750,28.880,69376
ZCN,Ex:TSE | Src:Google,2021-11-24,28.780,29.010,28.720,29.010,26807
ZCN,Ex:TSE | Src:Google,2021-11-25,29.060,29.140,29.040,29.100,40345
ZCN,Ex:TSE | Src:Google,2021-11-26,28.680,28.680,28.400,28.450,80357
ZCN,Ex:TSE | Src:Google,2021-11-29,28.700,28.700,28.340,28.470,102240
ZCN,Ex:TSE | Src:Google,2021-11-30,28.370,28.410,27.850,27.880,112768
ZCN,Ex:TSE | Src:Google,2021-12-01,28.190,28.300,27.560,27.580,125400
ZCN,Ex:TSE | Src:Google,2021-12-02,27.620,28.060,27.600,27.990,458418
ZCN,Ex:TSE | Src:Google,2021-12-03,28.040,28.040,27.620,27.810,124919
ZCN,Ex:TSE | Src:Google,2021-12-06,27.890,28.150,27.750,28.130,135824
ZCN,Ex:TSE | Src:Google,2021-12-07,28.350,28.600,28.350,28.520,49436
ZCN,Ex:TSE | Src:Google,2021-12-08,28.480,28.480,28.360,28.410,64070
ZCN,Ex:TSE | Src:Google,2021-12-09,28.300,28.340,28.180,28.220,28277
ZCN,Ex:TSE | Src:Google,2021-12-10,28.350,28.350,28.110,28.160,35465
ZCN,Ex:TSE | Src:Google,2021-12-13,28.150,28.160,27.890,27.960,69646
ZCN,Ex:TSE | Src:Google,2021-12-14,27.790,28.010,27.750,27.880,48105
ZCN,Ex:TSE | Src:Google,2021-12-15,27.850,28.030,27.690,28.020,51805
ZCN,Ex:TSE | Src:Google,2021-12-16,28.190,28.280,27.950,27.980,44091
ZCN,Ex:TSE | Src:Google,2021-12-17,27.680,28.140,27.680,27.970,81480
ZCN,Ex:TSE | Src:Google,2021-12-20,27.670,27.720,27.500,27.710,111508
ZCN,Ex:TSE | Src:Google,2021-12-21,27.940,28.260,27.900,28.240,133434
ZCN,Ex:TSE | Src:Google,2021-12-22,28.190,28.430,28.180,28.430,89453
ZCN,Ex:TSE | Src:Google,2021-12-23,28.500,28.700,28.500,28.640,117194
ZCN,Ex:TSE | Src:Google,2021-12-24,28.640,28.700,28.640,28.670,30936
ZCN,Ex:TSE | Src:Google,2021-12-29,28.630,28.700,28.540,28.590,116258
ZCN,Ex:TSE | Src:Google,2021-12-30,28.600,28.730,28.560,28.560,52293
ZCN,Ex:TSE | Src:Google,2021-12-31,28.500,28.540,28.400,28.470,85811
ZCN,Ex:TSE | Src:Google,2022-01-04,28.730,28.800,28.470,28.490,143131
ZCN,Ex:TSE | Src:Google,2022-01-05,28.530,28.600,28.230,28.230,63610
ZCN,Ex:TSE | Src:Google,2022-01-06,28.260,28.360,28.090,28.270,70631
ZCN,Ex:TSE | Src:Google,2022-01-07,28.280,28.330,28.110,28.300,71404
ZCN,Ex:TSE | Src:Google,2022-01-10,28.230,28.280,27.900,28.280,85693
ZCN,Ex:TSE | Src:Google,2022-01-11,28.250,28.560,28.200,28.550,80269
ZCN,Ex:TSE | Src:Google,2022-01-12,28.640,28.790,28.580,28.720,70394
ZCN,Ex:TSE | Src:Google,2022-01-13,28.740,28.810,28.560,28.600,77815
ZCN,Ex:TSE | Src:Google,2022-01-14,28.450,28.670,28.380,28.670,101623
ZCN,Ex:TSE | Src:Google,2022-01-17,28.690,28.920,28.690,28.910,55523
ZCN,Ex:TSE | Src:Google,2022-01-18,28.710,28.710,28.450,28.550,104806
ZCN,Ex:TSE | Src:Google,2022-01-19,28.640,28.660,28.400,28.460,73893
ZCN,Ex:TSE | Src:Google,2022-01-20,28.490,28.680,28.250,28.270,57880
ZCN,Ex:TSE | Src:Google,2022-01-21,28.110,28.110,27.560,27.670,151607
ZCN,Ex:TSE | Src:Google,2022-01-24,27.230,27.620,26.730,27.610,363722
ZCN,Ex:TSE | Src:Google,2022-01-25,27.340,27.850,27.050,27.640,211277
ZCN,Ex:TSE | Src:Google,2022-01-26,27.900,28.120,27.530,27.670,235317
ZCN,Ex:TSE | Src:Google,2022-01-27,27.890,28.000,27.550,27.590,217211
ZCN,Ex:TSE | Src:Google,2022-01-28,27.570,27.870,27.440,27.870,88973
ZCN,Ex:TSE | Src:Google,2022-01-31,27.840,28.360,27.840,28.340,86748
ZCN,Ex:TSE | Src:Google,2022-02-01,28.460,28.650,28.310,28.640,81152
ZCN,Ex:TSE | Src:Google,2022-02-02,28.720,28.770,28.610,28.700,90879
ZCN,Ex:TSE | Src:Google,2022-02-03,28.440,28.530,28.330,28.350,141840
ZCN,Ex:TSE | Src:Google,2022-02-04,28.430,28.670,28.430,28.580,52468
ZCN,Ex:TSE | Src:Google,2022-02-07,28.550,28.640,28.440,28.530,59719
ZCN,Ex:TSE | Src:Google,2022-02-08,28.560,28.760,28.500,28.730,52018
ZCN,Ex:TSE | Src:Google,2022-02-09,28.940,29.090,28.920,29.010,54897
ZCN,Ex:TSE | Src:Google,2022-02-10,28.930,29.270,28.880,28.940,76875
ZCN,Ex:TSE | Src:Google,2022-02-11,28.960,29.110,28.820,28.960,151617
ZCN,Ex:TSE | Src:Google,2022-02-14,28.900,28.900,28.620,28.720,109294
ZCN,Ex:TSE | Src:Google,2022-02-15,28.760,28.920,28.760,28.900,58645
ZCN,Ex:TSE | Src:Google,2022-02-16,28.720,28.870,28.700,28.780,67059
ZCN,Ex:TSE | Src:Google,2022-02-17,28.730,28.760,28.460,28.480,80324
ZCN,Ex:TSE | Src:Google,2022-02-18,28.480,28.500,28.250,28.250,85922
ZCN,Ex:TSE | Src:Google,2022-02-22,28.190,28.250,27.890,28.120,217853
ZCN,Ex:TSE | Src:Google,2022-02-23,28.210,28.240,27.870,27.890,93724
ZCN,Ex:TSE | Src:Google,2022-02-24,27.460,27.940,27.410,27.920,127900
ZCN,Ex:TSE | Src:Google,2022-02-25,28.020,28.420,27.970,28.410,157439
ZCN,Ex:TSE | Src:Google,2022-02-28,28.230,28.440,28.200,28.430,126626
ZCN,Ex:TSE | Src:Google,2022-03-01,28.470,28.550,28.150,28.270,102078
ZCN,Ex:TSE | Src:Google,2022-03-02,28.370,28.670,28.370,28.610,103657
ZCN,Ex:TSE | Src:Google,2022-03-03,28.640,28.720,28.550,28.620,77209
ZCN,Ex:TSE | Src:Google,2022-03-04,28.550,28.820,28.550,28.810,83617
ZCN,Ex:TSE | Src:Google,2022-03-07,28.890,29.040,28.680,28.680,119785
ZCN,Ex:TSE | Src:Google,2022-03-08,28.720,28.940,28.580,28.610,176078
ZCN,Ex:TSE | Src:Google,2022-03-09,28.670,29.010,28.610,28.950,74774
ZCN,Ex:TSE | Src:Google,2022-03-10,28.800,29.070,28.790,29.070,43401
ZCN,Ex:TSE | Src:Google,2022-03-11,29.010,29.110,28.900,28.900,81682
ZCN,Ex:TSE | Src:Google,2022-03-14,28.850,28.850,28.470,28.550,89823
ZCN,Ex:TSE | Src:Google,2022-03-15,28.360,28.560,28.260,28.550,99748
ZCN,Ex:TSE | Src:Google,2022-03-16,28.710,28.950,28.570,28.910,105113
ZCN,Ex:TSE | Src:Google,2022-03-17,29.010,29.330,29.000,29.330,152012
ZCN,Ex:TSE | Src:Google,2022-03-18,29.260,29.490,29.250,29.420,105287
ZCN,Ex:TSE | Src:Google,2022-03-21,29.560,29.690,29.550,29.650,100163
ZCN,Ex:TSE | Src:Google,2022-03-22,29.770,29.860,29.740,29.770,187809
ZCN,Ex:TSE | Src:Google,2022-03-23,29.780,29.790,29.550,29.550,55163
ZCN,Ex:TSE | Src:Google,2022-03-24,29.680,29.690,29.490,29.590,52302
ZCN,Ex:TSE | Src:Google,2022-03-25,29.610,29.700,29.540,29.690,43395
ZCN,Ex:TSE | Src:Google,2022-03-28,29.600,29.660,29.520,29.660,103653
ZCN,Ex:TSE | Src:Google,2022-03-29,29.450,29.600,29.340,29.570,67082
ZCN,Ex:TSE | Src:Google,2022-03-30,29.570,29.640,29.520,29.590,55126
ZCN,Ex:TSE | Src:Google,2022-03-31,29.630,29.740,29.370,29.390,87183
ZCN,Ex:TSE | Src:Google,2022-04-01,29.470,29.520,29.280,29.420,70124
ZCN,Ex:TSE | Src:Google,2022-04-04,29.490,29.610,29.430,29.600,47563
ZCN,Ex:TSE | Src:Google,2022-04-05,29.580,29.780,29.390,29.420,125262
ZCN,Ex:TSE | Src:Google,2022-04-06,29.310,29.320,29.100,29.220,131785
ZCN,Ex:TSE | Src:Google,2022-04-07,29.230,29.310,29.020,29.270,84298
ZCN,Ex:TSE | Src:Google,2022-04-08,29.340,29.450,29.280,29.350,64492
ZCN,Ex:TSE | Src:Google,2022-04-11,29.310,29.360,29.170,29.220,112183
ZCN,Ex:TSE | Src:Google,2022-04-12,29.390,29.430,29.110,29.140,71068
ZCN,Ex:TSE | Src:Google,2022-04-13,29.230,29.360,29.170,29.320,65042
ZCN,Ex:TSE | Src:Google,2022-04-14,29.320,29.430,29.320,29.320,72978
ZCN,Ex:TSE | Src:Google,2022-04-18,29.350,29.460,29.320,29.340,60809
ZCN,Ex:TSE | Src:Google,2022-04-19,29.330,29.560,29.300,29.530,32782
ZCN,Ex:TSE | Src:Google,2022-04-20,29.520,29.600,29.440,29.520,89332
ZCN,Ex:TSE | Src:Google,2022-04-21,29.660,29.670,29.000,29.070,259252
ZCN,Ex:TSE | Src:Google,2022-04-22,28.940,28.990,28.430,28.450,210975
ZCN,Ex:TSE | Src:Google,2022-04-25,28.110,28.280,27.750,28.220,172633
ZCN,Ex:TSE | Src:Google,2022-04-26,28.210,28.210,27.780,27.780,145741
ZCN,Ex:TSE | Src:Google,2022-04-27,27.850,27.980,27.690,27.850,103833
ZCN,Ex:TSE | Src:Google,2022-04-28,28.070,28.470,27.950,28.360,119502
ZCN,Ex:TSE | Src:Google,2022-04-29,28.280,28.430,27.880,27.880,115649
ZCN,Ex:TSE | Src:Google,2022-05-02,27.820,27.880,27.480,27.800,174126
ZCN,Ex:TSE | Src:Google,2022-05-03,27.850,28.240,27.850,28.080,100032
ZCN,Ex:TSE | Src:Google,2022-05-04,28.160,28.490,27.950,28.470,90913
ZCN,Ex:TSE | Src:Google,2022-05-05,28.370,28.370,27.640,27.810,194089
ZCN,Ex:TSE | Src:Google,2022-05-06,27.730,27.810,27.430,27.710,293659
ZCN,Ex:TSE | Src:Google,2022-05-09,27.310,27.310,26.810,26.870,206012
ZCN,Ex:TSE | Src:Google,2022-05-10,27.090,27.230,26.510,26.730,399815
ZCN,Ex:TSE | Src:Google,2022-05-11,26.770,27.110,26.600,26.640,259270
ZCN,Ex:TSE | Src:Google,2022-05-12,26.440,26.590,26.200,26.470,185339
ZCN,Ex:TSE | Src:Google,2022-05-13,26.720,27.140,26.720,27.020,164296
ZCN,Ex:TSE | Src:Google,2022-05-16,27.020,27.300,26.970,27.170,176691
ZCN,Ex:TSE | Src:Google,2022-05-17,27.480,27.580,27.350,27.550,92921
ZCN,Ex:TSE | Src:Google,2022-05-18,27.510,27.510,26.950,26.990,101813
ZCN,Ex:TSE | Src:Google,2022-05-19,26.790,27.340,26.760,27.160,149268
ZCN,Ex:TSE | Src:Google,2022-05-20,27.310,27.350,26.830,27.140,173123
ZCN,Ex:TSE | Src:Google,2022-05-24,27.320,27.350,27.120,27.270,128416
ZCN,Ex:TSE | Src:Google,2022-05-25,27.260,27.500,27.260,27.430,75218
ZCN,Ex:TSE | Src:Google,2022-05-26,27.540,27.720,27.540,27.630,114580
ZCN,Ex:TSE | Src:Google,2022-05-27,27.700,27.950,27.700,27.930,125097
ZCN,Ex:TSE | Src:Google,2022-05-30,28.030,28.170,28.020,28.160,92035
ZCN,Ex:TSE | Src:Google,2022-05-31,28.060,28.100,27.860,27.900,127925
ZCN,Ex:TSE | Src:Google,2022-06-01,28.050,28.100,27.750,27.890,65687
ZCN,Ex:TSE | Src:Google,2022-06-02,27.890,28.320,27.890,28.320,90678
ZCN,Ex:TSE | Src:Google,2022-06-03,28.140,28.150,27.950,28.000,152067
ZCN,Ex:TSE | Src:Google,2022-06-06,28.150,28.180,28.000,28.030,64115
ZCN,Ex:TSE | Src:Google,2022-06-07,27.900,28.160,27.900,28.160,55086
ZCN,Ex:TSE | Src:Google,2022-06-08,28.110,28.170,27.920,28.010,76852
ZCN,Ex:TSE | Src:Google,2022-06-09,27.890,27.960,27.690,27.700,185458
ZCN,Ex:TSE | Src:Google,2022-06-10,27.450,27.470,27.210,27.320,137759
ZCN,Ex:TSE | Src:Google,2022-06-13,26.810,26.810,26.410,26.570,227849
ZCN,Ex:TSE | Src:Google,2022-06-14,26.730,26.730,26.200,26.360,361108
ZCN,Ex:TSE | Src:Google,2022-06-15,26.500,26.620,26.120,26.440,224791
ZCN,Ex:TSE | Src:Google,2022-06-16,26.000,26.040,25.560,25.620,286766
ZCN,Ex:TSE | Src:Google,2022-06-17,25.680,25.870,25.360,25.530,128430
ZCN,Ex:TSE | Src:Google,2022-06-20,25.610,25.870,25.610,25.850,51108
ZCN,Ex:TSE | Src:Google,2022-06-21,25.990,26.150,25.950,25.990,122916
ZCN,Ex:TSE | Src:Google,2022-06-22,25.540,25.810,25.480,25.620,314678
ZCN,Ex:TSE | Src:Google,2022-06-23,25.680,25.690,25.180,25.250,149035
ZCN,Ex:TSE | Src:Google,2022-06-24,25.410,25.750,25.410,25.720,86249
ZCN,Ex:TSE | Src:Google,2022-06-27,25.800,26.020,25.730,25.970,116091
ZCN,Ex:TSE | Src:Google,2022-06-28,25.990,26.100,25.640,25.720,78130
ZCN,Ex:TSE | Src:Google,2022-06-29,25.790,25.790,25.470,25.550,86368
ZCN,Ex:TSE | Src:Google,2022-06-30,25.240,25.300,25.010,25.290,115098
ZCN,Ex:TSE | Src:Google,2022-07-04,25.370,25.640,25.370,25.520,35337
ZCN,Ex:TSE | Src:Google,2022-07-05,25.230,25.320,24.830,25.230,177496
ZCN,Ex:TSE | Src:Google,2022-07-06,25.200,25.270,24.860,25.100,236768
ZCN,Ex:TSE | Src:Google,2022-07-07,25.310,25.580,25.310,25.560,88271
ZCN,Ex:TSE | Src:Google,2022-07-08,25.580,25.600,25.380,25.520,48215
ZCN,Ex:TSE | Src:Google,2022-07-11,25.360,25.410,25.200,25.230,58777
ZCN,Ex:TSE | Src:Google,2022-07-12,25.080,25.210,24.980,25.060,112775
ZCN,Ex:TSE | Src:Google,2022-07-13,24.840,25.060,24.660,24.980,146076
ZCN,Ex:TSE | Src:Google,2022-07-14,24.740,24.750,24.410,24.590,310280
ZCN,Ex:TSE | Src:Google,2022-07-15,24.800,24.800,24.560,24.630,114900
ZCN,Ex:TSE | Src:Google,2022-07-18,24.920,25.120,24.910,24.940,82399
ZCN,Ex:TSE | Src:Google,2022-07-19,25.120,25.410,25.120,25.400,83364
ZCN,Ex:TSE | Src:Google,2022-07-20,25.380,25.560,25.280,25.510,204894
ZCN,Ex:TSE | Src:Google,2022-07-21,25.410,25.570,25.320,25.570,88925
ZCN,Ex:TSE | Src:Google,2022-07-22,25.600,25.680,25.380,25.470,110134
ZCN,Ex:TSE | Src:Google,2022-07-25,25.520,25.660,25.460,25.620,90989
ZCN,Ex:TSE | Src:Google,2022-07-26,25.580,25.640,25.420,25.470,35739
ZCN,Ex:TSE | Src:Google,2022-07-27,25.580,25.920,25.580,25.860,154909
ZCN,Ex:TSE | Src:Google,2022-07-28,25.980,26.140,25.800,26.130,113285
ZCN,Ex:TSE | Src:Google,2022-07-29,26.230,26.500,26.230,26.440,78431
ZCN,Ex:TSE | Src:Google,2022-08-02,26.270,26.410,26.170,26.200,119208
ZCN,Ex:TSE | Src:Google,2022-08-03,26.320,26.320,26.170,26.260,217328
ZCN,Ex:TSE | Src:Google,2022-08-04,26.290,26.340,26.250,26.300,76451
ZCN,Ex:TSE | Src:Google,2022-08-05,26.230,26.360,26.140,26.340,71232
ZCN,Ex:TSE | Src:Google,2022-08-08,26.410,26.550,26.390,26.450,70403
ZCN,Ex:TSE | Src:Google,2022-08-09,26.450,26.450,26.250,26.300,70921
ZCN,Ex:TSE | Src:Google,2022-08-10,26.550,26.740,26.490,26.690,276576
ZCN,Ex:TSE | Src:Google,2022-08-11,26.880,26.990,26.830,26.860,117382
ZCN,Ex:TSE | Src:Google,2022-08-12,26.940,27.130,26.930,27.120,50303
ZCN,Ex:TSE | Src:Google,2022-08-15,26.930,27.150,26.920,27.130,65365
ZCN,Ex:TSE | Src:Google,2022-08-16,27.110,27.270,27.100,27.250,67751
ZCN,Ex:TSE | Src:Google,2022-08-17,27.140,27.220,27.080,27.130,82656
ZCN,Ex:TSE | Src:Google,2022-08-18,27.210,27.330,27.190,27.250,82925
ZCN,Ex:TSE | Src:Google,2022-08-19,27.120,27.120,26.990,27.040,97066
ZCN,Ex:TSE | Src:Google,2022-08-22,26.790,26.870,26.680,26.870,123755
ZCN,Ex:TSE | Src:Google,2022-08-23,26.870,27.010,26.860,26.880,68988
ZCN,Ex:TSE | Src:Google,2022-08-24,26.840,26.970,26.840,26.940,50361
ZCN,Ex:TSE | Src:Google,2022-08-25,27.070,27.150,27.020,27.130,48477
ZCN,Ex:TSE | Src:Google,2022-08-26,27.180,27.180,26.720,26.730,73406
ZCN,Ex:TSE | Src:Google,2022-08-29,26.550,26.750,26.500,26.690,91916
ZCN,Ex:TSE | Src:Google,2022-08-30,26.640,26.690,26.230,26.270,106296
ZCN,Ex:TSE | Src:Google,2022-08-31,26.190,26.250,26.050,26.060,107916
ZCN,Ex:TSE | Src:Google,2022-09-01,25.840,25.850,25.580,25.780,91715
ZCN,Ex:TSE | Src:Google,2022-09-02,26.050,26.220,25.880,25.950,93947
ZCN,Ex:TSE | Src:Google,2022-09-06,26.050,26.090,25.670,25.700,426451
ZCN,Ex:TSE | Src:Google,2022-09-07,25.620,25.940,25.580,25.910,112971
ZCN,Ex:TSE | Src:Google,2022-09-08,25.860,26.150,25.820,26.150,77615
ZCN,Ex:TSE | Src:Google,2022-09-09,26.370,26.650,26.360,26.640,94485
ZCN,Ex:TSE | Src:Google,2022-09-12,26.840,26.980,26.790,26.920,131065
ZCN,Ex:TSE | Src:Google,2022-09-13,26.560,26.730,26.410,26.470,118423
ZCN,Ex:TSE | Src:Google,2022-09-14,26.540,26.690,26.500,26.590,79088
ZCN,Ex:TSE | Src:Google,2022-09-15,26.470,26.650,26.320,26.370,69474
ZCN,Ex:TSE | Src:Google,2022-09-16,26.150,26.170,26.000,26.140,588818
ZCN,Ex:TSE | Src:Google,2022-09-19,25.890,26.380,25.890,26.370,133185
ZCN,Ex:TSE | Src:Google,2022-09-20,26.310,26.310,25.980,26.120,185822
ZCN,Ex:TSE | Src:Google,2022-09-21,26.260,26.290,25.900,25.900,138834
ZCN,Ex:TSE | Src:Google,2022-09-22,25.960,25.990,25.620,25.650,123483
ZCN,Ex:TSE | Src:Google,2022-09-23,25.270,25.270,24.790,24.940,357527
ZCN,Ex:TSE | Src:Google,2022-09-26,24.840,25.100,24.650,24.780,220389
ZCN,Ex:TSE | Src:Google,2022-09-27,24.950,25.030,24.630,24.700,279201
ZCN,Ex:TSE | Src:Google,2022-09-28,24.520,25.050,24.430,24.970,192342
ZCN,Ex:TSE | Src:Google,2022-09-29,24.840,24.840,24.460,24.700,131487
ZCN,Ex:TSE | Src:Google,2022-09-30,24.710,25.010,24.640,24.710,146662
ZCN,Ex:TSE | Src:Google,2022-10-03,24.960,25.400,24.960,25.300,125332
ZCN,Ex:TSE | Src:Google,2022-10-04,25.700,26.000,25.700,25.960,145394
ZCN,Ex:TSE | Src:Google,2022-10-05,25.770,25.860,25.610,25.780,117756
ZCN,Ex:TSE | Src:Google,2022-10-06,25.710,25.730,25.360,25.450,168786
ZCN,Ex:TSE | Src:Google,2022-10-07,25.260,25.260,24.840,24.910,177655
ZCN,Ex:TSE | Src:Google,2022-10-11,24.610,24.690,24.390,24.430,132229
ZCN,Ex:TSE | Src:Google,2022-10-12,24.390,24.490,24.280,24.410,117949
ZCN,Ex:TSE | Src:Google,2022-10-13,24.070,25.000,23.980,24.960,299087
ZCN,Ex:TSE | Src:Google,2022-10-14,25.060,25.160,24.570,24.570,182752
ZCN,Ex:TSE | Src:Google,2022-10-17,24.900,25.140,24.900,24.960,126468
ZCN,Ex:TSE | Src:Google,2022-10-18,25.330,25.350,25.040,25.210,111529
ZCN,Ex:TSE | Src:Google,2022-10-19,25.100,25.130,24.910,25.020,70840
ZCN,Ex:TSE | Src:Google,2022-10-20,25.070,25.250,24.850,24.860,111195
ZCN,Ex:TSE | Src:Google,2022-10-21,24.890,25.310,24.820,25.270,153183
ZCN,Ex:TSE | Src:Google,2022-10-24,25.360,25.420,25.220,25.380,169652
ZCN,Ex:TSE | Src:Google,2022-10-25,25.300,25.620,25.300,25.620,56557
ZCN,Ex:TSE | Src:Google,2022-10-26,25.610,26.070,25.610,25.870,89963
ZCN,Ex:TSE | Src:Google,2022-10-27,26.010,26.190,25.920,25.960,158547
ZCN,Ex:TSE | Src:Google,2022-10-28,25.980,26.130,25.880,26.130,135922
ZCN,Ex:TSE | Src:Google,2022-10-31,26.040,26.180,26.040,26.080,71193
ZCN,Ex:TSE | Src:Google,2022-11-01,26.430,26.450,26.170,26.210,102068
ZCN,Ex:TSE | Src:Google,2022-11-02,26.150,26.390,25.860,25.860,146638
ZCN,Ex:TSE | Src:Google,2022-11-03,25.660,25.940,25.650,25.830,83453
ZCN,Ex:TSE | Src:Google,2022-11-04,26.180,26.280,25.940,26.100,74221
ZCN,Ex:TSE | Src:Google,2022-11-07,26.210,26.260,26.100,26.230,63222
ZCN,Ex:TSE | Src:Google,2022-11-08,26.290,26.510,26.230,26.400,128995
ZCN,Ex:TSE | Src:Google,2022-11-09,26.270,26.290,25.980,25.980,65076
ZCN,Ex:TSE | Src:Google,2022-11-10,26.560,26.900,26.530,26.830,105626
ZCN,Ex:TSE | Src:Google,2022-11-11,26.940,27.070,26.900,27.010,159268
ZCN,Ex:TSE | Src:Google,2022-11-14,26.900,27.000,26.770,26.770,78182
ZCN,Ex:TSE | Src:Google,2022-11-15,27.000,27.020,26.800,26.860,116744
ZCN,Ex:TSE | Src:Google,2022-11-16,26.800,26.880,26.750,26.840,91229
ZCN,Ex:TSE | Src:Google,2022-11-17,26.590,26.730,26.570,26.730,120909
ZCN,Ex:TSE | Src:Google,2022-11-18,26.790,26.870,26.750,26.840,74512
ZCN,Ex:TSE | Src:Google,2022-11-21,26.750,26.870,26.620,26.870,77527
ZCN,Ex:TSE | Src:Google,2022-11-22,26.960,27.210,26.960,27.180,72595
ZCN,Ex:TSE | Src:Google,2022-11-23,27.130,27.300,27.130,27.270,110695
ZCN,Ex:TSE | Src:Google,2022-11-24,27.380,27.420,27.330,27.340,20899
ZCN,Ex:TSE | Src:Google,2022-11-25,27.370,27.480,27.350,27.410,39663
ZCN,Ex:TSE | Src:Google,2022-11-28,27.280,27.420,27.140,27.190,83935
ZCN,Ex:TSE | Src:Google,2022-11-29,27.320,27.350,27.250,27.290,49470
ZCN,Ex:TSE | Src:Google,2022-11-30,27.360,27.530,27.100,27.520,108279
ZCN,Ex:TSE | Src:Google,2022-12-01,27.670,27.780,27.590,27.620,64576
ZCN,Ex:TSE | Src:Google,2022-12-02,27.440,27.660,27.400,27.570,54341
ZCN,Ex:TSE | Src:Google,2022-12-05,27.540,27.540,27.200,27.250,103522
ZCN,Ex:TSE | Src:Google,2022-12-06,27.280,27.340,26.880,26.900,117380
ZCN,Ex:TSE | Src:Google,2022-12-07,26.890,27.040,26.870,26.900,103492
ZCN,Ex:TSE | Src:Google,2022-12-08,26.970,27.040,26.870,26.880,42893
ZCN,Ex:TSE | Src:Google,2022-12-09,26.920,27.050,26.870,26.880,51865
ZCN,Ex:TSE | Src:Google,2022-12-12,26.880,26.950,26.740,26.950,94258
ZCN,Ex:TSE | Src:Google,2022-12-13,27.320,27.460,26.880,26.990,158628
ZCN,Ex:TSE | Src:Google,2022-12-14,27.000,27.060,26.760,26.820,161868
ZCN,Ex:TSE | Src:Google,2022-12-15,26.600,26.600,26.310,26.430,99468
ZCN,Ex:TSE | Src:Google,2022-12-16,26.190,26.280,26.090,26.220,141546
ZCN,Ex:TSE | Src:Google,2022-12-19,26.250,26.250,25.840,25.900,116442
ZCN,Ex:TSE | Src:Google,2022-12-20,25.920,26.120,25.880,26.030,155174
ZCN,Ex:TSE | Src:Google,2022-12-21,26.220,26.420,26.220,26.390,64040
ZCN,Ex:TSE | Src:Google,2022-12-22,26.280,26.280,25.870,26.090,129186
ZCN,Ex:TSE | Src:Google,2022-12-23,26.100,26.300,26.060,26.300,83638
ZCN,Ex:TSE | Src:Google,2022-12-28,26.040,26.040,25.760,25.790,153467
ZCN,Ex:TSE | Src:Google,2022-12-29,25.850,26.120,25.850,26.100,47655
ZCN,Ex:TSE | Src:Google,2022-12-30,26.000,26.070,25.890,25.960,99451
ZCN,Ex:TSE | Src:Google,2023-01-03,26.160,26.300,25.960,26.050,116546
ZCN,Ex:TSE | Src:Google,2023-01-04,26.090,26.290,26.020,26.240,114319
ZCN,Ex:TSE | Src:Google,2023-01-05,26.150,26.190,26.000,26.150,100274
ZCN,Ex:TSE | Src:Google,2023-01-06,26.260,26.570,26.220,26.560,83925
ZCN,Ex:TSE | Src:Google,2023-01-09,26.680,26.780,26.600,26.610,98125
ZCN,Ex:TSE | Src:Google,2023-01-10,26.610,26.660,26.460,26.660,93059
ZCN,Ex:TSE | Src:Google,2023-01-11,26.760,26.840,26.690,26.840,83445
ZCN,Ex:TSE | Src:Google,2023-01-12,26.930,27.100,26.800,27.070,113231
ZCN,Ex:TSE | Src:Google,2023-01-13,27.010,27.320,27.000,27.290,83039
ZCN,Ex:TSE | Src:Google,2023-01-16,27.250,27.390,27.240,27.310,51063
ZCN,Ex:TSE | Src:Google,2023-01-17,27.360,27.430,27.330,27.420,219547
ZCN,Ex:TSE | Src:Google,2023-01-18,27.540,27.650,27.310,27.310,135244
ZCN,Ex:TSE | Src:Google,2023-01-19,27.220,27.350,27.160,27.270,103722
ZCN,Ex:TSE | Src:Google,2023-01-20,27.270,27.490,27.200,27.470,58018
ZCN,Ex:TSE | Src:Google,2023-01-23,27.540,27.660,27.450,27.660,87941
ZCN,Ex:TSE | Src:Google,2023-01-24,27.580,27.680,27.500,27.670,60619
ZCN,Ex:TSE | Src:Google,2023-01-25,27.560,27.670,27.400,27.630,213522
ZCN,Ex:TSE | Src:Google,2023-01-26,27.750,27.760,27.590,27.760,81782
ZCN,Ex:TSE | Src:Google,2023-01-27,27.740,27.850,27.670,27.790,245834
ZCN,Ex:TSE | Src:Google,2023-01-30,27.650,27.790,27.610,27.610,75058
ZCN,Ex:TSE | Src:Google,2023-01-31,27.650,27.870,27.630,27.870,73743
ZCN,Ex:TSE | Src:Google,2023-02-01,27.840,27.960,27.610,27.860,214090
ZCN,Ex:TSE | Src:Google,2023-02-02,28.000,28.000,27.770,27.830,194820
ZCN,Ex:TSE | Src:Google,2023-02-03,27.760,27.950,27.730,27.860,100226
ZCN,Ex:TSE | Src:Google,2023-02-06,27.740,27.750,27.600,27.700,96623
ZCN,Ex:TSE | Src:Google,2023-02-07,27.670,27.870,27.570,27.840,101466
ZCN,Ex:TSE | Src:Google,2023-02-08,27.820,27.880,27.670,27.750,55464
ZCN,Ex:TSE | Src:Google,2023-02-09,27.910,27.920,27.570,27.650,58493
ZCN,Ex:TSE | Src:Google,2023-02-10,27.580,27.680,27.500,27.670,88912
ZCN,Ex:TSE | Src:Google,2023-02-13,27.700,27.820,27.660,27.790,144361
ZCN,Ex:TSE | Src:Google,2023-02-14,27.720,27.880,27.620,27.800,133163
ZCN,Ex:TSE | Src:Google,2023-02-15,27.690,27.840,27.650,27.840,94161
ZCN,Ex:TSE | Src:Google,2023-02-16,27.640,27.810,27.580,27.670,94935
ZCN,Ex:TSE | Src:Google,2023-02-17,27.580,27.630,27.480,27.570,50628
ZCN,Ex:TSE | Src:Google,2023-02-21,27.460,27.480,27.190,27.210,235498
ZCN,Ex:TSE | Src:Google,2023-02-22,27.180,27.250,27.060,27.100,71421
ZCN,Ex:TSE | Src:Google,2023-02-23,27.290,27.300,26.990,27.140,82847
ZCN,Ex:TSE | Src:Google,2023-02-24,26.980,27.140,26.870,27.140,87965
ZCN,Ex:TSE | Src:Google,2023-02-27,27.250,27.370,27.210,27.230,95912
ZCN,Ex:TSE | Src:Google,2023-02-28,27.260,27.260,27.120,27.210,102000
ZCN,Ex:TSE | Src:Google,2023-03-01,27.100,27.310,27.100,27.250,57438
ZCN,Ex:TSE | Src:Google,2023-03-02,27.190,27.370,27.110,27.360,52447
ZCN,Ex:TSE | Src:Google,2023-03-03,27.400,27.720,27.400,27.690,64019
ZCN,Ex:TSE | Src:Google,2023-03-06,27.740,27.740,27.580,27.600,59323
ZCN,Ex:TSE | Src:Google,2023-03-07,27.610,27.650,27.220,27.280,58223
ZCN,Ex:TSE | Src:Google,2023-03-08,27.280,27.440,27.280,27.380,50964
ZCN,Ex:TSE | Src:Google,2023-03-09,27.430,27.500,27.000,27.040,800951
ZCN,Ex:TSE | Src:Google,2023-03-10,27.010,27.010,26.590,26.620,289366
ZCN,Ex:TSE | Src:Google,2023-03-13,26.330,26.520,26.160,26.360,297306
ZCN,Ex:TSE | Src:Google,2023-03-14,26.600,26.730,26.350,26.540,85556
ZCN,Ex:TSE | Src:Google,2023-03-15,26.150,26.200,25.850,26.110,200977
ZCN,Ex:TSE | Src:Google,2023-03-16,26.000,26.400,25.840,26.340,106863
ZCN,Ex:TSE | Src:Google,2023-03-17,26.280,26.280,26.010,26.150,81242
ZCN,Ex:TSE | Src:Google,2023-03-20,26.180,26.320,26.150,26.310,124946
ZCN,Ex:TSE | Src:Google,2023-03-21,26.500,26.590,26.460,26.500,67676
ZCN,Ex:TSE | Src:Google,2023-03-22,26.540,26.690,26.320,26.320,151961
ZCN,Ex:TSE | Src:Google,2023-03-23,26.380,26.510,26.150,26.220,248009
ZCN,Ex:TSE | Src:Google,2023-03-24,26.090,26.290,26.000,26.290,154885
ZCN,Ex:TSE | Src:Google,2023-03-27,26.430,26.480,26.340,26.460,66603
ZCN,Ex:TSE | Src:Google,2023-03-28,26.450,26.560,26.430,26.500,46289
ZCN,Ex:TSE | Src:Google,2023-03-29,26.460,26.530,26.440,26.530,55452
ZCN,Ex:TSE | Src:Google,2023-03-30,26.710,26.710,26.590,26.680,127761
ZCN,Ex:TSE | Src:Google,2023-03-31,26.790,26.930,26.790,26.900,120433
ZCN,Ex:TSE | Src:Google,2023-04-03,27.060,27.140,27.010,27.130,65434
ZCN,Ex:TSE | Src:Google,2023-04-04,27.220,27.250,27.050,27.140,66889
ZCN,Ex:TSE | Src:Google,2023-04-05,27.090,27.090,26.930,27.010,48346
ZCN,Ex:TSE | Src:Google,2023-04-06,26.990,27.050,26.950,27.040,63553
ZCN,Ex:TSE | Src:Google,2023-04-10,26.990,27.170,26.990,27.170,39309
ZCN,Ex:TSE | Src:Google,2023-04-11,27.200,27.390,27.200,27.350,61335
ZCN,Ex:TSE | Src:Google,2023-04-12,27.510,27.580,27.390,27.400,81836
ZCN,Ex:TSE | Src:Google,2023-04-13,27.460,27.580,27.420,27.550,43366
ZCN,Ex:TSE | Src:Google,2023-04-14,27.600,27.610,27.480,27.570,128148
ZCN,Ex:TSE | Src:Google,2023-04-17,27.580,27.650,27.540,27.650,63641
ZCN,Ex:TSE | Src:Google,2023-04-18,27.700,27.750,27.670,27.710,67599
ZCN,Ex:TSE | Src:Google,2023-04-19,27.570,27.710,27.570,27.700,64787
ZCN,Ex:TSE | Src:Google,2023-04-20,27.550,27.730,27.550,27.640,56901
ZCN,Ex:TSE | Src:Google,2023-04-21,27.690,27.720,27.620,27.710,55836
ZCN,Ex:TSE | Src:Google,2023-04-24,27.670,27.750,27.660,27.710,38458
ZCN,Ex:TSE | Src:Google,2023-04-25,27.620,27.620,27.400,27.400,50462
ZCN,Ex:TSE | Src:Google,2023-04-26,27.440,27.480,27.250,27.300,52424
ZCN,Ex:TSE | Src:Google,2023-04-27,27.390,27.550,27.370,27.520,44585
ZCN,Ex:TSE | Src:Google,2023-04-28,27.520,27.700,27.520,27.670,73169
ZCN,Ex:TSE | Src:Google,2023-05-01,27.690,27.850,27.650,27.650,59818
ZCN,Ex:TSE | Src:Google,2023-05-02,27.520,27.520,27.200,27.370,56231
ZCN,Ex:TSE | Src:Google,2023-05-03,27.340,27.460,27.300,27.300,80307
ZCN,Ex:TSE | Src:Google,2023-05-04,27.270,27.400,27.150,27.150,72407
ZCN,Ex:TSE | Src:Google,2023-05-05,27.310,27.570,27.310,27.530,55587
ZCN,Ex:TSE | Src:Google,2023-05-08,27.600,27.660,27.560,27.610,34583
ZCN,Ex:TSE | Src:Google,2023-05-09,27.460,27.620,27.430,27.600,33870
ZCN,Ex:TSE | Src:Google,2023-05-10,27.710,27.710,27.380,27.500,63552
ZCN,Ex:TSE | Src:Google,2023-05-11,27.400,27.400,27.280,27.390,31566
ZCN,Ex:TSE | Src:Google,2023-05-12,27.460,27.490,27.330,27.420,84322
ZCN,Ex:TSE | Src:Google,2023-05-15,27.420,27.580,27.420,27.570,61099
ZCN,Ex:TSE | Src:Google,2023-05-16,27.430,27.430,27.170,27.180,52560
ZCN,Ex:TSE | Src:Google,2023-05-17,27.250,27.250,27.070,27.250,63594
ZCN,Ex:TSE | Src:Google,2023-05-18,27.220,27.260,27.100,27.250,42883
ZCN,Ex:TSE | Src:Google,2023-05-19,27.350,27.390,27.260,27.330,83434
ZCN,Ex:TSE | Src:Google,2023-05-23,27.240,27.300,27.050,27.060,49018
ZCN,Ex:TSE | Src:Google,2023-05-24,26.980,26.980,26.750,26.750,267638
ZCN,Ex:TSE | Src:Google,2023-05-25,26.720,26.720,26.500,26.550,118815
ZCN,Ex:TSE | Src:Google,2023-05-26,26.690,26.790,26.640,26.760,57084
ZCN,Ex:TSE | Src:Google,2023-05-29,26.800,26.840,26.790,26.830,30484
ZCN,Ex:TSE | Src:Google,2023-05-30,26.790,26.790,26.490,26.530,143523
ZCN,Ex:TSE | Src:Google,2023-05-31,26.420,26.420,26.250,26.310,159805
ZCN,Ex:TSE | Src:Google,2023-06-01,26.320,26.510,26.310,26.430,43427
ZCN,Ex:TSE | Src:Google,2023-06-02,26.640,26.930,26.640,26.930,209925
ZCN,Ex:TSE | Src:Google,2023-06-05,26.940,26.960,26.790,26.790,58936
ZCN,Ex:TSE | Src:Google,2023-06-06,26.760,26.970,26.760,26.970,44861
ZCN,Ex:TSE | Src:Google,2023-06-07,26.990,27.070,26.830,26.880,36571
ZCN,Ex:TSE | Src:Google,2023-06-08,26.870,26.880,26.750,26.830,31393
ZCN,Ex:TSE | Src:Google,2023-06-09,26.830,26.850,26.720,26.760,86706
ZCN,Ex:TSE | Src:Google,2023-06-12,26.650,26.810,26.650,26.790,70727
ZCN,Ex:TSE | Src:Google,2023-06-13,26.900,27.020,26.890,26.890,51247
ZCN,Ex:TSE | Src:Google,2023-06-14,27.000,27.050,26.830,26.940,55809
ZCN,Ex:TSE | Src:Google,2023-06-15,26.940,27.000,26.890,26.980,44442
ZCN,Ex:TSE | Src:Google,2023-06-16,27.140,27.140,26.900,26.910,358083
ZCN,Ex:TSE | Src:Google,2023-06-19,26.930,26.930,26.820,26.850,49955
ZCN,Ex:TSE | Src:Google,2023-06-20,26.850,26.850,26.600,26.610,74998
ZCN,Ex:TSE | Src:Google,2023-06-21,26.470,26.610,26.470,26.540,132600
ZCN,Ex:TSE | Src:Google,2023-06-22,26.500,26.500,26.330,26.380,68288
ZCN,Ex:TSE | Src:Google,2023-06-23,26.270,26.270,26.150,26.170,52429
ZCN,Ex:TSE | Src:Google,2023-06-26,26.140,26.440,26.140,26.380,26043
ZCN,Ex:TSE | Src:Google,2023-06-27,26.440,26.620,26.400,26.600,29866
ZCN,Ex:TSE | Src:Google,2023-06-28,26.390,26.480,26.360,26.480,62392
ZCN,Ex:TSE | Src:Google,2023-06-29,26.520,26.630,26.510,26.620,71353
ZCN,Ex:TSE | Src:Google,2023-06-30,26.760,26.980,26.740,26.960,222900
ZCN,Ex:TSE | Src:Google,2023-07-04,27.080,27.080,27.000,27.040,24380
ZCN,Ex:TSE | Src:Google,2023-07-05,26.980,26.980,26.870,26.910,57735
ZCN,Ex:TSE | Src:Google,2023-07-06,26.720,26.720,26.440,26.510,128693
ZCN,Ex:TSE | Src:Google,2023-07-07,26.300,26.660,26.300,26.540,66156
ZCN,Ex:TSE | Src:Google,2023-07-10,26.530,26.590,26.520,26.530,61064
ZCN,Ex:TSE | Src:Google,2023-07-11,26.610,26.620,26.540,26.620,19148
ZCN,Ex:TSE | Src:Google,2023-07-12,26.780,26.900,26.730,26.860,44820
ZCN,Ex:TSE | Src:Google,2023-07-13,26.940,27.160,26.940,27.150,58109
ZCN,Ex:TSE | Src:Google,2023-07-14,27.170,27.180,27.110,27.130,38728
ZCN,Ex:TSE | Src:Google,2023-07-17,27.090,27.110,27.040,27.080,37276
ZCN,Ex:TSE | Src:Google,2023-07-18,27.110,27.280,27.110,27.280,62079
ZCN,Ex:TSE | Src:Google,2023-07-19,27.350,27.440,27.340,27.430,53273
ZCN,Ex:TSE | Src:Google,2023-07-20,27.430,27.430,27.330,27.370,71174
ZCN,Ex:TSE | Src:Google,2023-07-21,27.450,27.520,27.420,27.500,44295
ZCN,Ex:TSE | Src:Google,2023-07-24,27.550,27.610,27.530,27.560,40920
ZCN,Ex:TSE | Src:Google,2023-07-25,27.580,27.600,27.530,27.530,33842
ZCN,Ex:TSE | Src:Google,2023-07-26,27.480,27.580,27.470,27.550,41725
ZCN,Ex:TSE | Src:Google,2023-07-27,27.600,27.620,27.300,27.330,108736
ZCN,Ex:TSE | Src:Google,2023-07-28,27.540,27.570,27.480,27.510,26384
ZCN,Ex:TSE | Src:Google,2023-07-31,27.550,27.710,27.550,27.650,43610
ZCN,Ex:TSE | Src:Google,2023-08-01,27.540,27.590,27.440,27.530,78705
ZCN,Ex:TSE | Src:Google,2023-08-02,27.400,27.400,27.010,27.080,134603
ZCN,Ex:TSE | Src:Google,2023-08-03,26.980,27.000,26.920,26.970,122417
ZCN,Ex:TSE | Src:Google,2023-08-04,27.020,27.280,27.020,27.130,54159
ZCN,Ex:TSE | Src:Google,2023-08-08,27.010,27.110,26.940,27.080,38100
ZCN,Ex:TSE | Src:Google,2023-08-09,27.150,27.230,27.130,27.180,28957
ZCN,Ex:TSE | Src:Google,2023-08-10,27.320,27.400,27.200,27.260,47468
ZCN,Ex:TSE | Src:Google,2023-08-11,27.210,27.370,27.210,27.340,40101
ZCN,Ex:TSE | Src:Google,2023-08-14,27.280,27.290,27.150,27.210,25289
ZCN,Ex:TSE | Src:Google,2023-08-15,27.040,27.040,26.690,26.700,49662
ZCN,Ex:TSE | Src:Google,2023-08-16,26.650,26.780,26.650,26.700,58161
ZCN,Ex:TSE | Src:Google,2023-08-17,26.800,26.820,26.550,26.580,68993
ZCN,Ex:TSE | Src:Google,2023-08-18,26.470,26.630,26.470,26.600,49080
ZCN,Ex:TSE | Src:Google,2023-08-21,26.660,26.660,26.490,26.560,52552
ZCN,Ex:TSE | Src:Google,2023-08-22,26.600,26.600,26.410,26.420,102539
ZCN,Ex:TSE | Src:Google,2023-08-23,26.480,26.710,26.460,26.680,77962
ZCN,Ex:TSE | Src:Google,2023-08-24,26.760,26.760,26.550,26.570,67270
ZCN,Ex:TSE | Src:Google,2023-08-25,26.670,26.700,26.420,26.630,87673
ZCN,Ex:TSE | Src:Google,2023-08-28,26.710,26.900,26.710,26.870,76314
ZCN,Ex:TSE | Src:Google,2023-08-29,26.870,27.250,26.840,27.250,132178
ZCN,Ex:TSE | Src:Google,2023-08-30,27.290,27.400,27.280,27.320,90188
ZCN,Ex:TSE | Src:Google,2023-08-31,27.420,27.470,27.260,27.280,104091
ZCN,Ex:TSE | Src:Google,2023-09-01,27.450,27.660,27.450,27.620,360575
ZCN,Ex:TSE | Src:Google,2023-09-05,27.560,27.620,27.440,27.450,35299
ZCN,Ex:TSE | Src:Google,2023-09-06,27.280,27.390,27.120,27.170,63967
ZCN,Ex:TSE | Src:Google,2023-09-07,27.170,27.170,27.050,27.070,96689
ZCN,Ex:TSE | Src:Google,2023-09-08,27.070,27.100,26.980,26.980,52973
ZCN,Ex:TSE | Src:Google,2023-09-11,27.050,27.170,27.030,27.120,87302
ZCN,Ex:TSE | Src:Google,2023-09-12,27.140,27.250,27.120,27.190,106271
ZCN,Ex:TSE | Src:Google,2023-09-13,27.190,27.280,27.170,27.260,39826
ZCN,Ex:TSE | Src:Google,2023-09-14,27.340,27.680,27.340,27.680,129912
ZCN,Ex:TSE | Src:Google,2023-09-15,27.670,27.790,27.640,27.740,126416
ZCN,Ex:TSE | Src:Google,2023-09-18,27.720,27.720,27.540,27.590,56049
ZCN,Ex:TSE | Src:Google,2023-09-19,27.510,27.520,27.200,27.220,70990
ZCN,Ex:TSE | Src:Google,2023-09-20,27.270,27.360,27.220,27.220,292589
ZCN,Ex:TSE | Src:Google,2023-09-21,26.970,27.040,26.650,26.650,79807
ZCN,Ex:TSE | Src:Google,2023-09-22,26.770,26.790,26.610,26.640,47481
ZCN,Ex:TSE | Src:Google,2023-09-25,26.550,26.730,26.490,26.650,72669
ZCN,Ex:TSE | Src:Google,2023-09-26,26.530,26.590,26.330,26.340,38450
ZCN,Ex:TSE | Src:Google,2023-09-27,26.250,26.250,25.840,25.950,143579
ZCN,Ex:TSE | Src:Google,2023-09-28,25.940,26.240,25.940,26.160,52631
ZCN,Ex:TSE | Src:Google,2023-09-29,26.340,26.350,26.120,26.120,78855
ZCN,Ex:TSE | Src:Google,2023-10-02,26.190,26.190,25.600,25.630,54881
ZCN,Ex:TSE | Src:Google,2023-10-03,25.530,25.570,25.340,25.420,179241
ZCN,Ex:TSE | Src:Google,2023-10-04,25.470,25.480,25.200,25.450,135495
ZCN,Ex:TSE | Src:Google,2023-10-05,25.400,25.620,25.400,25.610,44976
ZCN,Ex:TSE | Src:Google,2023-10-06,25.530,25.800,25.300,25.760,71966
ZCN,Ex:TSE | Src:Google,2023-10-10,25.980,26.180,25.970,26.090,74385
ZCN,Ex:TSE | Src:Google,2023-10-11,26.150,26.310,26.150,26.310,114369
ZCN,Ex:TSE | Src:Google,2023-10-12,26.300,26.310,25.980,26.100,113618
ZCN,Ex:TSE | Src:Google,2023-10-13,26.290,26.300,26.010,26.040,111056
ZCN,Ex:TSE | Src:Google,2023-10-16,26.090,26.280,26.040,26.260,165122
ZCN,Ex:TSE | Src:Google,2023-10-17,26.150,26.430,26.150,26.330,82434
ZCN,Ex:TSE | Src:Google,2023-10-18,26.300,26.300,26.000,26.030,127906
ZCN,Ex:TSE | Src:Google,2023-10-19,26.020,26.090,25.860,25.890,209731
ZCN,Ex:TSE | Src:Google,2023-10-20,25.820,25.820,25.590,25.590,164730
ZCN,Ex:TSE | Src:Google,2023-10-23,25.430,25.660,25.340,25.480,66746
ZCN,Ex:TSE | Src:Google,2023-10-24,25.550,25.600,25.360,25.420,56009
ZCN,Ex:TSE | Src:Google,2023-10-25,25.360,25.560,25.350,25.360,58016
ZCN,Ex:TSE | Src:Google,2023-10-26,25.330,25.410,25.190,25.280,83626
ZCN,Ex:TSE | Src:Google,2023-10-27,25.330,25.360,25.040,25.100,182042
ZCN,Ex:TSE | Src:Google,2023-10-30,25.080,25.400,25.080,25.260,55203
ZCN,Ex:TSE | Src:Google,2023-10-31,25.320,25.360,25.230,25.290,58481
ZCN,Ex:TSE | Src:Google,2023-11-01,25.400,25.550,25.340,25.550,136430
ZCN,Ex:TSE | Src:Google,2023-11-02,25.900,26.320,25.870,26.300,305076
ZCN,Ex:TSE | Src:Google,2023-11-03,26.500,26.630,26.370,26.570,49363
ZCN,Ex:TSE | Src:Google,2023-11-06,26.650,26.700,26.410,26.430,59641
ZCN,Ex:TSE | Src:Google,2023-11-07,26.370,26.370,26.170,26.240,103301
ZCN,Ex:TSE | Src:Google,2023-11-08,26.240,26.310,26.100,26.170,46377
ZCN,Ex:TSE | Src:Google,2023-11-09,26.310,26.510,26.230,26.230,513948
ZCN,Ex:TSE | Src:Google,2023-11-10,26.310,26.330,26.140,26.330,40445
ZCN,Ex:TSE | Src:Google,2023-11-13,26.290,26.500,26.260,26.410,47531
ZCN,Ex:TSE | Src:Google,2023-11-14,26.650,26.900,26.650,26.850,169811
ZCN,Ex:TSE | Src:Google,2023-11-15,26.910,27.000,26.870,26.890,158201
ZCN,Ex:TSE | Src:Google,2023-11-16,26.850,26.920,26.790,26.900,176803
ZCN,Ex:TSE | Src:Google,2023-11-17,26.970,27.100,26.970,27.060,28606
ZCN,Ex:TSE | Src:Google,2023-11-20,27.080,27.170,27.060,27.140,32429
ZCN,Ex:TSE | Src:Google,2023-11-21,27.100,27.130,26.980,26.980,51861
ZCN,Ex:TSE | Src:Google,2023-11-22,26.940,27.040,26.920,26.990,51152
ZCN,Ex:TSE | Src:Google,2023-11-23,26.910,27.070,26.910,27.010,17608
ZCN,Ex:TSE | Src:Google,2023-11-24,26.910,27.040,26.910,26.980,61604
ZCN,Ex:TSE | Src:Google,2023-11-27,26.940,26.970,26.870,26.880,41530
ZCN,Ex:TSE | Src:Google,2023-11-28,26.760,26.930,26.710,26.900,85342
ZCN,Ex:TSE | Src:Google,2023-11-29,26.940,27.060,26.910,27.010,68857
ZCN,Ex:TSE | Src:Google,2023-11-30,27.100,27.190,27.010,27.190,147479
ZCN,Ex:TSE | Src:Google,2023-12-01,27.060,27.470,27.060,27.470,138196
ZCN,Ex:TSE | Src:Google,2023-12-04,27.310,27.500,27.310,27.430,49221
ZCN,Ex:TSE | Src:Google,2023-12-05,27.350,27.460,27.350,27.370,58996
ZCN,Ex:TSE | Src:Google,2023-12-06,27.430,27.510,27.250,27.250,66346
ZCN,Ex:TSE | Src:Google,2023-12-07,27.330,27.330,27.210,27.250,95969
ZCN,Ex:TSE | Src:Google,2023-12-08,27.240,27.400,27.240,27.330,93419
ZCN,Ex:TSE | Src:Google,2023-12-11,27.260,27.310,27.170,27.310,45406
ZCN,Ex:TSE | Src:Google,2023-12-12,27.250,27.250,27.110,27.200,39045
ZCN,Ex:TSE | Src:Google,2023-12-13,27.200,27.730,27.090,27.730,95308
ZCN,Ex:TSE | Src:Google,2023-12-14,27.830,28.040,27.830,27.960,117566
ZCN,Ex:TSE | Src:Google,2023-12-15,27.930,27.940,27.580,27.590,697372
ZCN,Ex:TSE | Src:Google,2023-12-18,27.710,27.810,27.700,27.760,53069
ZCN,Ex:TSE | Src:Google,2023-12-19,27.760,28.040,27.760,28.020,59490
ZCN,Ex:TSE | Src:Google,2023-12-20,28.070,28.100,27.720,27.720,106691
ZCN,Ex:TSE | Src:Google,2023-12-21,27.830,27.990,27.830,27.930,111834
ZCN,Ex:TSE | Src:Google,2023-12-22,28.000,28.170,27.970,28.090,41074
ZCN,Ex:TSE | Src:Google,2023-12-27,28.030,28.150,27.980,28.050,143175
ZCN,Ex:TSE | Src:Google,2023-12-28,27.990,28.100,27.960,27.980,80092
ZCN,Ex:TSE | Src:Google,2023-12-29,27.980,28.020,27.880,28.000,61929
ZCN,Ex:TSE | Src:Google,2024-01-02,27.840,27.990,27.840,27.890,67630
ZCN,Ex:TSE | Src:Google,2024-01-03,27.760,27.920,27.680,27.840,70600
ZCN,Ex:TSE | Src:Google,2024-01-04,27.850,28.000,27.800,27.900,61051
ZCN,Ex:TSE | Src:Google,2024-01-05,27.870,28.090,27.860,27.990,182256
ZCN,Ex:TSE | Src:Google,2024-01-08,27.900,28.170,27.900,28.170,96051
ZCN,Ex:TSE | Src:Google,2024-01-09,28.090,28.130,27.950,28.060,78148
ZCN,Ex:TSE | Src:Google,2024-01-10,28.050,28.140,28.020,28.080,76507
ZCN,Ex:TSE | Src:Google,2024-01-11,28.110,28.120,27.800,28.000,53346
ZCN,Ex:TSE | Src:Google,2024-01-12,28.100,28.260,28.050,28.090,65262
ZCN,Ex:TSE | Src:Google,2024-01-15,28.180,28.190,28.000,28.180,48448
ZCN,Ex:TSE | Src:Google,2024-01-16,28.150,28.160,27.900,28.030,67075
ZCN,Ex:TSE | Src:Google,2024-01-17,27.790,27.790,27.560,27.700,64226
ZCN,Ex:TSE | Src:Google,2024-01-18,27.750,27.790,27.650,27.770,86031
ZCN,Ex:TSE | Src:Google,2024-01-19,27.800,27.970,27.670,27.970,101861
ZCN,Ex:TSE | Src:Google,2024-01-22,28.030,28.060,27.900,28.000,81201
ZCN,Ex:TSE | Src:Google,2024-01-23,28.010,28.150,28.010,28.130,33651
ZCN,Ex:TSE | Src:Google,2024-01-24,28.270,28.310,28.150,28.150,77701
ZCN,Ex:TSE | Src:Google,2024-01-25,28.260,28.260,28.150,28.260,86083
ZCN,Ex:TSE | Src:Google,2024-01-26,28.240,28.300,28.220,28.290,80252
ZCN,Ex:TSE | Src:Google,2024-01-29,28.320,28.400,28.150,28.400,86979
ZCN,Ex:TSE | Src:Google,2024-01-30,28.360,28.470,28.310,28.440,31562
ZCN,Ex:TSE | Src:Google,2024-01-31,28.390,28.480,28.150,28.170,120632
ZCN,Ex:TSE | Src:Google,2024-02-01,28.250,28.370,28.130,28.310,106155
ZCN,Ex:TSE | Src:Google,2024-02-02,28.210,28.280,28.060,28.240,94812
ZCN,Ex:TSE | Src:Google,2024-02-05,28.160,28.170,27.900,27.980,126538
ZCN,Ex:TSE | Src:Google,2024-02-06,28.000,28.100,27.990,28.080,77818
ZCN,Ex:TSE | Src:Google,2024-02-07,28.060,28.120,28.000,28.090,63253
ZCN,Ex:TSE | Src:Google,2024-02-08,28.080,28.090,27.870,28.020,82115
ZCN,Ex:TSE | Src:Google,2024-02-09,28.050,28.180,28.000,28.140,63191
ZCN,Ex:TSE | Src:Google,2024-02-12,28.170,28.320,28.150,28.230,32219
ZCN,Ex:TSE | Src:Google,2024-02-13,27.910,27.910,27.430,27.560,92880
ZCN,Ex:TSE | Src:Google,2024-02-14,27.820,28.000,27.770,28.000,68515
ZCN,Ex:TSE | Src:Google,2024-02-15,28.090,28.460,28.080,28.440,47556
ZCN,Ex:TSE | Src:Google,2024-02-16,28.430,28.580,28.420,28.490,54760
ZCN,Ex:TSE | Src:Google,2024-02-20,28.550,28.590,28.400,28.440,102776
ZCN,Ex:TSE | Src:Google,2024-02-21,28.390,28.410,28.290,28.390,46164
ZCN,Ex:TSE | Src:Google,2024-02-22,28.540,28.630,28.520,28.590,48391
ZCN,Ex:TSE | Src:Google,2024-02-23,28.540,28.740,28.540,28.710,50125
ZCN,Ex:TSE | Src:Google,2024-02-26,28.650,28.750,28.570,28.600,37237
ZCN,Ex:TSE | Src:Google,2024-02-27,28.610,28.630,28.520,28.600,56943
ZCN,Ex:TSE | Src:Google,2024-02-28,28.560,28.620,28.500,28.500,24126
ZCN,Ex:TSE | Src:Google,2024-02-29,28.670,28.700,28.570,28.670,111803
ZCN,Ex:TSE | Src:Google,2024-03-01,28.700,29.000,28.690,28.940,57678
ZCN,Ex:TSE | Src:Google,2024-03-04,28.920,28.980,28.850,28.930,84750
ZCN,Ex:TSE | Src:Google,2024-03-05,28.890,29.030,28.860,28.890,52431
ZCN,Ex:TSE | Src:Google,2024-03-06,29.090,29.140,28.950,28.980,65836
ZCN,Ex:TSE | Src:Google,2024-03-07,29.120,29.270,29.120,29.260,51211
ZCN,Ex:TSE | Src:Google,2024-03-08,29.320,29.360,29.140,29.200,58070
ZCN,Ex:TSE | Src:Google,2024-03-11,29.100,29.250,29.060,29.220,42076
ZCN,Ex:TSE | Src:Google,2024-03-12,29.240,29.330,29.170,29.330,52995
ZCN,Ex:TSE | Src:Google,2024-03-13,29.360,29.560,29.360,29.500,57123
ZCN,Ex:TSE | Src:Google,2024-03-14,29.520,29.540,29.250,29.330,50577
ZCN,Ex:TSE | Src:Google,2024-03-15,29.320,29.440,29.300,29.390,72100
ZCN,Ex:TSE | Src:Google,2024-03-18,29.480,29.480,29.340,29.360,49185
ZCN,Ex:TSE | Src:Google,2024-03-19,29.380,29.480,29.360,29.400,31512
ZCN,Ex:TSE | Src:Google,2024-03-20,29.370,29.670,29.370,29.650,52001
ZCN,Ex:TSE | Src:Google,2024-03-21,29.760,29.850,29.720,29.720,66198
ZCN,Ex:TSE | Src:Google,2024-03-22,29.730,29.730,29.550,29.580,43915
ZCN,Ex:TSE | Src:Google,2024-03-25,29.570,29.690,29.520,29.520,67689
ZCN,Ex:TSE | Src:Google,2024-03-26,29.570,29.640,29.470,29.490,44419
ZCN,Ex:TSE | Src:Google,2024-03-27,29.390,29.540,29.330,29.530,35561
ZCN,Ex:TSE | Src:Google,2024-03-28,29.580,29.690,29.580,29.640,30459
ZCN,Ex:TSE | Src:Google,2024-04-01,29.720,29.740,29.570,29.660,59629
ZCN,Ex:TSE | Src:Google,2024-04-02,29.530,29.560,29.410,29.520,187392
ZCN,Ex:TSE | Src:Google,2024-04-03,29.490,29.640,29.440,29.570,76137
ZCN,Ex:TSE | Src:Google,2024-04-04,29.650,29.730,29.430,29.500,49779
ZCN,Ex:TSE | Src:Google,2024-04-05,29.540,29.830,29.520,29.770,113466
ZCN,Ex:TSE | Src:Google,2024-04-08,29.820,29.820,29.680,29.780,46875
ZCN,Ex:TSE | Src:Google,2024-04-09,29.780,29.920,29.660,29.920,76659
ZCN,Ex:TSE | Src:Google,2024-04-10,29.680,29.780,29.570,29.700,96716
ZCN,Ex:TSE | Src:Google,2024-04-11,29.710,29.710,29.410,29.590,71424
ZCN,Ex:TSE | Src:Google,2024-04-12,29.650,29.700,29.200,29.300,96718
ZCN,Ex:TSE | Src:Google,2024-04-15,29.430,29.450,29.000,29.090,79383
ZCN,Ex:TSE | Src:Google,2024-04-16,29.010,29.050,28.810,28.960,75279
ZCN,Ex:TSE | Src:Google,2024-04-17,29.010,29.190,28.860,29.010,129870
ZCN,Ex:TSE | Src:Google,2024-04-18,29.000,29.160,28.900,29.040,119045
ZCN,Ex:TSE | Src:Google,2024-04-19,29.030,29.260,29.000,29.170,70778
ZCN,Ex:TSE | Src:Google,2024-04-22,29.120,29.330,29.070,29.260,123441
ZCN,Ex:TSE | Src:Google,2024-04-23,29.270,29.490,29.240,29.460,75684
ZCN,Ex:TSE | Src:Google,2024-04-24,29.460,29.500,29.190,29.290,84913
ZCN,Ex:TSE | Src:Google,2024-04-25,29.070,29.330,28.970,29.300,53039
ZCN,Ex:TSE | Src:Google,2024-04-26,29.390,29.440,29.340,29.420,64158
ZCN,Ex:TSE | Src:Google,2024-04-29,29.450,29.530,29.340,29.470,72634
ZCN,Ex:TSE | Src:Google,2024-04-30,29.370,29.410,29.110,29.110,118403
ZCN,Ex:TSE | Src:Google,2024-05-01,29.050,29.330,28.960,29.110,131272
ZCN,Ex:TSE | Src:Google,2024-05-02,29.180,29.290,29.120,29.220,55149
ZCN,Ex:TSE | Src:Google,2024-05-03,29.380,29.410,29.290,29.390,85042
ZCN,Ex:TSE | Src:Google,2024-05-06,29.520,29.820,29.520,29.820,91718
ZCN,Ex:TSE | Src:Google,2024-05-07,29.880,29.920,29.830,29.860,48867
ZCN,Ex:TSE | Src:Google,2024-05-08,29.570,29.810,29.550,29.810,51796
ZCN,Ex:TSE | Src:Google,2024-05-09,29.860,30.040,29.860,29.970,83096
ZCN,Ex:TSE | Src:Google,2024-05-10,30.080,30.080,29.880,29.880,42045
ZCN,Ex:TSE | Src:Google,2024-05-13,29.920,29.970,29.790,29.820,41444
ZCN,Ex:TSE | Src:Google,2024-05-14,29.840,29.890,29.740,29.830,69037
ZCN,Ex:TSE | Src:Google,2024-05-15,29.930,29.940,29.780,29.860,44758
ZCN,Ex:TSE | Src:Google,2024-05-16,29.950,29.950,29.840,29.890,48052
ZCN,Ex:TSE | Src:Google,2024-05-17,29.970,30.120,29.900,30.120,61099
ZCN,Ex:TSE | Src:Google,2024-05-21,30.190,30.230,30.080,30.140,56189
ZCN,Ex:TSE | Src:Google,2024-05-22,30.030,30.090,29.900,29.970,65265
ZCN,Ex:TSE | Src:Google,2024-05-23,30.010,30.060,29.690,29.780,76284
ZCN,Ex:TSE | Src:Google,2024-05-24,29.870,29.970,29.850,29.930,38553
ZCN,Ex:TSE | Src:Google,2024-05-27,29.930,30.030,29.930,30.010,39690
ZCN,Ex:TSE | Src:Google,2024-05-28,29.980,29.980,29.800,29.890,56706
ZCN,Ex:TSE | Src:Google,2024-05-29,29.630,29.650,29.370,29.380,111498
ZCN,Ex:TSE | Src:Google,2024-05-30,29.390,29.650,29.390,29.590,40473
ZCN,Ex:TSE | Src:Google,2024-05-31,29.690,29.880,29.500,29.880,66140
ZCN,Ex:TSE | Src:Google,2024-06-03,29.880,29.960,29.570,29.690,60017
ZCN,Ex:TSE | Src:Google,2024-06-04,29.560,29.560,29.310,29.510,80997
ZCN,Ex:TSE | Src:Google,2024-06-05,29.670,29.750,29.600,29.730,93153
ZCN,Ex:TSE | Src:Google,2024-06-06,29.690,29.840,29.670,29.830,121195
ZCN,Ex:TSE | Src:Google,2024-06-07,29.650,29.730,29.550,29.570,57531
ZCN,Ex:TSE | Src:Google,2024-06-10,29.500,29.690,29.500,29.650,67584
ZCN,Ex:TSE | Src:Google,2024-06-11,29.530,29.550,29.350,29.400,73377
ZCN,Ex:TSE | Src:Google,2024-06-12,29.640,29.720,29.470,29.500,239981
ZCN,Ex:TSE | Src:Google,2024-06-13,29.440,29.440,29.120,29.170,107914
ZCN,Ex:TSE | Src:Google,2024-06-14,29.100,29.100,28.900,29.090,149150
ZCN,Ex:TSE | Src:Google,2024-06-17,28.990,29.080,28.870,29.080,588336
ZCN,Ex:TSE | Src:Google,2024-06-18,29.060,29.180,28.990,29.050,111700
ZCN,Ex:TSE | Src:Google,2024-06-19,29.020,29.100,28.900,28.920,150207
ZCN,Ex:TSE | Src:Google,2024-06-20,29.000,29.130,28.950,29.010,165459
ZCN,Ex:TSE | Src:Google,2024-06-21,29.000,29.030,28.920,29.000,157217
ZCN,Ex:TSE | Src:Google,2024-06-24,29.160,29.390,29.090,29.390,98379
ZCN,Ex:TSE | Src:Google,2024-06-25,29.250,29.340,29.190,29.320,161788
ZCN,Ex:TSE | Src:Google,2024-06-26,29.210,29.330,29.160,29.320,89007
ZCN,Ex:TSE | Src:Google,2024-06-27,29.140,29.300,29.100,29.290,57959
ZCN,Ex:TSE | Src:Google,2024-06-28,29.360,29.460,29.150,29.230,109178
ZCN,Ex:TSE | Src:Google,2024-07-02,29.190,29.340,29.150,29.340,232374
ZCN,Ex:TSE | Src:Google,2024-07-03,29.470,29.750,29.450,29.720,58824
ZCN,Ex:TSE | Src:Google,2024-07-04,29.710,29.800,29.710,29.750,16099
ZCN,Ex:TSE | Src:Google,2024-07-05,29.840,29.850,29.500,29.500,38151
ZCN,Ex:TSE | Src:Google,2024-07-08,29.500,29.580,29.420,29.580,38238
ZCN,Ex:TSE | Src:Google,2024-07-09,29.540,29.560,29.460,29.470,57816
ZCN,Ex:TSE | Src:Google,2024-07-10,29.650,29.900,29.610,29.900,38028
ZCN,Ex:TSE | Src:Google,2024-07-11,30.030,30.190,29.960,30.160,65855
ZCN,Ex:TSE | Src:Google,2024-07-12,30.230,30.430,30.210,30.330,62594
ZCN,Ex:TSE | Src:Google,2024-07-15,30.380,30.510,30.300,30.420,48458
ZCN,Ex:TSE | Src:Google,2024-07-16,30.420,30.750,30.420,30.750,57363
ZCN,Ex:TSE | Src:Google,2024-07-17,30.620,30.690,30.510,30.570,80968
ZCN,Ex:TSE | Src:Google,2024-07-18,30.590,30.620,30.300,30.400,79275
ZCN,Ex:TSE | Src:Google,2024-07-19,30.290,30.430,30.230,30.340,43454
ZCN,Ex:TSE | Src:Google,2024-07-22,30.470,30.620,30.360,30.600,42370
ZCN,Ex:TSE | Src:Google,2024-07-23,30.590,30.590,30.460,30.520,66433
ZCN,Ex:TSE | Src:Google,2024-07-24,30.510,30.540,30.290,30.290,45786
ZCN,Ex:TSE | Src:Google,2024-07-25,30.170,30.410,30.080,30.260,44443
ZCN,Ex:TSE | Src:Google,2024-07-26,30.440,30.560,30.410,30.540,55643
ZCN,Ex:TSE | Src:Google,2024-07-29,30.600,30.600,30.400,30.500,80092
ZCN,Ex:TSE | Src:Google,2024-07-30,30.510,30.660,30.510,30.580,120410
ZCN,Ex:TSE | Src:Google,2024-07-31,30.820,31.080,30.740,30.950,74336
ZCN,Ex:TSE | Src:Google,2024-08-01,30.960,30.960,30.300,30.440,72348
ZCN,Ex:TSE | Src:Google,2024-08-02,30.040,30.090,29.500,29.750,212401
ZCN,Ex:TSE | Src:Google,2024-08-06,29.090,29.540,29.090,29.440,120036
ZCN,Ex:TSE | Src:Google,2024-08-07,29.820,29.830,29.250,29.290,128482
ZCN,Ex:TSE | Src:Google,2024-08-08,29.490,29.830,29.450,29.760,97140
ZCN,Ex:TSE | Src:Google,2024-08-09,29.780,29.900,29.640,29.850,55870
ZCN,Ex:TSE | Src:Google,2024-08-12,29.970,30.060,29.900,30.000,103067
ZCN,Ex:TSE | Src:Google,2024-08-13,30.060,30.290,30.060,30.290,65012
ZCN,Ex:TSE | Src:Google,2024-08-14,30.310,30.480,30.270,30.470,54102
ZCN,Ex:TSE | Src:Google,2024-08-15,30.700,30.920,30.680,30.860,182024
ZCN,Ex:TSE | Src:Google,2024-08-16,30.840,30.910,30.820,30.900,46505
ZCN,Ex:TSE | Src:Google,2024-08-19,30.880,31.080,30.850,30.960,61195
ZCN,Ex:TSE | Src:Google,2024-08-20,31.020,31.020,30.830,30.890,44119
ZCN,Ex:TSE | Src:Google,2024-08-21,30.890,31.000,30.890,30.990,46508
ZCN,Ex:TSE | Src:Google,2024-08-22,30.950,30.980,30.810,30.870,49030
ZCN,Ex:TSE | Src:Google,2024-08-23,31.030,31.290,31.030,31.220,65721
ZCN,Ex:TSE | Src:Google,2024-08-26,31.310,31.380,31.280,31.300,36863
ZCN,Ex:TSE | Src:Google,2024-08-27,31.140,31.240,31.130,31.190,35843
ZCN,Ex:TSE | Src:Google,2024-08-28,31.120,31.160,30.940,31.010,38846
ZCN,Ex:TSE | Src:Google,2024-08-29,31.130,31.280,31.090,31.140,68714
ZCN,Ex:TSE | Src:Google,2024-08-30,31.140,31.310,31.080,31.300,45283
ZCN,Ex:TSE | Src:Google,2024-09-03,31.180,31.180,30.830,30.920,60146
ZCN,Ex:TSE | Src:Google,2024-09-04,30.830,31.040,30.830,30.930,75680
ZCN,Ex:TSE | Src:Google,2024-09-05,30.990,31.080,30.840,30.840,54109
ZCN,Ex:TSE | Src:Google,2024-09-06,30.900,31.010,30.440,30.580,54459
ZCN,Ex:TSE | Src:Google,2024-09-09,30.760,30.950,30.760,30.910,97982
ZCN,Ex:TSE | Src:Google,2024-09-10,30.940,30.940,30.600,30.840,59296
ZCN,Ex:TSE | Src:Google,2024-09-11,30.890,31.140,30.660,31.140,70772
ZCN,Ex:TSE | Src:Google,2024-09-12,31.260,31.530,31.230,31.520,56148
ZCN,Ex:TSE | Src:Google,2024-09-13,31.660,31.760,31.640,31.670,38416
ZCN,Ex:TSE | Src:Google,2024-09-16,31.770,31.880,31.650,31.860,33260
ZCN,Ex:TSE | Src:Google,2024-09-17,31.980,31.980,31.740,31.820,53571
ZCN,Ex:TSE | Src:Google,2024-09-18,31.800,31.920,31.680,31.750,76819
ZCN,Ex:TSE | Src:Google,2024-09-19,32.140,32.150,31.900,32.070,95275
ZCN,Ex:TSE | Src:Google,2024-09-20,32.060,32.100,31.920,32.080,55458
ZCN,Ex:TSE | Src:Google,2024-09-23,32.120,32.210,32.010,32.130,82717
ZCN,Ex:TSE | Src:Google,2024-09-24,32.260,32.280,32.170,32.200,88247
ZCN,Ex:TSE | Src:Google,2024-09-25,32.210,32.210,32.090,32.150,28894
ZCN,Ex:TSE | Src:Google,2024-09-26,32.230,32.400,32.230,32.310,81909
ZCN,Ex:TSE | Src:Google,2024-09-27,32.120,32.170,32.010,32.030,36464
ZCN,Ex:TSE | Src:Google,2024-09-30,31.950,32.080,31.850,32.070,72417
ZCN,Ex:TSE | Src:Google,2024-10-01,32.030,32.160,31.920,32.110,111581
ZCN,Ex:TSE | Src:Google,2024-10-02,32.130,32.240,32.020,32.090,74749
ZCN,Ex:TSE | Src:Google,2024-10-03,32.010,32.090,31.890,32.040,72630
ZCN,Ex:TSE | Src:Google,2024-10-04,32.200,32.320,32.160,32.300,75479
ZCN,Ex:TSE | Src:Google,2024-10-07,32.310,32.350,32.090,32.220,80389
ZCN,Ex:TSE | Src:Google,2024-10-08,32.150,32.190,32.050,32.180,48230
ZCN,Ex:TSE | Src:Google,2024-10-09,32.130,32.390,32.120,32.390,38280
ZCN,Ex:TSE | Src:Google,2024-10-10,32.370,32.520,32.330,32.510,73889
ZCN,Ex:TSE | Src:Google,2024-10-11,32.490,32.790,32.490,32.740,39231
ZCN,Ex:TSE | Src:Google,2024-10-15,32.700,32.750,32.590,32.690,86129
ZCN,Ex:TSE | Src:Google,2024-10-16,32.770,32.900,32.770,32.860,129762
ZCN,Ex:TSE | Src:Google,2024-10-17,32.940,33.050,32.940,33.020,58849
ZCN,Ex:TSE | Src:Google,2024-10-18,33.050,33.240,33.040,33.200,106119
ZCN,Ex:TSE | Src:Google,2024-10-21,33.220,33.330,33.020,33.070,99159
ZCN,Ex:TSE | Src:Google,2024-10-22,33.000,33.070,32.870,33.070,49072
ZCN,Ex:TSE | Src:Google,2024-10-23,32.950,33.020,32.720,32.870,80538
ZCN,Ex:TSE | Src:Google,2024-10-24,32.900,32.910,32.630,32.860,51730
ZCN,Ex:TSE | Src:Google,2024-10-25,32.870,32.930,32.710,32.740,58259
ZCN,Ex:TSE | Src:Google,2024-10-28,32.690,32.920,32.690,32.880,35844
ZCN,Ex:TSE | Src:Google,2024-10-29,32.830,32.910,32.750,32.860,61432
ZCN,Ex:TSE | Src:Google,2024-10-30,32.780,32.880,32.710,32.810,49481
ZCN,Ex:TSE | Src:Google,2024-10-31,32.700,32.700,32.270,32.370,56236
ZCN,Ex:TSE | Src:Google,2024-11-01,32.520,32.620,32.400,32.470,64438
ZCN,Ex:TSE | Src:Google,2024-11-04,32.400,32.610,32.360,32.480,50884
ZCN,Ex:TSE | Src:Google,2024-11-05,32.490,32.660,32.470,32.660,44407
ZCN,Ex:TSE | Src:Google,2024-11-06,32.840,32.990,32.560,32.990,84754
ZCN,Ex:TSE | Src:Google,2024-11-07,33.050,33.290,33.020,33.260,50998
ZCN,Ex:TSE | Src:Google,2024-11-08,33.120,33.280,33.050,33.160,57535
ZCN,Ex:TSE | Src:Google,2024-11-11,33.140,33.330,33.140,33.200,51457
ZCN,Ex:TSE | Src:Google,2024-11-12,33.390,33.500,33.250,33.370,77583
ZCN,Ex:TSE | Src:Google,2024-11-13,33.410,33.490,33.330,33.470,67154
ZCN,Ex:TSE | Src:Google,2024-11-14,33.530,33.680,33.500,33.530,64223
ZCN,Ex:TSE | Src:Google,2024-11-15,33.420,33.480,33.260,33.350,64583
ZCN,Ex:TSE | Src:Google,2024-11-18,33.420,33.600,33.410,33.470,62571
ZCN,Ex:TSE | Src:Google,2024-11-19,33.390,33.520,33.230,33.520,51548
ZCN,Ex:TSE | Src:Google,2024-11-20,33.550,33.580,33.390,33.550,67420
ZCN,Ex:TSE | Src:Google,2024-11-21,33.600,34.040,33.600,34.030,48796
ZCN,Ex:TSE | Src:Google,2024-11-22,34.040,34.150,34.000,34.110,79601
ZCN,Ex:TSE | Src:Google,2024-11-25,34.220,34.240,34.070,34.080,50383
ZCN,Ex:TSE | Src:Google,2024-11-26,33.750,34.090,33.750,34.060,76051
ZCN,Ex:TSE | Src:Google,2024-11-27,34.030,34.210,34.030,34.170,69192
ZCN,Ex:TSE | Src:Google,2024-11-28,34.260,34.320,34.180,34.270,39865
ZCN,Ex:TSE | Src:Google,2024-11-29,34.210,34.450,34.200,34.440,54379
ZCN,Ex:TSE | Src:Google,2024-12-02,34.430,34.500,34.200,34.320,65105
ZCN,Ex:TSE | Src:Google,2024-12-03,34.360,34.480,34.320,34.400,108545
ZCN,Ex:TSE | Src:Google,2024-12-04,34.480,34.540,34.320,34.400,41907
ZCN,Ex:TSE | Src:Google,2024-12-05,34.300,34.560,34.300,34.460,79407
ZCN,Ex:TSE | Src:Google,2024-12-06,34.490,34.640,34.460,34.470,66721
ZCN,Ex:TSE | Src:Google,2024-12-09,34.580,34.670,34.360,34.390,87353
ZCN,Ex:TSE | Src:Google,2024-12-10,34.380,34.380,34.230,34.230,45053
ZCN,Ex:TSE | Src:Google,2024-12-11,34.380,34.460,34.290,34.420,52449
ZCN,Ex:TSE | Src:Google,2024-12-12,34.390,34.390,34.090,34.110,55073
ZCN,Ex:TSE | Src:Google,2024-12-13,34.080,34.090,33.880,33.940,46915
ZCN,Ex:TSE | Src:Google,2024-12-16,33.930,33.940,33.770,33.790,59858
ZCN,Ex:TSE | Src:Google,2024-12-17,33.600,33.760,33.580,33.760,58074
ZCN,Ex:TSE | Src:Google,2024-12-18,33.720,33.760,32.950,33.010,102964
ZCN,Ex:TSE | Src:Google,2024-12-19,33.070,33.140,32.810,32.850,128448
ZCN,Ex:TSE | Src:Google,2024-12-20,32.720,33.220,32.650,33.070,67107
ZCN,Ex:TSE | Src:Google,2024-12-23,33.140,33.260,32.940,33.260,113563
ZCN,Ex:TSE | Src:Google,2024-12-24,33.230,33.370,33.200,33.370,48792
ZCN,Ex:TSE | Src:Google,2024-12-27,33.320,33.440,33.210,33.340,90899
ZCN,Ex:TSE | Src:Google,2024-12-30,32.990,33.000,32.690,32.890,92369
ZCN,Ex:TSE | Src:Google,2024-12-31,32.970,33.090,32.950,33.060,46146
ZCN,Ex:TSE | Src:Google,2025-01-02,33.300,33.410,33.110,33.260,71288
ZCN,Ex:TSE | Src:Google,2025-01-03,33.420,33.530,33.350,33.510,68805
ZCN,Ex:TSE | Src:Google,2025-01-06,33.730,33.770,33.370,33.400,108730
ZCN,Ex:TSE | Src:Google,2025-01-07,33.620,33.670,33.250,33.330,85224
ZCN,Ex:TSE | Src:Google,2025-01-08,33.290,33.500,33.230,33.490,108628
ZCN,Ex:TSE | Src:Google,2025-01-09,33.480,33.550,33.470,33.530,31962
ZCN,Ex:TSE | Src:Google,2025-01-10,33.450,33.500,33.040,33.130,98422
ZCN,Ex:TSE | Src:Google,2025-01-13,32.860,32.970,32.800,32.840,82216
ZCN,Ex:TSE | Src:Google,2025-01-14,32.840,32.920,32.730,32.890,42512
ZCN,Ex:TSE | Src:Google,2025-01-15,33.240,33.240,33.100,33.160,75036
ZCN,Ex:TSE | Src:Google,2025-01-16,33.250,33.280,33.130,33.250,37688
ZCN,Ex:TSE | Src:Google,2025-01-17,33.390,33.560,33.390,33.560,77945
ZCN,Ex:TSE | Src:Google,2025-01-20,33.530,33.750,33.420,33.670,60354
ZCN,Ex:TSE | Src:Google,2025-01-21,33.700,33.870,33.590,33.820,33609
ZCN,Ex:TSE | Src:Google,2025-01-22,33.990,33.990,33.830,33.860,62001
ZCN,Ex:TSE | Src:Google,2025-01-23,33.880,34.030,33.880,34.030,79186
ZCN,Ex:TSE | Src:Google,2025-01-24,34.080,34.110,34.000,34.080,51794
ZCN,Ex:TSE | Src:Google,2025-01-27,33.770,33.910,33.700,33.850,63778
ZCN,Ex:TSE | Src:Google,2025-01-28,33.920,34.030,33.840,34.030,67158
ZCN,Ex:TSE | Src:Google,2025-01-29,34.020,34.210,33.950,34.070,90256
ZCN,Ex:TSE | Src:Google,2025-01-30,34.300,34.630,34.300,34.550,89123
ZCN,Ex:TSE | Src:Google,2025-01-31,34.600,34.630,34.170,34.220,104800
ZCN,Ex:TSE | Src:Google,2025-02-03,32.500,33.960,32.480,33.810,228172
ZCN,Ex:TSE | Src:Google,2025-02-04,33.780,34.070,33.780,33.860,121626
ZCN,Ex:TSE | Src:Google,2025-02-05,33.980,34.240,33.900,34.240,82212
ZCN,Ex:TSE | Src:Google,2025-02-06,34.370,34.380,34.040,34.180,64999
ZCN,Ex:TSE | Src:Google,2025-02-07,34.340,34.340,34.000,34.070,130380
ZCN,Ex:TSE | Src:Google,2025-02-10,34.370,34.440,34.340,34.350,129389
ZCN,Ex:TSE | Src:Google,2025-02-11,34.290,34.380,34.140,34.330,85536
ZCN,Ex:TSE | Src:Google,2025-02-12,34.140,34.310,34.110,34.230,69766
ZCN,Ex:TSE | Src:Google,2025-02-13,34.280,34.430,34.280,34.400,113297
ZCN,Ex:TSE | Src:Google,2025-02-14,34.460,34.460,34.140,34.140,88766
ZCN,Ex:TSE | Src:Google,2025-02-18,34.100,34.400,34.070,34.370,79644
ZCN,Ex:TSE | Src:Google,2025-02-19,34.310,34.350,34.100,34.330,96120
ZCN,Ex:TSE | Src:Google,2025-02-20,34.270,34.350,34.090,34.170,125762
ZCN,Ex:TSE | Src:Google,2025-02-21,34.210,34.220,33.670,33.700,178514
ZCN,Ex:TSE | Src:Google,2025-02-24,33.780,33.840,33.550,33.740,114578
ZCN,Ex:TSE | Src:Google,2025-02-25,33.720,33.840,33.440,33.780,120026
ZCN,Ex:TSE | Src:Google,2025-02-26,33.880,34.100,33.790,33.950,168342
ZCN,Ex:TSE | Src:Google,2025-02-27,33.900,34.000,33.690,33.690,179995
ZCN,Ex:TSE | Src:Google,2025-02-28,33.600,34.040,33.550,34.040,160051
ZCN,Ex:TSE | Src:Google,2025-03-03,34.120,34.230,33.370,33.510,250342
ZCN,Ex:TSE | Src:Google,2025-03-04,33.070,33.270,32.650,32.980,229719
ZCN,Ex:TSE | Src:Google,2025-03-05,32.900,33.390,32.900,33.390,149298
ZCN,Ex:TSE | Src:Google,2025-03-06,33.080,33.310,32.850,32.990,144494
ZCN,Ex:TSE | Src:Google,2025-03-07,32.940,33.300,32.840,33.220,161226
ZCN,Ex:TSE | Src:Google,2025-03-10,32.830,32.920,32.560,32.730,224617
ZCN,Ex:TSE | Src:Google,2025-03-11,32.680,32.830,32.430,32.560,295856
ZCN,Ex:TSE | Src:Google,2025-03-12,32.720,32.910,32.520,32.790,146784
ZCN,Ex:TSE | Src:Google,2025-03-13,32.740,32.810,32.410,32.540,170035
ZCN,Ex:TSE | Src:Google,2025-03-14,32.680,33.000,32.680,32.980,138336
ZCN,Ex:TSE | Src:Google,2025-03-17,33.020,33.320,32.960,33.300,106425
ZCN,Ex:TSE | Src:Google,2025-03-18,33.360,33.360,33.020,33.200,164896
ZCN,Ex:TSE | Src:Google,2025-03-19,33.310,33.720,33.300,33.680,119932
ZCN,Ex:TSE | Src:Google,2025-03-20,33.570,33.810,33.500,33.690,68283
ZCN,Ex:TSE | Src:Google,2025-03-21,33.490,33.570,33.320,33.570,102223
ZCN,Ex:TSE | Src:Google,2025-03-24,33.790,34.090,33.790,34.010,50118
ZCN,Ex:TSE | Src:Google,2025-03-25,34.060,34.180,34.050,34.050,108758
ZCN,Ex:TSE | Src:Google,2025-03-26,34.120,34.180,33.750,33.820,135402
ZCN,Ex:TSE | Src:Google,2025-03-27,33.820,33.880,33.650,33.810,145295
ZCN,Ex:TSE | Src:Google,2025-03-28,33.430,33.500,33.060,33.080,109768
ZCN,Ex:TSE | Src:Google,2025-03-31,32.820,33.420,32.810,33.310,243275
ZCN,Ex:TSE | Src:Google,2025-04-01,33.300,33.510,33.090,33.470,144618
ZCN,Ex:TSE | Src:Google,2025-04-02,33.320,33.840,33.220,33.840,97096
ZCN,Ex:TSE | Src:Google,2025-04-03,32.730,33.050,32.520,32.550,306538
ZCN,Ex:TSE | Src:Google,2025-04-04,31.890,31.900,30.750,31.030,639893
ZCN,Ex:TSE | Src:Google,2025-04-07,29.810,31.250,29.700,30.570,625377
ZCN,Ex:TSE | Src:Google,2025-04-08,31.350,31.350,29.850,30.110,890085
ZCN,Ex:TSE | Src:Google,2025-04-09,29.860,31.810,29.750,31.740,481479
ZCN,Ex:TSE | Src:Google,2025-04-10,31.390,31.400,30.440,30.820,375432
ZCN,Ex:TSE | Src:Google,2025-04-11,30.860,31.630,30.840,31.560,304626
ZCN,Ex:TSE | Src:Google,2025-04-14,31.940,32.060,31.650,31.940,187981
ZCN,Ex:TSE | Src:Google,2025-04-15,32.020,32.260,31.980,32.190,169890
ZCN,Ex:TSE | Src:Google,2025-04-16,32.210,32.430,31.990,32.240,179711
ZCN,Ex:TSE | Src:Google,2025-04-17,32.290,32.530,32.190,32.370,187929
ZCN,Ex:TSE | Src:Google,2025-04-21,32.300,32.360,31.880,32.130,91289
ZCN,Ex:TSE | Src:Google,2025-04-22,32.380,32.650,32.380,32.520,207570
ZCN,Ex:TSE | Src:Google,2025-04-23,32.880,33.010,32.700,32.740,297495
ZCN,Ex:TSE | Src:Google,2025-04-24,32.820,33.120,32.810,33.110,105055
ZCN,Ex:TSE | Src:Google,2025-04-25,32.940,33.100,32.940,33.070,116511
ZCN,Ex:TSE | Src:Google,2025-04-28,33.070,33.270,33.070,33.200,112793
ZCN,Ex:TSE | Src:Google,2025-04-29,33.180,33.350,33.140,33.310,75829
ZCN,Ex:TSE | Src:Google,2025-04-30,33.130,33.270,32.830,33.240,132565
ZCN,Ex:TSE | Src:Google,2025-05-01,33.280,33.440,33.150,33.220,120913
ZCN,Ex:TSE | Src:Google,2025-05-02,33.460,33.540,33.320,33.520,129456
ZCN,Ex:TSE | Src:Google,2025-05-05,33.470,33.580,33.360,33.430,80592
ZCN,Ex:TSE | Src:Google,2025-05-06,33.410,33.510,33.310,33.450,42500
ZCN,Ex:TSE | Src:Google,2025-05-07,33.480,33.700,33.480,33.690,110662
ZCN,Ex:TSE | Src:Google,2025-05-08,33.720,34.000,33.690,33.830,84074
ZCN,Ex:TSE | Src:Google,2025-05-09,34.000,34.070,33.800,33.960,138667
ZCN,Ex:TSE | Src:Google,2025-05-12,34.540,34.570,34.150,34.200,79113
ZCN,Ex:TSE | Src:Google,2025-05-13,34.340,34.430,34.300,34.320,153542
ZCN,Ex:TSE | Src:Google,2025-05-14,34.270,34.430,34.230,34.410,123238
ZCN,Ex:TSE | Src:Google,2025-05-15,34.390,34.720,34.390,34.700,51232
ZCN,Ex:TSE | Src:Google,2025-05-16,34.690,34.850,34.640,34.820,118426
ZCN,Ex:TSE | Src:Google,2025-05-20,34.800,35.010,34.790,34.930,186867
ZCN,Ex:TSE | Src:Google,2025-05-21,34.880,34.890,34.580,34.690,145645
ZCN,Ex:TSE | Src:Google,2025-05-22,34.650,34.800,34.560,34.660,93631
ZCN,Ex:TSE | Src:Google,2025-05-23,34.510,34.770,34.500,34.700,133026
ZCN,Ex:TSE | Src:Google,2025-05-26,34.850,35.040,34.830,34.980,51087
ZCN,Ex:TSE | Src:Google,2025-05-27,34.970,35.280,34.970,35.220,113474
ZCN,Ex:TSE | Src:Google,2025-05-28,35.280,35.320,35.200,35.240,97126
ZCN,Ex:TSE | Src:Google,2025-05-29,35.390,35.420,35.090,35.160,88641
ZCN,Ex:TSE | Src:Google,2025-05-30,35.120,35.150,34.910,35.110,95245
ZCN,Ex:TSE | Src:Google,2025-06-02,35.160,35.440,35.110,35.430,86602
ZCN,Ex:TSE | Src:Google,2025-06-03,35.420,35.500,35.310,35.470,70022
ZCN,Ex:TSE | Src:Google,2025-06-04,35.500,35.500,35.270,35.340,343375
ZCN,Ex:TSE | Src:Google,2025-06-05,35.460,35.470,35.320,35.340,105509
ZCN,Ex:TSE | Src:Google,2025-06-06,35.500,35.580,35.420,35.470,90625
ZCN,Ex:TSE | Src:Google,2025-06-09,35.490,35.530,35.360,35.410,78767
ZCN,Ex:TSE | Src:Google,2025-06-10,35.460,35.530,35.400,35.480,87445
ZCN,Ex:TSE | Src:Google,2025-06-11,35.600,35.690,35.540,35.630,106691
ZCN,Ex:TSE | Src:Google,2025-06-12,35.610,35.730,35.550,35.730,73149
ZCN,Ex:TSE | Src:Google,2025-06-13,35.690,35.730,35.550,35.610,70809
ZCN,Ex:TSE | Src:Google,2025-06-16,36.050,36.090,35.680,35.700,129882
ZCN,Ex:TSE | Src:Google,2025-06-17,35.720,35.730,35.570,35.670,87817
ZCN,Ex:TSE | Src:Google,2025-06-18,35.780,35.800,35.670,35.700,97594
ZCN,Ex:TSE | Src:Google,2025-06-19,35.700,35.700,35.550,35.630,45213
ZCN,Ex:TSE | Src:Google,2025-06-20,35.920,35.920,35.550,35.610,73438
ZCN,Ex:TSE | Src:Google,2025-06-23,35.600,35.860,35.590,35.770,130512
ZCN,Ex:TSE | Src:Google,2025-06-24,35.910,35.910,35.910,35.910,281718
ZCN,Ex:TSE | Src:Google,2025-06-25,35.700,35.700,35.700,35.700,238665
ZCN,Ex:TSE | Src:Google,2025-06-26,35.740,35.960,35.680,35.960,95912
ZCN,Ex:TSE | Src:Google,2025-06-27,35.610,35.800,35.500,35.650,72125
ZCN,Ex:TSE | Src:Google,2025-06-30,35.760,35.900,35.660,35.890,83276
ZCN,Ex:TSE | Src:Google,2025-07-02,35.990,36.000,35.820,35.950,84213
ZCN,Ex:TSE | Src:Google,2025-07-03,35.990,36.160,35.950,36.160,89488
ZCN,Ex:TSE | Src:Google,2025-07-04,36.120,36.220,36.120,36.170,74117
ZCN,Ex:TSE | Src:Google,2025-07-07,36.160,36.250,36.070,36.140,179014
ZCN,Ex:TSE | Src:Google,2025-07-08,36.170,36.260,35.940,35.980,80364
ZCN,Ex:TSE | Src:Google,2025-07-09,36.010,36.130,35.990,36.080,58068
ZCN,Ex:TSE | Src:Google,2025-07-10,36.110,36.290,36.040,36.240,72774
ZCN,Ex:TSE | Src:Google,2025-07-11,36.160,36.200,36.050,36.160,59802
ZCN,Ex:TSE | Src:Google,2025-07-14,36.200,36.420,36.160,36.400,65554
ZCN,Ex:TSE | Src:Google,2025-07-15,36.440,36.440,36.170,36.210,108866
ZCN,Ex:TSE | Src:Google,2025-07-16,36.250,36.340,36.020,36.330,88911
ZCN,Ex:TSE | Src:Google,2025-07-17,36.400,36.690,36.390,36.650,127579
ZCN,Ex:TSE | Src:Google,2025-07-18,36.810,36.810,36.520,36.560,139289
ZCN,Ex:TSE | Src:Google,2025-07-21,36.620,36.730,36.540,36.560,61430
ZCN,Ex:TSE | Src:Google,2025-07-22,36.570,36.660,36.490,36.620,115118
ZCN,Ex:TSE | Src:Google,2025-07-23,36.650,36.750,36.650,36.690,48932
ZCN,Ex:TSE | Src:Google,2025-07-24,36.690,36.800,36.600,36.640,91490
ZCN,Ex:TSE | Src:Google,2025-07-25,36.640,36.840,36.640,36.810,80350
ZCN,Ex:TSE | Src:Google,2025-07-28,36.800,36.840,36.620,36.700,92750
ZCN,Ex:TSE | Src:Google,2025-07-29,36.770,36.870,36.750,36.840,85335
ZCN,Ex:TSE | Src:Google,2025-07-30,36.890,36.930,36.560,36.640,104724
ZCN,Ex:TSE | Src:Google,2025-07-31,36.750,36.830,36.460,36.530,134330
ZCN,Ex:TSE | Src:Google,2025-08-01,36.290,36.300,35.970,36.190,94636
ZCN,Ex:TSE | Src:Google,2025-08-05,36.840,36.940,36.750,36.930,173705
ZCN,Ex:TSE | Src:Google,2025-08-06,37.260,37.450,37.190,37.400,158020
ZCN,Ex:TSE | Src:Google,2025-08-07,37.550,37.560,37.100,37.170,103963
ZCN,Ex:TSE | Src:Google,2025-08-08,37.300,37.330,37.160,37.180,61230
ZCN,Ex:TSE | Src:Google,2025-08-11,37.200,37.300,37.050,37.200,121520
ZCN,Ex:TSE | Src:Google,2025-08-12,37.300,37.440,37.290,37.400,62775
ZCN,Ex:TSE | Src:Google,2025-08-13,37.530,37.600,37.430,37.500,93784
ZCN,Ex:TSE | Src:Google,2025-08-14,37.500,37.500,37.290,37.400,97802
ZCN,Ex:TSE | Src:Google,2025-08-15,37.440,37.440,37.320,37.400,111054
ZCN,Ex:TSE | Src:Google,2025-08-18,37.370,37.430,37.310,37.410,71826
ZCN,Ex:TSE | Src:Google,2025-08-19,37.460,37.530,37.300,37.310,77607
ZCN,Ex:TSE | Src:Google,2025-08-20,37.310,37.430,37.280,37.380,71597
ZCN,Ex:TSE | Src:Google,2025-08-21,37.360,37.620,37.350,37.610,74520
ZCN,Ex:TSE | Src:Google,2025-08-22,37.710,38.070,37.700,37.990,150693
ZCN,Ex:TSE | Src:Google,2025-08-25,37.990,37.990,37.740,37.780,116123
ZCN,Ex:TSE | Src:Google,2025-08-26,37.810,37.990,37.760,37.990,92045
ZCN,Ex:TSE | Src:Google,2025-08-27,38.040,38.170,38.030,38.130,67460
ZCN,Ex:TSE | Src:Google,2025-08-28,38.290,38.300,38.020,38.110,93134
ZCN,Ex:TSE | Src:Google,2025-08-29,38.140,38.380,38.070,38.310,100143
ZCN,Ex:TSE | Src:Google,2025-09-02,38.220,38.400,38.090,38.390,117920
ZCN,Ex:TSE | Src:Google,2025-09-03,38.480,38.580,38.450,38.570,86682
ZCN,Ex:TSE | Src:Google,2025-09-04,38.610,38.820,38.580,38.790,68965
ZCN,Ex:TSE | Src:Google,2025-09-05,39.000,39.070,38.780,38.990,105304
ZCN,Ex:TSE | Src:Google,2025-09-08,39.060,39.060,38.790,38.970,112518
ZCN,Ex:TSE | Src:Google,2025-09-09,39.090,39.100,38.940,39.010,73122
ZCN,Ex:TSE | Src:Google,2025-09-10,39.120,39.230,39.100,39.170,68059
ZCN,Ex:TSE | Src:Google,2025-09-11,39.220,39.500,39.200,39.470,71569
ZCN,Ex:TSE | Src:Google,2025-09-12,39.490,39.490,39.280,39.320,105616
ZCN,Ex:TSE | Src:Google,2025-09-15,39.350,39.530,39.300,39.520,120355
ZCN,Ex:TSE | Src:Google,2025-09-16,39.540,39.570,39.290,39.370,91740
ZCN,Ex:TSE | Src:Google,2025-09-17,39.320,39.560,39.230,39.380,155351
ZCN,Ex:TSE | Src:Google,2025-09-18,39.450,39.640,39.380,39.570,118433
ZCN,Ex:TSE | Src:Google,2025-09-19,39.990,40.710,39.570,39.990,116054
ZCN,Ex:TSE | Src:Google,2025-09-22,40.130,40.290,39.980,40.250,162298
ZCN,Ex:TSE | Src:Google,2025-09-23,40.350,40.410,40.070,40.080,129558
ZCN,Ex:TSE | Src:Google,2025-09-24,40.170,40.300,40.000,40.000,96177
ZCN,Ex:TSE | Src:Google,2025-09-26,40.030,40.080,39.960,40.000,74131
ZCN,Ex:TSE | Src:Google,2025-09-29,39.990,40.090,39.960,40.070,105078
ZCN,Ex:TSE | Src:Google,2025-09-30,39.990,40.180,39.900,40.140,153402
ZCN,Ex:TSE | Src:Google,2025-10-01,40.160,40.360,40.150,40.290,63726
ZCN,Ex:TSE | Src:Yahoo JSON (append),2025-10-02,40.320,40.360,40.000,40.190,80911