Date,Open,High,Low,Close,Volume,MA20,MA50,TR,ATR(14),ATR%,MACD Hist (approx),MACD Line (SMA12â€“26)
2020-10-01,21.770,21.810,21.680,21.730,80548,,,,,,,
2020-10-02,21.530,21.780,21.500,21.770,32781,,,0.280,,,,
2020-10-05,21.870,22.070,21.860,22.060,61092,,,0.300,,,,
2020-10-06,22.090,22.120,21.840,21.850,111937,,,0.280,,,,
2020-10-07,21.990,22.100,21.990,22.100,12826,,,0.250,,,,
2020-10-08,22.180,22.250,22.180,22.250,30315,,,0.150,,,,
2020-10-09,22.310,22.340,22.250,22.280,50236,,,0.090,,,,
2020-10-13,22.280,22.280,22.140,22.230,45951,,,0.140,,,,
2020-10-14,22.270,22.300,22.130,22.140,49690,,,0.170,,,#DIV/0!,
2020-10-15,21.930,22.220,21.890,22.200,50366,,,0.330,,,#DIV/0!,
2020-10-16,22.250,22.260,22.130,22.130,34566,,,0.130,,,#DIV/0!,
2020-10-19,22.190,22.190,21.890,21.890,70542,,,0.300,,,#DIV/0!,
2020-10-20,21.990,22.010,21.870,21.900,56967,,,0.140,,,#DIV/0!,
2020-10-21,21.860,21.930,21.810,21.870,32310,,,0.120,0.206,0.009,#DIV/0!,
2020-10-22,21.850,21.930,21.740,21.910,16695,,,0.190,0.205,0.009,#DIV/0!,
2020-10-23,21.980,21.980,21.880,21.940,54539,,,0.100,0.192,0.009,#DIV/0!,
2020-10-26,21.850,21.850,21.550,21.660,42348,,,0.390,0.199,0.009,#DIV/0!,
2020-10-27,21.650,21.670,21.570,21.600,63593,,,0.100,0.186,0.009,#DIV/0!,
2020-10-28,21.300,21.300,20.990,21.000,72153,,,0.610,0.211,0.010,#DIV/0!,
2020-10-29,21.040,21.180,20.910,21.130,87425,21.882,,0.270,0.220,0.010,#DIV/0!,
2020-10-30,21.060,21.070,20.800,21.010,71490,21.846,,0.330,0.237,0.011,#DIV/0!,
2020-11-02,21.140,21.190,20.990,21.140,54270,21.815,,0.200,0.241,0.011,#DIV/0!,
2020-11-03,21.300,21.520,21.300,21.500,50286,21.787,,0.380,0.256,0.012,#DIV/0!,
2020-11-04,21.670,21.700,21.450,21.570,35251,21.773,,0.250,0.251,0.012,#DIV/0!,
2020-11-05,21.920,21.990,21.880,21.940,58866,21.765,,0.420,0.271,0.012,#DIV/0!,
2020-11-06,22.050,22.080,21.890,21.950,69969,21.750,,0.190,0.264,0.012,0.000,-0.269
2020-11-09,22.750,22.750,22.200,22.200,118340,21.746,,0.800,0.311,0.014,0.003,-0.263
2020-11-10,22.270,22.450,22.220,22.380,46503,21.753,,0.250,0.320,0.014,0.011,-0.250
2020-11-11,22.530,22.640,22.510,22.600,142511,21.776,,0.260,0.325,0.014,0.051,-0.192
2020-11-12,22.600,22.640,22.310,22.360,128089,21.784,,0.330,0.341,0.015,0.076,-0.148
2020-11-13,22.490,22.580,22.480,22.500,33410,21.803,,0.220,0.329,0.015,0.155,-0.039
2020-11-16,22.660,22.770,22.580,22.770,51623,21.847,,0.270,0.341,0.015,0.233,0.078
2020-11-17,22.650,22.870,22.620,22.850,178894,21.894,,0.250,0.316,0.014,0.319,0.209
2020-11-18,22.890,22.910,22.770,22.780,45398,21.940,,0.140,0.306,0.013,0.386,0.325
2020-11-19,22.730,22.810,22.710,22.800,37558,21.984,,0.100,0.290,0.013,0.394,0.408
2020-11-20,22.830,23.000,22.810,22.970,52933,22.036,,0.200,0.290,0.013,0.396,0.495
2020-11-23,23.020,23.120,23.000,23.070,52373,22.106,,0.150,0.274,0.012,0.365,0.553
2020-11-24,23.230,23.370,23.230,23.320,41224,22.192,,0.300,0.277,0.012,0.335,0.612
2020-11-25,23.330,23.380,23.240,23.370,227626,22.311,,0.140,0.257,0.011,0.287,0.653
2020-11-26,23.390,23.440,23.380,23.410,20420,22.425,,0.070,0.249,0.011,0.234,0.680
2020-11-27,23.400,23.510,23.390,23.480,31009,22.548,,0.120,0.200,0.009,0.178,0.693
2020-11-30,23.420,23.420,23.140,23.270,47163,22.655,,0.340,0.206,0.009,0.147,0.717
2020-12-01,23.560,23.560,23.350,23.350,48925,22.747,,0.290,0.209,0.009,0.108,0.723
2020-12-02,23.340,23.440,23.300,23.430,52373,22.840,,0.140,0.195,0.008,0.060,0.708
2020-12-03,23.480,23.570,23.480,23.500,33378,22.918,,0.140,0.189,0.008,-0.001,0.666
2020-12-04,23.550,23.660,23.550,23.660,143123,23.004,,0.160,0.181,0.008,-0.035,0.642
2020-12-07,23.640,23.780,23.590,23.750,105771,23.081,,0.190,0.177,0.007,-0.062,0.616
2020-12-08,23.710,23.840,23.710,23.840,68536,23.154,,0.130,0.176,0.007,-0.086,0.584
2020-12-09,23.860,23.860,23.630,23.740,46928,23.211,,0.230,0.186,0.008,-0.102,0.554
2020-12-10,23.630,23.790,23.620,23.790,42114,23.283,22.439,0.170,0.184,0.008,-0.128,0.508
2020-12-11,23.720,23.730,23.620,23.720,48313,23.344,22.479,0.170,0.185,0.008,-0.139,0.468
2020-12-14,23.830,23.830,23.510,23.510,80652,23.381,22.513,0.320,0.186,0.008,-0.157,0.417
2020-12-15,23.640,23.700,23.610,23.660,37852,23.421,22.545,0.190,0.190,0.008,-0.161,0.376
2020-12-16,23.740,23.780,23.640,23.740,204177,23.469,22.583,0.140,0.195,0.008,-0.140,0.362
2020-12-17,23.870,23.900,23.810,23.870,169476,23.523,22.619,0.160,0.198,0.008,-0.114,0.357
2020-12-18,23.900,23.900,23.690,23.690,103841,23.559,22.647,0.210,0.189,0.008,-0.112,0.327
2020-12-21,23.460,23.670,23.410,23.670,181315,23.589,22.675,0.280,0.188,0.008,-0.111,0.297
2020-12-22,23.710,23.760,23.640,23.740,46880,23.610,22.705,0.120,0.186,0.008,-0.109,0.266
2020-12-23,23.780,23.870,23.780,23.790,48188,23.631,22.738,0.130,0.186,0.008,-0.112,0.233
2020-12-24,23.800,23.860,23.780,23.850,45492,23.653,22.771,0.080,0.180,0.008,-0.121,0.193
2020-12-29,23.700,23.730,23.520,23.560,97547,23.657,22.800,0.330,0.190,0.008,-0.136,0.149
2020-12-30,23.620,23.680,23.570,23.590,51745,23.673,22.834,0.120,0.189,0.008,-0.147,0.108
2020-12-31,23.540,23.590,23.430,23.430,93473,23.677,22.865,0.160,0.184,0.008,-0.152,0.070
2021-01-04,23.650,23.660,23.410,23.560,107973,23.683,22.898,0.250,0.190,0.008,-0.125,0.065
2021-01-05,23.590,23.800,23.590,23.780,110020,23.697,22.936,0.240,0.195,0.008,-0.101,0.059
2021-01-06,23.850,24.100,23.850,23.970,178155,23.713,22.976,0.320,0.195,0.008,-0.076,0.057
2021-01-07,24.190,24.290,24.110,24.260,88313,23.738,23.028,0.320,0.204,0.008,-0.051,0.059
2021-01-08,24.310,24.310,24.160,24.260,73486,23.759,23.082,0.150,0.205,0.008,-0.023,0.069
2021-01-11,24.130,24.250,24.130,24.130,89044,23.779,23.144,0.130,0.203,0.008,-0.002,0.077
2021-01-12,24.200,24.230,24.090,24.210,62041,23.800,23.206,0.140,0.198,0.008,0.014,0.086
2021-01-13,24.200,24.240,24.090,24.130,32063,23.820,23.268,0.150,0.189,0.008,0.020,0.090
2021-01-14,24.200,24.250,24.160,24.160,112363,23.853,23.329,0.120,0.189,0.008,0.024,0.097
2021-01-15,24.160,24.160,24.000,24.090,71391,23.874,23.380,0.160,0.191,0.008,0.048,0.128
2021-01-18,24.120,24.180,24.090,24.160,32553,23.895,23.432,0.090,0.191,0.008,0.071,0.163
2021-01-19,24.220,24.280,24.110,24.170,67862,23.910,23.477,0.170,0.180,0.007,0.100,0.208
2021-01-20,24.270,24.270,24.110,24.250,80216,23.938,23.523,0.160,0.183,0.008,0.118,0.248
2021-01-21,24.260,24.260,24.060,24.120,92856,23.961,23.561,0.200,0.186,0.008,0.110,0.261
2021-01-22,23.970,24.050,23.950,24.010,70850,23.974,23.594,0.170,0.180,0.007,0.075,0.245
2021-01-25,24.040,24.140,23.900,24.100,82953,23.990,23.624,0.240,0.180,0.007,0.031,0.215
2021-01-26,24.180,24.180,23.940,23.940,101852,23.994,23.655,0.240,0.174,0.007,-0.013,0.181
2021-01-27,23.820,23.820,23.450,23.490,175465,23.991,23.675,0.490,0.186,0.008,-0.057,0.142
2021-01-28,23.670,23.860,23.640,23.800,97761,24.001,23.696,0.370,0.202,0.008,-0.093,0.103
2021-01-29,23.730,23.750,23.320,23.380,206265,23.999,23.706,0.480,0.227,0.010,-0.132,0.052
2021-02-01,23.640,23.880,23.580,23.830,100433,24.012,23.727,0.500,0.253,0.011,-0.142,0.021
2021-02-02,23.940,24.130,23.930,24.100,64208,24.028,23.753,0.300,0.264,0.011,-0.127,0.010
2021-02-03,24.140,24.150,24.030,24.150,55040,24.037,23.777,0.120,0.264,0.011,-0.110,-0.002
2021-02-04,24.200,24.360,24.170,24.320,69903,24.040,23.802,0.210,0.267,0.011,-0.097,-0.019
2021-02-05,24.420,24.470,24.370,24.450,62408,24.050,23.825,0.150,0.271,0.011,-0.086,-0.035
2021-02-08,24.600,24.710,24.580,24.710,55359,24.079,23.851,0.260,0.278,0.011,-0.062,-0.036
2021-02-09,24.760,24.830,24.720,24.810,280791,24.109,23.879,0.120,0.275,0.011,-0.026,-0.017
2021-02-10,24.920,24.970,24.670,24.870,58951,24.146,23.907,0.300,0.282,0.011,0.008,0.005
2021-02-11,24.920,24.930,24.770,24.800,84895,24.178,23.938,0.160,0.281,0.011,0.048,0.045
2021-02-12,24.790,24.890,24.740,24.890,240920,24.218,23.969,0.150,0.275,0.011,0.128,0.137
2021-02-16,25.010,25.060,24.890,24.930,138576,24.256,23.999,0.170,0.270,0.011,0.174,0.206
2021-02-17,24.740,24.800,24.630,24.800,151661,24.288,24.025,0.300,0.256,0.010,0.233,0.298
2021-02-18,24.740,24.760,24.580,24.650,150832,24.308,24.044,0.220,0.246,0.010,0.244,0.350
2021-02-19,24.720,24.810,24.640,24.800,192251,24.342,24.065,0.170,0.224,0.009,0.230,0.382
2021-02-22,24.750,24.910,24.750,24.860,101981,24.384,24.086,0.160,0.199,0.008,0.212,0.415
2021-02-23,24.680,24.790,24.320,24.730,189444,24.416,24.106,0.540,0.216,0.009,0.173,0.424
2021-02-24,24.750,25.020,24.620,24.960,114258,24.467,24.129,0.400,0.236,0.009,0.137,0.436
2021-02-25,24.930,25.000,24.500,24.590,165918,24.522,24.146,0.500,0.257,0.010,0.070,0.410
2021-02-26,24.580,24.610,24.210,24.370,229628,24.550,24.164,0.400,0.275,0.011,0.003,0.369
2021-03-01,24.670,24.790,24.640,24.720,186641,24.617,24.185,0.420,0.286,0.012,-0.047,0.333
2021-03-02,24.760,24.910,24.690,24.870,215641,24.669,24.207,0.220,0.294,0.012,-0.075,0.306
2021-03-03,24.870,24.910,24.650,24.740,124446,24.701,24.225,0.260,0.291,0.012,-0.103,0.269
2021-03-04,24.690,24.780,24.250,24.500,351422,24.719,24.241,0.530,0.317,0.013,-0.141,0.211
2021-03-05,24.660,24.850,24.320,24.830,231000,24.744,24.264,0.530,0.344,0.014,-0.162,0.162
2021-03-08,24.870,25.110,24.800,24.930,145081,24.768,24.288,0.310,0.354,0.014,-0.151,0.142
2021-03-09,25.090,25.280,25.070,25.140,119790,24.790,24.315,0.350,0.358,0.014,-0.153,0.103
2021-03-10,25.270,25.350,25.150,25.250,105478,24.812,24.343,0.210,0.357,0.014,-0.139,0.081
2021-03-11,25.440,25.510,25.380,25.470,106775,24.842,24.381,0.260,0.364,0.014,-0.099,0.090
2021-03-12,25.390,25.490,25.320,25.470,343057,24.875,24.419,0.170,0.364,0.014,-0.079,0.081
2021-03-15,25.570,25.630,25.430,25.630,112926,24.912,24.463,0.200,0.340,0.013,-0.022,0.118
2021-03-16,25.650,25.650,25.490,25.520,165389,24.942,24.502,0.160,0.323,0.013,0.043,0.172
2021-03-17,25.490,25.740,25.440,25.670,132251,24.985,24.540,0.300,0.309,0.012,0.085,0.214
2021-03-18,25.590,25.680,25.450,25.470,87836,25.026,24.570,0.230,0.296,0.012,0.101,0.239
2021-03-19,25.470,25.540,25.320,25.480,109718,25.060,24.594,0.220,0.282,0.011,0.125,0.277
2021-03-22,25.450,25.500,25.390,25.450,114270,25.090,24.618,0.110,0.274,0.011,0.153,0.331
2021-03-23,25.410,25.430,25.210,25.240,58386,25.115,24.640,0.240,0.273,0.011,0.144,0.352
2021-03-24,25.360,25.410,25.200,25.200,89180,25.127,24.660,0.210,0.250,0.010,0.125,0.364
2021-03-25,25.100,25.260,24.980,25.230,124837,25.159,24.682,0.280,0.232,0.009,0.086,0.355
2021-03-26,25.280,25.390,25.160,25.380,317268,25.210,24.706,0.230,0.226,0.009,0.044,0.338
2021-03-29,25.130,25.190,25.000,25.150,90425,25.231,24.728,0.380,0.229,0.009,-0.010,0.298
2021-03-30,25.060,25.170,25.020,25.130,80199,25.244,24.747,0.150,0.224,0.009,-0.054,0.259
2021-03-31,25.190,25.250,25.140,25.150,133343,25.265,24.767,0.120,0.214,0.009,-0.106,0.203
2021-04-01,25.310,25.530,25.290,25.510,121323,25.315,24.792,0.380,0.229,0.009,-0.117,0.181
2021-04-05,25.640,25.650,25.580,25.600,151372,25.354,24.821,0.140,0.225,0.009,-0.140,0.136
2021-04-06,25.660,25.750,25.640,25.680,108865,25.391,24.855,0.150,0.224,0.009,-0.145,0.103
2021-04-07,25.720,25.760,25.680,25.730,84235,25.421,24.887,0.080,0.209,0.008,-0.132,0.085
2021-04-08,25.770,25.870,25.690,25.860,52341,25.451,24.926,0.180,0.205,0.008,-0.106,0.082
2021-04-09,25.820,25.850,25.780,25.850,264434,25.470,24.973,0.080,0.195,0.008,-0.070,0.090
2021-04-12,25.850,25.900,25.780,25.830,297043,25.488,25.014,0.120,0.196,0.008,-0.046,0.091
2021-04-13,25.900,25.910,25.810,25.830,61348,25.498,25.063,0.100,0.186,0.007,-0.017,0.103
2021-04-14,25.900,25.980,25.780,25.790,81295,25.512,25.102,0.200,0.185,0.007,-0.005,0.104
2021-04-15,25.900,26.010,25.900,25.990,146631,25.528,25.140,0.220,0.181,0.007,0.037,0.141
2021-04-16,26.070,26.070,25.980,26.030,797798,25.556,25.177,0.090,0.171,0.007,0.077,0.186
2021-04-19,26.020,26.040,25.800,25.830,77454,25.573,25.207,0.240,0.161,0.006,0.105,0.229
2021-04-20,25.700,25.750,25.520,25.620,208052,25.582,25.231,0.310,0.172,0.007,0.093,0.232
2021-04-21,25.610,25.780,25.610,25.770,81819,25.608,25.252,0.170,0.176,0.007,0.084,0.241
2021-04-22,25.770,25.770,25.560,25.620,118923,25.629,25.268,0.210,0.164,0.006,0.059,0.232
2021-04-23,25.660,25.740,25.620,25.710,77613,25.653,25.285,0.120,0.162,0.006,0.040,0.229
2021-04-26,25.720,25.820,25.720,25.810,67104,25.675,25.305,0.110,0.159,0.006,0.011,0.212
2021-04-27,25.820,25.900,25.740,25.810,82890,25.708,25.324,0.160,0.165,0.006,-0.015,0.196
2021-04-28,25.900,26.110,25.890,26.050,86712,25.754,25.346,0.300,0.174,0.007,-0.025,0.191
2021-04-29,26.170,26.170,25.890,25.930,49578,25.793,25.369,0.280,0.188,0.007,-0.042,0.173
2021-04-30,25.840,25.870,25.710,25.720,114036,25.803,25.390,0.220,0.195,0.008,-0.059,0.147
2021-05-03,25.920,25.950,25.870,25.870,99109,25.817,25.411,0.230,0.204,0.008,-0.080,0.112
2021-05-04,25.890,25.890,25.670,25.840,116614,25.825,25.431,0.220,0.206,0.008,-0.096,0.079
2021-05-05,25.970,26.040,25.890,26.010,73081,25.839,25.457,0.200,0.204,0.008,-0.095,0.061
2021-05-06,26.020,26.020,25.860,25.990,92680,25.845,25.477,0.160,0.209,0.008,-0.078,0.058
2021-05-07,26.020,26.240,26.020,26.220,124065,25.864,25.510,0.250,0.210,0.008,-0.064,0.055
2021-05-10,26.280,26.280,26.080,26.080,249220,25.876,25.544,0.200,0.202,0.008,-0.034,0.071
2021-05-11,25.780,25.980,25.710,25.960,246960,25.883,25.569,0.370,0.216,0.008,-0.014,0.078
2021-05-12,25.870,25.920,25.680,25.730,128274,25.880,25.586,0.280,0.221,0.009,-0.012,0.070
2021-05-13,25.740,25.880,25.700,25.800,75576,25.870,25.607,0.180,0.226,0.009,-0.006,0.066
2021-05-14,25.880,26.140,25.880,26.100,82176,25.874,25.639,0.340,0.242,0.009,-0.006,0.061
2021-05-17,26.070,26.250,26.050,26.240,108388,25.894,25.667,0.200,0.245,0.009,0.006,0.072
2021-05-18,26.260,26.360,26.170,26.290,123562,25.928,25.695,0.190,0.237,0.009,0.031,0.102
2021-05-19,26.020,26.190,25.920,26.170,132273,25.948,25.715,0.370,0.244,0.009,0.037,0.114
2021-05-20,26.200,26.400,26.190,26.360,72413,25.985,25.737,0.230,0.244,0.009,0.050,0.135
2021-05-21,26.450,26.450,26.310,26.340,66096,26.016,25.755,0.140,0.238,0.009,0.055,0.149
2021-05-25,26.500,26.530,26.370,26.390,62189,26.045,25.773,0.190,0.236,0.009,0.064,0.168
2021-05-26,26.500,26.640,26.490,26.620,314162,26.086,25.793,0.250,0.239,0.009,0.056,0.171
2021-05-27,26.670,26.750,26.650,26.690,74826,26.118,25.816,0.130,0.237,0.009,0.053,0.181
2021-05-28,26.820,26.850,26.770,26.790,74531,26.161,25.839,0.160,0.231,0.009,0.066,0.211
2021-05-31,26.860,26.900,26.590,26.620,83372,26.206,25.862,0.310,0.239,0.009,0.083,0.247
2021-06-01,26.870,27.010,26.870,26.960,109884,26.260,25.891,0.390,0.240,0.009,0.110,0.295
2021-06-02,27.040,27.060,26.910,26.950,120157,26.316,25.921,0.150,0.231,0.009,0.113,0.322
2021-06-03,26.950,27.000,26.850,26.930,79234,26.362,25.955,0.150,0.229,0.008,0.105,0.337
2021-06-04,27.020,27.030,26.960,27.030,65263,26.414,25.992,0.100,0.211,0.008,0.106,0.361
2021-06-07,27.070,27.090,26.980,27.040,229555,26.455,26.028,0.110,0.205,0.008,0.111,0.391
2021-06-08,27.070,27.130,27.020,27.090,40405,26.505,26.062,0.110,0.199,0.007,0.094,0.399
2021-06-09,27.070,27.070,26.950,27.010,49445,26.558,26.099,0.140,0.183,0.007,0.080,0.411
2021-06-10,27.110,27.110,26.980,27.050,117927,26.624,26.138,0.130,0.176,0.006,0.066,0.419
2021-06-11,27.140,27.200,27.100,27.180,118613,26.693,26.178,0.150,0.176,0.006,0.048,0.421
2021-06-14,27.150,27.230,27.150,27.230,52791,26.749,26.213,0.080,0.169,0.006,0.032,0.418
2021-06-15,27.290,27.360,27.280,27.310,107566,26.803,26.247,0.130,0.160,0.006,0.022,0.419
2021-06-16,27.330,27.410,27.280,27.330,65713,26.855,26.280,0.130,0.160,0.006,0.023,0.431
2021-06-17,27.290,27.340,27.130,27.220,71856,26.907,26.310,0.210,0.164,0.006,-0.009,0.404
2021-06-18,27.000,27.170,27.000,27.030,866008,26.941,26.333,0.220,0.157,0.006,-0.049,0.360
2021-06-21,27.110,27.320,27.050,27.250,84410,26.986,26.361,0.290,0.150,0.006,-0.070,0.331
2021-06-22,27.290,27.340,27.170,27.310,74909,27.032,26.391,0.170,0.151,0.006,-0.082,0.308
2021-06-23,27.340,27.340,27.230,27.240,53775,27.063,26.419,0.110,0.149,0.005,-0.089,0.286
2021-06-24,27.360,27.360,27.270,27.320,43316,27.095,26.450,0.120,0.150,0.005,-0.092,0.266
2021-06-25,27.340,27.350,27.230,27.340,95021,27.122,26.477,0.120,0.151,0.006,-0.091,0.248
2021-06-28,27.210,27.210,26.990,27.040,113659,27.143,26.497,0.350,0.168,0.006,-0.096,0.221
2021-06-29,27.100,27.160,27.070,27.100,85651,27.150,26.522,0.120,0.166,0.006,-0.105,0.186
2021-06-30,27.080,27.100,26.990,27.080,70989,27.157,26.551,0.110,0.165,0.006,-0.115,0.146
2021-07-02,27.330,27.330,27.120,27.170,109103,27.169,26.579,0.250,0.172,0.006,-0.120,0.114
2021-07-05,27.190,27.270,27.170,27.260,46310,27.180,26.612,0.100,0.174,0.006,-0.121,0.086
2021-07-06,27.300,27.300,27.120,27.280,56969,27.192,26.644,0.180,0.177,0.006,-0.109,0.072
2021-07-07,27.290,27.360,27.190,27.260,70445,27.201,26.673,0.170,0.180,0.007,-0.090,0.067
2021-07-08,27.030,27.030,26.870,26.960,120207,27.198,26.696,0.390,0.193,0.007,-0.089,0.042
2021-07-09,27.070,27.240,27.070,27.230,63593,27.207,26.719,0.280,0.197,0.007,-0.082,0.025
2021-07-12,27.270,27.270,27.200,27.200,41416,27.208,26.745,0.070,0.181,0.007,-0.072,0.011
2021-07-13,27.260,27.310,27.230,27.260,55342,27.210,26.775,0.110,0.177,0.006,-0.065,-0.003
2021-07-14,27.280,27.310,27.070,27.100,72273,27.199,26.800,0.240,0.186,0.007,-0.068,-0.025
2021-07-15,27.070,27.180,27.020,27.130,62918,27.189,26.826,0.160,0.189,0.007,-0.047,-0.019
2021-07-16,27.170,27.170,26.860,26.870,76217,27.172,26.843,0.310,0.203,0.008,-0.048,-0.033
2021-07-19,26.620,26.630,26.380,26.540,154243,27.147,26.854,0.490,0.213,0.008,-0.059,-0.058
2021-07-20,26.580,26.850,26.510,26.810,295997,27.125,26.866,0.340,0.229,0.009,-0.059,-0.074
2021-07-21,26.900,27.080,26.890,27.030,55934,27.111,26.885,0.270,0.240,0.009,-0.056,-0.085
2021-07-22,27.030,27.050,26.950,27.030,58697,27.101,26.906,0.100,0.229,0.008,-0.053,-0.095
2021-07-23,27.120,27.170,27.110,27.170,48425,27.093,26.935,0.140,0.232,0.009,-0.042,-0.097
2021-07-26,27.160,27.180,27.080,27.110,69851,27.082,26.961,0.100,0.226,0.008,-0.017,-0.080
2021-07-27,27.100,27.140,27.020,27.130,82661,27.086,26.982,0.120,0.223,0.008,-0.022,-0.092
2021-07-28,27.180,27.230,27.110,27.210,63439,27.092,27.001,0.120,0.204,0.007,-0.012,-0.090
2021-07-29,27.280,27.390,27.280,27.330,55790,27.104,27.022,0.180,0.196,0.007,-0.001,-0.085
2021-07-30,27.220,27.310,27.200,27.310,71582,27.111,27.045,0.130,0.201,0.007,0.015,-0.070
2021-08-03,27.350,27.430,27.260,27.410,155142,27.119,27.066,0.170,0.205,0.007,0.033,-0.050
2021-08-04,27.370,27.490,27.350,27.350,47597,27.122,27.086,0.140,0.198,0.007,0.064,-0.010
2021-08-05,27.410,27.480,27.400,27.420,44924,27.130,27.107,0.130,0.196,0.007,0.107,0.048
2021-08-06,27.440,27.590,27.440,27.560,105206,27.160,27.125,0.170,0.186,0.007,0.130,0.093
2021-08-09,27.480,27.510,27.410,27.500,34688,27.174,27.142,0.150,0.161,0.006,0.132,0.116
2021-08-10,27.540,27.640,27.540,27.580,43218,27.193,27.157,0.140,0.147,0.005,0.135,0.146
2021-08-11,27.630,27.680,27.580,27.650,102419,27.212,27.178,0.100,0.135,0.005,0.131,0.171
2021-08-12,27.680,27.680,27.500,27.640,37311,27.239,27.192,0.180,0.141,0.005,0.130,0.201
2021-08-13,27.670,27.690,27.610,27.630,53174,27.264,27.205,0.080,0.136,0.005,0.124,0.229
2021-08-16,27.560,27.600,27.500,27.570,39276,27.299,27.218,0.130,0.139,0.005,0.099,0.235
2021-08-17,27.510,27.510,27.310,27.420,76829,27.343,27.226,0.260,0.149,0.005,0.072,0.236
2021-08-18,27.400,27.450,27.350,27.350,33933,27.370,27.232,0.100,0.147,0.005,0.049,0.233
2021-08-19,27.190,27.270,27.090,27.230,80581,27.380,27.235,0.260,0.153,0.006,0.021,0.219
2021-08-20,27.240,27.420,27.230,27.400,120772,27.399,27.243,0.190,0.157,0.006,0.003,0.212
2021-08-23,27.500,27.590,27.470,27.580,54748,27.419,27.253,0.190,0.159,0.006,-0.008,0.208
2021-08-24,27.640,27.730,27.620,27.690,44099,27.448,27.263,0.150,0.159,0.006,-0.031,0.187
2021-08-25,27.720,27.770,27.680,27.740,33077,27.479,27.274,0.090,0.156,0.006,-0.052,0.161
2021-08-26,27.730,27.740,27.620,27.630,133306,27.500,27.280,0.120,0.153,0.006,-0.069,0.134
2021-08-27,27.690,27.840,27.690,27.810,61690,27.524,27.290,0.210,0.157,0.006,-0.073,0.117
2021-08-30,27.810,27.820,27.710,27.760,72044,27.546,27.300,0.110,0.155,0.006,-0.076,0.099
2021-08-31,27.770,27.900,27.730,27.730,125252,27.562,27.314,0.170,0.160,0.006,-0.072,0.086
2021-09-01,27.800,27.930,27.770,27.890,87287,27.589,27.327,0.200,0.161,0.006,-0.060,0.083
2021-09-02,27.950,28.070,27.950,28.050,73742,27.621,27.342,0.180,0.169,0.006,-0.031,0.100
2021-09-03,28.090,28.110,28.040,28.080,32743,27.647,27.359,0.070,0.164,0.006,0.006,0.127
2021-09-07,28.130,28.160,28.060,28.070,58254,27.675,27.374,0.100,0.153,0.005,0.049,0.169
2021-09-08,28.060,28.130,27.970,27.980,75767,27.695,27.387,0.160,0.157,0.006,0.068,0.191
2021-09-09,27.940,28.020,27.910,27.930,106035,27.709,27.404,0.110,0.146,0.005,0.070,0.200
2021-09-10,28.000,28.000,27.830,27.830,73420,27.719,27.419,0.170,0.145,0.005,0.055,0.193
2021-09-13,28.000,28.000,27.830,27.880,64670,27.731,27.435,0.170,0.144,0.005,0.039,0.187
2021-09-14,27.880,27.900,27.710,27.750,55158,27.740,27.447,0.190,0.146,0.005,0.030,0.190
2021-09-15,27.800,27.950,27.770,27.930,91046,27.766,27.460,0.200,0.154,0.006,0.012,0.184
2021-09-16,27.890,27.890,27.750,27.810,60220,27.789,27.471,0.180,0.159,0.006,-0.001,0.179
2021-09-17,27.670,27.710,27.600,27.650,148793,27.810,27.478,0.210,0.159,0.006,-0.013,0.172
2021-09-20,27.340,27.390,26.980,27.220,125355,27.801,27.484,0.670,0.199,0.007,-0.049,0.133
2021-09-21,27.360,27.450,27.280,27.330,52906,27.788,27.486,0.230,0.203,0.007,-0.085,0.084
2021-09-22,27.500,27.620,27.500,27.550,141820,27.781,27.493,0.290,0.209,0.008,-0.111,0.041
2021-09-23,27.580,27.690,27.580,27.630,45323,27.776,27.500,0.140,0.206,0.007,-0.134,-0.004
2021-09-24,27.560,27.590,27.530,27.550,113551,27.772,27.509,0.100,0.209,0.008,-0.151,-0.048
2021-09-27,27.610,27.680,27.590,27.640,61354,27.763,27.519,0.130,0.211,0.008,-0.160,-0.087
2021-09-28,27.350,27.350,27.020,27.090,55163,27.730,27.524,0.620,0.244,0.009,-0.174,-0.137
2021-09-29,27.150,27.210,27.060,27.060,53544,27.696,27.534,0.150,0.246,0.009,-0.182,-0.186
2021-09-30,27.100,27.150,26.920,26.920,87211,27.648,27.536,0.230,0.251,0.009,-0.177,-0.225
2021-10-01,27.000,27.120,26.790,27.050,87439,27.598,27.537,0.330,0.262,0.010,-0.179,-0.272
2021-10-04,26.990,27.050,26.820,26.930,51074,27.540,27.535,0.230,0.265,0.010,-0.181,-0.318
2021-10-05,27.000,27.150,26.950,27.100,41635,27.492,27.533,0.220,0.266,0.010,-0.158,-0.337
2021-10-06,26.940,27.120,26.890,27.120,41936,27.449,27.533,0.230,0.270,0.010,-0.106,-0.321
2021-10-07,27.260,27.490,27.260,27.430,55361,27.424,27.539,0.370,0.281,0.010,-0.058,-0.301
2021-10-08,27.480,27.550,27.440,27.440,75232,27.404,27.544,0.120,0.242,0.009,-0.027,-0.293
2021-10-12,27.430,27.500,27.370,27.470,122165,27.384,27.547,0.130,0.235,0.009,-0.002,-0.284
2021-10-13,27.500,27.710,27.450,27.700,30223,27.381,27.555,0.260,0.233,0.008,0.033,-0.256
2021-10-14,27.880,27.990,27.870,27.970,27677,27.383,27.566,0.290,0.244,0.009,0.064,-0.225
2021-10-15,28.060,28.160,28.020,28.110,358817,27.398,27.581,0.190,0.250,0.009,0.130,-0.145
2021-10-18,28.100,28.180,28.050,28.180,96983,27.425,27.596,0.130,0.250,0.009,0.186,-0.061
2021-10-19,28.290,28.330,28.240,28.320,46667,27.480,27.611,0.150,0.216,0.008,0.242,0.036
2021-10-20,28.350,28.470,28.330,28.460,52245,27.536,27.631,0.150,0.216,0.008,0.287,0.132
2021-10-21,28.390,28.510,28.390,28.500,32506,27.584,27.649,0.120,0.209,0.007,0.329,0.234
2021-10-22,28.500,28.560,28.400,28.510,42060,27.628,27.666,0.160,0.196,0.007,0.356,0.329
2021-10-25,28.590,28.640,28.510,28.610,41005,27.681,27.686,0.130,0.189,0.007,0.371,0.422
2021-10-26,28.640,28.640,28.460,28.460,64676,27.722,27.702,0.180,0.186,0.007,0.344,0.477
2021-10-27,28.450,28.450,28.170,28.170,57835,27.776,27.714,0.290,0.191,0.007,0.287,0.501
2021-10-28,28.220,28.520,28.220,28.490,63972,27.847,27.736,0.350,0.189,0.007,0.251,0.542
2021-10-29,28.370,28.440,28.300,28.300,40723,27.916,27.755,0.190,0.194,0.007,0.203,0.563
2021-11-01,28.430,28.570,28.410,28.570,34784,27.992,27.781,0.270,0.204,0.007,0.157,0.577
2021-11-02,28.560,28.560,28.460,28.480,43302,28.070,27.803,0.110,0.194,0.007,0.103,0.572
2021-11-03,28.450,28.620,28.450,28.600,46732,28.145,27.823,0.170,0.185,0.006,0.064,0.570
2021-11-04,28.720,28.760,28.620,28.700,36370,28.224,27.844,0.160,0.183,0.006,0.010,0.539
2021-11-05,28.790,28.870,28.790,28.850,89770,28.295,27.866,0.170,0.186,0.006,-0.035,0.503
2021-11-08,28.990,29.020,28.950,28.990,89749,28.372,27.893,0.170,0.187,0.006,-0.072,0.464
2021-11-09,29.010,29.040,28.870,29.040,42973,28.451,27.918,0.170,0.189,0.006,-0.097,0.432
2021-11-10,29.020,29.030,28.840,28.860,36402,28.509,27.940,0.200,0.194,0.007,-0.132,0.379
2021-11-11,29.040,29.070,29.000,29.020,45964,28.561,27.965,0.210,0.198,0.007,-0.136,0.351
2021-11-12,29.050,29.300,29.050,29.300,35219,28.621,27.994,0.280,0.209,0.007,-0.102,0.362
2021-11-15,29.260,29.280,29.150,29.180,42494,28.671,28.016,0.150,0.206,0.007,-0.087,0.352
2021-11-16,29.230,29.310,29.200,29.220,64558,28.716,28.039,0.130,0.195,0.007,-0.056,0.360
2021-11-17,29.220,29.250,29.110,29.140,39283,28.750,28.060,0.140,0.180,0.006,-0.051,0.343
2021-11-18,29.140,29.150,29.030,29.110,60286,28.780,28.083,0.120,0.175,0.006,-0.034,0.342
2021-11-19,29.100,29.100,28.970,28.980,135659,28.804,28.104,0.140,0.166,0.006,-0.027,0.334
2021-11-22,29.060,29.070,28.830,28.840,37903,28.815,28.124,0.240,0.175,0.006,-0.031,0.318
2021-11-23,28.830,28.970,28.750,28.880,69376,28.836,28.144,0.220,0.179,0.006,-0.046,0.294
2021-11-24,28.780,29.010,28.720,29.010,26807,28.878,28.169,0.290,0.188,0.006,-0.062,0.269
2021-11-25,29.060,29.140,29.040,29.100,40345,28.909,28.193,0.130,0.185,0.006,-0.069,0.249
2021-11-26,28.680,28.680,28.400,28.450,80357,28.916,28.206,0.700,0.223,0.008,-0.086,0.217
2021-11-29,28.700,28.700,28.340,28.470,102240,28.911,28.222,0.360,0.236,0.008,-0.109,0.173
2021-11-30,28.370,28.410,27.850,27.880,112768,28.881,28.235,0.620,0.266,0.010,-0.171,0.082
2021-12-01,28.190,28.300,27.560,27.580,125400,28.830,28.240,0.740,0.304,0.011,-0.230,-0.017
2021-12-02,27.620,28.060,27.600,27.990,458418,28.795,28.249,0.480,0.319,0.011,-0.276,-0.113
2021-12-03,28.040,28.040,27.620,27.810,124919,28.743,28.253,0.420,0.338,0.012,-0.304,-0.197
2021-12-06,27.890,28.150,27.750,28.130,135824,28.700,28.264,0.400,0.357,0.013,-0.316,-0.273
2021-12-07,28.350,28.600,28.350,28.520,49436,28.674,28.282,0.470,0.381,0.013,-0.288,-0.309
2021-12-08,28.480,28.480,28.360,28.410,64070,28.651,28.308,0.160,0.384,0.014,-0.256,-0.342
2021-12-09,28.300,28.340,28.180,28.220,28277,28.611,28.331,0.230,0.390,0.014,-0.229,-0.382
2021-12-10,28.350,28.350,28.110,28.160,35465,28.554,28.356,0.240,0.390,0.014,-0.212,-0.433
2021-12-13,28.150,28.160,27.890,27.960,69646,28.493,28.374,0.270,0.394,0.014,-0.209,-0.493
2021-12-14,27.790,28.010,27.750,27.880,48105,28.426,28.393,0.260,0.391,0.014,-0.160,-0.498
2021-12-15,27.850,28.030,27.690,28.020,51805,28.370,28.412,0.340,0.406,0.015,-0.116,-0.496
2021-12-16,28.190,28.280,27.950,27.980,44091,28.314,28.429,0.330,0.380,0.014,-0.045,-0.454
2021-12-17,27.680,28.140,27.680,27.970,81480,28.263,28.440,0.460,0.387,0.014,0.040,-0.381
2021-12-20,27.670,27.720,27.500,27.710,111508,28.207,28.445,0.470,0.376,0.014,0.081,-0.344
2021-12-21,27.940,28.260,27.900,28.240,133434,28.175,28.461,0.550,0.363,0.013,0.146,-0.272
2021-12-22,28.190,28.430,28.180,28.430,89453,28.146,28.475,0.250,0.346,0.012,0.182,-0.216
2021-12-23,28.500,28.700,28.500,28.640,117194,28.123,28.489,0.270,0.336,0.012,0.184,-0.187
2021-12-24,28.640,28.700,28.640,28.670,30936,28.134,28.500,0.060,0.311,0.011,0.185,-0.148
2021-12-29,28.630,28.700,28.540,28.590,116258,28.140,28.508,0.160,0.289,0.010,0.186,-0.102
2021-12-30,28.600,28.730,28.560,28.560,52293,28.174,28.513,0.170,0.290,0.010,0.182,-0.058
2021-12-31,28.500,28.540,28.400,28.470,85811,28.218,28.513,0.160,0.285,0.010,0.190,0.000
2022-01-04,28.730,28.800,28.470,28.490,143131,28.243,28.513,0.330,0.291,0.010,0.210,0.071
2022-01-05,28.530,28.600,28.230,28.230,63610,28.264,28.507,0.370,0.299,0.011,0.210,0.122
2022-01-06,28.260,28.360,28.090,28.270,70631,28.271,28.500,0.270,0.299,0.011,0.194,0.153
2022-01-07,28.280,28.330,28.110,28.300,71404,28.260,28.497,0.220,0.291,0.010,0.183,0.187
2022-01-10,28.230,28.280,27.900,28.280,85693,28.254,28.499,0.400,0.296,0.010,0.170,0.219
2022-01-11,28.250,28.560,28.200,28.550,80269,28.270,28.501,0.360,0.289,0.010,0.119,0.207
2022-01-12,28.640,28.790,28.580,28.720,70394,28.298,28.509,0.240,0.272,0.009,0.081,0.204
2022-01-13,28.740,28.810,28.560,28.600,77815,28.330,28.510,0.250,0.251,0.009,0.022,0.170
2022-01-14,28.450,28.670,28.380,28.670,101623,28.370,28.513,0.290,0.254,0.009,-0.015,0.149
2022-01-17,28.690,28.920,28.690,28.910,55523,28.414,28.520,0.250,0.252,0.009,-0.014,0.161
2022-01-18,28.710,28.710,28.450,28.550,104806,28.443,28.517,0.460,0.281,0.010,-0.024,0.154
2022-01-19,28.640,28.660,28.400,28.460,73893,28.467,28.509,0.260,0.288,0.010,-0.033,0.144
2022-01-20,28.490,28.680,28.250,28.270,57880,28.495,28.494,0.430,0.306,0.011,-0.048,0.122
2022-01-21,28.110,28.110,27.560,27.670,151607,28.467,28.467,0.710,0.346,0.012,-0.069,0.086
2022-01-24,27.230,27.620,26.730,27.610,363722,28.426,28.442,0.940,0.389,0.014,-0.095,0.042
2022-01-25,27.340,27.850,27.050,27.640,211277,28.376,28.414,0.800,0.420,0.015,-0.113,0.001
2022-01-26,27.900,28.120,27.530,27.670,235317,28.326,28.382,0.590,0.443,0.016,-0.129,-0.038
2022-01-27,27.890,28.000,27.550,27.590,217211,28.276,28.350,0.450,0.459,0.017,-0.166,-0.103
2022-01-28,27.570,27.870,27.440,27.870,88973,28.241,28.323,0.430,0.461,0.017,-0.205,-0.180
2022-01-31,27.840,28.360,27.840,28.340,86748,28.235,28.307,0.520,0.473,0.017,-0.191,-0.205
2022-02-01,28.460,28.650,28.310,28.640,81152,28.242,28.298,0.340,0.480,0.017,-0.162,-0.216
2022-02-02,28.720,28.770,28.610,28.700,90879,28.266,28.292,0.160,0.474,0.017,-0.142,-0.236
2022-02-03,28.440,28.530,28.330,28.350,141840,28.270,28.282,0.370,0.479,0.017,-0.110,-0.240
2022-02-04,28.430,28.670,28.430,28.580,52468,28.284,28.276,0.320,0.484,0.017,-0.069,-0.230
2022-02-07,28.550,28.640,28.440,28.530,59719,28.296,28.267,0.200,0.466,0.016,-0.023,-0.207
2022-02-08,28.560,28.760,28.500,28.730,52018,28.305,28.259,0.260,0.466,0.016,0.065,-0.129
2022-02-09,28.940,29.090,28.920,29.010,54897,28.320,28.270,0.360,0.461,0.016,0.154,-0.032
2022-02-10,28.930,29.270,28.880,28.940,76875,28.337,28.280,0.390,0.438,0.015,0.210,0.049
2022-02-11,28.960,29.110,28.820,28.960,151617,28.351,28.301,0.290,0.391,0.014,0.253,0.130
2022-02-14,28.900,28.900,28.620,28.720,109294,28.342,28.324,0.340,0.359,0.012,0.284,0.208
2022-02-15,28.760,28.920,28.760,28.900,58645,28.359,28.342,0.200,0.331,0.011,0.290,0.270
2022-02-16,28.720,28.870,28.700,28.780,67059,28.375,28.362,0.200,0.313,0.011,0.258,0.298
2022-02-17,28.730,28.760,28.460,28.480,80324,28.386,28.369,0.320,0.305,0.011,0.196,0.294
2022-02-18,28.480,28.500,28.250,28.250,85922,28.415,28.363,0.250,0.286,0.010,0.119,0.270
2022-02-22,28.190,28.250,27.890,28.120,217853,28.440,28.358,0.360,0.287,0.010,0.076,0.272
2022-02-23,28.210,28.240,27.870,27.890,93724,28.453,28.351,0.370,0.302,0.011,0.026,0.253
2022-02-24,27.460,27.940,27.410,27.920,127900,28.465,28.346,0.530,0.314,0.011,-0.020,0.227
2022-02-25,28.020,28.420,27.970,28.410,157439,28.506,28.355,0.500,0.326,0.011,-0.053,0.202
2022-02-28,28.230,28.440,28.200,28.430,126626,28.534,28.366,0.240,0.329,0.012,-0.101,0.148
2022-03-01,28.470,28.550,28.150,28.270,102078,28.531,28.371,0.400,0.339,0.012,-0.157,0.069
2022-03-02,28.370,28.670,28.370,28.610,103657,28.529,28.384,0.400,0.342,0.012,-0.192,0.001
2022-03-03,28.640,28.720,28.550,28.620,77209,28.525,28.397,0.170,0.326,0.011,-0.200,-0.045
2022-03-04,28.550,28.820,28.550,28.810,83617,28.548,28.419,0.270,0.325,0.011,-0.211,-0.096
2022-03-07,28.890,29.040,28.680,28.680,119785,28.553,28.428,0.360,0.326,0.011,-0.215,-0.147
2022-03-08,28.720,28.940,28.580,28.610,176078,28.557,28.431,0.360,0.338,0.012,-0.186,-0.164
2022-03-09,28.670,29.010,28.610,28.950,74774,28.568,28.437,0.400,0.352,0.012,-0.111,-0.129
2022-03-10,28.800,29.070,28.790,29.070,43401,28.571,28.445,0.280,0.349,0.012,-0.019,-0.067
2022-03-11,29.010,29.110,28.900,28.900,81682,28.569,28.452,0.210,0.346,0.012,0.073,0.010
2022-03-14,28.850,28.850,28.470,28.550,89823,28.549,28.451,0.430,0.351,0.012,0.119,0.055
2022-03-15,28.360,28.560,28.260,28.550,99748,28.540,28.453,0.300,0.346,0.012,0.125,0.067
2022-03-16,28.710,28.950,28.570,28.910,105113,28.541,28.461,0.400,0.337,0.012,0.135,0.093
2022-03-17,29.010,29.330,29.000,29.330,152012,28.568,28.483,0.420,0.331,0.011,0.172,0.158
2022-03-18,29.260,29.490,29.250,29.420,105287,28.615,28.506,0.240,0.331,0.011,0.184,0.210
2022-03-21,29.560,29.690,29.550,29.650,100163,28.685,28.533,0.270,0.322,0.011,0.194,0.268
2022-03-22,29.770,29.860,29.740,29.770,187809,28.768,28.563,0.210,0.309,0.010,0.194,0.317
2022-03-23,29.780,29.790,29.550,29.550,55163,28.851,28.583,0.240,0.314,0.011,0.187,0.358
2022-03-24,29.680,29.690,29.490,29.590,52302,28.934,28.601,0.200,0.309,0.010,0.197,0.413
2022-03-25,29.610,29.700,29.540,29.690,43395,28.998,28.622,0.160,0.294,0.010,0.181,0.439
2022-03-28,29.600,29.660,29.520,29.660,103653,29.060,28.642,0.170,0.281,0.009,0.143,0.443
2022-03-29,29.450,29.600,29.340,29.570,67082,29.125,28.655,0.320,0.275,0.009,0.109,0.448
2022-03-30,29.570,29.640,29.520,29.590,55126,29.174,28.676,0.120,0.264,0.009,0.103,0.478
2022-03-31,29.630,29.740,29.370,29.390,87183,29.212,28.695,0.370,0.275,0.009,0.085,0.491
2022-04-01,29.470,29.520,29.280,29.420,70124,29.243,28.718,0.240,0.261,0.009,0.046,0.476
2022-04-04,29.490,29.610,29.430,29.600,47563,29.289,28.756,0.190,0.254,0.009,0.008,0.452
2022-04-05,29.580,29.780,29.390,29.420,125262,29.329,28.793,0.390,0.253,0.009,-0.036,0.414
2022-04-06,29.310,29.320,29.100,29.220,131785,29.343,28.824,0.320,0.246,0.008,-0.101,0.342
2022-04-07,29.230,29.310,29.020,29.270,84298,29.353,28.856,0.290,0.249,0.009,-0.150,0.275
2022-04-08,29.340,29.450,29.280,29.350,64492,29.375,28.891,0.180,0.243,0.008,-0.171,0.230
2022-04-11,29.310,29.360,29.170,29.220,112183,29.409,28.918,0.190,0.241,0.008,-0.188,0.183
2022-04-12,29.390,29.430,29.110,29.140,71068,29.438,28.934,0.320,0.247,0.008,-0.212,0.120
2022-04-13,29.230,29.360,29.170,29.320,65042,29.459,28.948,0.220,0.249,0.008,-0.220,0.064
2022-04-14,29.320,29.430,29.320,29.320,72978,29.458,28.960,0.110,0.245,0.008,-0.205,0.029
2022-04-18,29.350,29.460,29.320,29.340,60809,29.454,28.980,0.140,0.243,0.008,-0.186,-0.002
2022-04-19,29.330,29.560,29.300,29.530,32782,29.448,28.999,0.260,0.239,0.008,-0.151,-0.015
2022-04-20,29.520,29.600,29.440,29.520,89332,29.436,29.019,0.160,0.241,0.008,-0.137,-0.044
2022-04-21,29.660,29.670,29.000,29.070,259252,29.412,29.026,0.670,0.263,0.009,-0.159,-0.108
2022-04-22,28.940,28.990,28.430,28.450,210975,29.355,29.015,0.640,0.291,0.010,-0.177,-0.171
2022-04-25,28.110,28.280,27.750,28.220,172633,29.281,29.000,0.700,0.328,0.012,-0.174,-0.211
2022-04-26,28.210,28.210,27.780,27.780,145741,29.187,28.977,0.440,0.331,0.012,-0.192,-0.273
2022-04-27,27.850,27.980,27.690,27.850,103833,29.101,28.959,0.290,0.329,0.012,-0.204,-0.328
2022-04-28,28.070,28.470,27.950,28.360,119502,29.040,28.948,0.620,0.353,0.012,-0.179,-0.346
2022-04-29,28.280,28.430,27.880,27.880,115649,28.964,28.930,0.550,0.379,0.014,-0.178,-0.387
2022-05-02,27.820,27.880,27.480,27.800,174126,28.883,28.917,0.400,0.394,0.014,-0.188,-0.444
2022-05-03,27.850,28.240,27.850,28.080,100032,28.807,28.913,0.440,0.403,0.014,-0.180,-0.486
2022-05-04,28.160,28.490,27.950,28.470,90913,28.760,28.920,0.540,0.426,0.015,-0.162,-0.513
2022-05-05,28.370,28.370,27.640,27.810,194089,28.689,28.919,0.830,0.477,0.017,-0.191,-0.588
2022-05-06,27.730,27.810,27.430,27.710,293659,28.611,28.915,0.380,0.494,0.018,-0.219,-0.667
2022-05-09,27.310,27.310,26.810,26.870,206012,28.487,28.884,0.900,0.540,0.020,-0.252,-0.753
2022-05-10,27.090,27.230,26.510,26.730,399815,28.363,28.850,0.720,0.580,0.022,-0.240,-0.793
2022-05-11,26.770,27.110,26.600,26.640,259270,28.238,28.817,0.510,0.569,0.021,-0.206,-0.811
2022-05-12,26.440,26.590,26.200,26.470,185339,28.095,28.774,0.440,0.554,0.021,-0.155,-0.806
2022-05-13,26.720,27.140,26.720,27.020,164296,27.980,28.742,0.670,0.552,0.020,-0.101,-0.791
2022-05-16,27.020,27.300,26.970,27.170,176691,27.872,28.710,0.330,0.544,0.020,-0.084,-0.809
2022-05-17,27.480,27.580,27.350,27.550,92921,27.773,28.687,0.410,0.553,0.020,-0.014,-0.768
2022-05-18,27.510,27.510,26.950,26.990,101813,27.646,28.655,0.600,0.551,0.020,0.023,-0.749
2022-05-19,26.790,27.340,26.760,27.160,149268,27.551,28.619,0.580,0.554,0.020,0.031,-0.750
2022-05-20,27.310,27.350,26.830,27.140,173123,27.485,28.580,0.520,0.562,0.021,0.007,-0.777
2022-05-24,27.320,27.350,27.120,27.270,128416,27.438,28.548,0.230,0.547,0.020,0.035,-0.743
2022-05-25,27.260,27.500,27.260,27.430,75218,27.420,28.525,0.240,0.526,0.019,0.072,-0.693
2022-05-26,27.540,27.720,27.540,27.630,114580,27.409,28.507,0.290,0.487,0.018,0.181,-0.557
2022-05-27,27.700,27.950,27.700,27.930,125097,27.388,28.487,0.320,0.483,0.017,0.298,-0.395
2022-05-30,28.030,28.170,28.020,28.160,92035,27.402,28.464,0.240,0.436,0.015,0.396,-0.234
2022-05-31,28.060,28.100,27.860,27.900,127925,27.407,28.433,0.300,0.406,0.015,0.461,-0.093
2022-06-01,28.050,28.100,27.750,27.890,65687,27.397,28.398,0.350,0.394,0.014,0.464,-0.008
2022-06-02,27.890,28.320,27.890,28.320,90678,27.390,28.369,0.430,0.394,0.014,0.448,0.067
2022-06-03,28.140,28.150,27.950,28.000,152067,27.399,28.338,0.370,0.372,0.013,0.383,0.099
2022-06-06,28.150,28.180,28.000,28.030,64115,27.415,28.307,0.180,0.361,0.013,0.378,0.198
2022-06-07,27.900,28.160,27.900,28.160,55086,27.480,28.276,0.260,0.351,0.012,0.343,0.271
2022-06-08,28.110,28.170,27.920,28.010,76852,27.544,28.243,0.250,0.326,0.012,0.308,0.335
2022-06-09,27.890,27.960,27.690,27.700,185458,27.597,28.206,0.320,0.307,0.011,0.272,0.385
2022-06-10,27.450,27.470,27.210,27.320,137759,27.639,28.161,0.490,0.305,0.011,0.235,0.420
2022-06-13,26.810,26.810,26.410,26.570,227849,27.617,28.104,0.910,0.354,0.013,0.141,0.380
2022-06-14,26.730,26.730,26.200,26.360,361108,27.576,28.043,0.530,0.374,0.014,0.028,0.301
2022-06-15,26.500,26.620,26.120,26.440,224791,27.521,27.980,0.500,0.389,0.015,-0.111,0.174
2022-06-16,26.000,26.040,25.560,25.620,286766,27.452,27.904,0.880,0.429,0.017,-0.250,0.027
2022-06-17,25.680,25.870,25.360,25.530,128430,27.371,27.830,0.510,0.449,0.018,-0.368,-0.127
2022-06-20,25.610,25.870,25.610,25.850,51108,27.306,27.762,0.340,0.451,0.017,-0.485,-0.309
2022-06-21,25.990,26.150,25.950,25.990,122916,27.242,27.694,0.300,0.448,0.017,-0.527,-0.437
2022-06-22,25.540,25.810,25.480,25.620,314678,27.152,27.622,0.510,0.454,0.018,-0.562,-0.578
2022-06-23,25.680,25.690,25.180,25.250,149035,27.033,27.545,0.510,0.464,0.018,-0.588,-0.732
2022-06-24,25.410,25.750,25.410,25.720,86249,26.922,27.473,0.500,0.486,0.019,-0.590,-0.874
2022-06-27,25.800,26.020,25.730,25.970,116091,26.813,27.406,0.300,0.489,0.019,-0.547,-0.973
2022-06-28,25.990,26.100,25.640,25.720,78130,26.704,27.333,0.460,0.504,0.020,-0.490,-1.051
2022-06-29,25.790,25.790,25.470,25.550,86368,26.587,27.254,0.320,0.504,0.020,-0.387,-1.070
2022-06-30,25.240,25.300,25.010,25.290,115098,26.435,27.169,0.540,0.508,0.020,-0.288,-1.077
2022-07-04,25.370,25.640,25.370,25.520,35337,26.311,27.098,0.350,0.468,0.018,-0.199,-1.073
2022-07-05,25.230,25.320,24.830,25.230,177496,26.171,27.034,0.690,0.479,0.019,-0.065,-1.001
2022-07-06,25.200,25.270,24.860,25.100,236768,26.018,26.971,0.410,0.473,0.019,0.055,-0.919
2022-07-07,25.310,25.580,25.310,25.560,88271,25.896,26.927,0.480,0.444,0.017,0.134,-0.854
2022-07-08,25.580,25.600,25.380,25.520,48215,25.787,26.880,0.220,0.424,0.017,0.178,-0.802
2022-07-11,25.360,25.410,25.200,25.230,58777,25.682,26.818,0.320,0.422,0.017,0.236,-0.715
2022-07-12,25.080,25.210,24.980,25.060,112775,25.607,26.761,0.250,0.419,0.017,0.285,-0.618
2022-07-13,24.840,25.060,24.660,24.980,146076,25.538,26.705,0.400,0.411,0.016,0.284,-0.562
2022-07-14,24.740,24.750,24.410,24.590,310280,25.445,26.635,0.570,0.415,0.017,0.247,-0.540
2022-07-15,24.800,24.800,24.560,24.630,114900,25.396,26.558,0.240,0.396,0.016,0.223,-0.501
2022-07-18,24.920,25.120,24.910,24.940,82399,25.366,26.501,0.490,0.410,0.016,0.216,-0.446
2022-07-19,25.120,25.410,25.120,25.400,83364,25.344,26.455,0.470,0.411,0.016,0.237,-0.363
2022-07-20,25.380,25.560,25.280,25.510,204894,25.320,26.427,0.280,0.408,0.016,0.218,-0.323
2022-07-21,25.410,25.570,25.320,25.570,88925,25.317,26.404,0.250,0.387,0.015,0.217,-0.264
2022-07-22,25.600,25.680,25.380,25.470,110134,25.328,26.381,0.300,0.384,0.015,0.228,-0.196
2022-07-25,25.520,25.660,25.460,25.620,90989,25.323,26.364,0.200,0.349,0.014,0.185,-0.191
2022-07-26,25.580,25.640,25.420,25.470,35739,25.298,26.333,0.220,0.335,0.013,0.142,-0.193
2022-07-27,25.580,25.920,25.580,25.860,154909,25.305,26.307,0.450,0.333,0.013,0.150,-0.141
2022-07-28,25.980,26.140,25.800,26.130,113285,25.334,26.278,0.340,0.341,0.013,0.185,-0.057
2022-07-29,26.230,26.500,26.230,26.440,78431,25.392,26.267,0.370,0.345,0.013,0.221,0.033
2022-08-02,26.270,26.410,26.170,26.200,119208,25.426,26.248,0.270,0.346,0.013,0.264,0.131
2022-08-03,26.320,26.320,26.170,26.260,217328,25.477,26.230,0.150,0.329,0.013,0.316,0.246
2022-08-04,26.290,26.340,26.250,26.300,76451,25.537,26.211,0.090,0.294,0.011,0.349,0.347
2022-08-05,26.230,26.360,26.140,26.340,71232,25.576,26.189,0.220,0.293,0.011,0.337,0.401
2022-08-08,26.410,26.550,26.390,26.450,70403,25.623,26.166,0.210,0.273,0.010,0.310,0.445
2022-08-09,26.450,26.450,26.250,26.300,70921,25.676,26.133,0.200,0.254,0.010,0.259,0.467
2022-08-10,26.550,26.740,26.490,26.690,276576,25.758,26.104,0.440,0.265,0.010,0.242,0.524
2022-08-11,26.880,26.990,26.830,26.860,117382,25.852,26.083,0.300,0.269,0.010,0.213,0.564
2022-08-12,26.940,27.130,26.930,27.120,50303,25.978,26.067,0.270,0.266,0.010,0.208,0.624
2022-08-15,26.930,27.150,26.920,27.130,65365,26.103,26.044,0.230,0.269,0.010,0.193,0.669
2022-08-16,27.110,27.270,27.100,27.250,67751,26.219,26.029,0.170,0.265,0.010,0.170,0.696
2022-08-17,27.140,27.220,27.080,27.130,82656,26.305,26.011,0.170,0.245,0.009,0.117,0.681
2022-08-18,27.210,27.330,27.190,27.250,82925,26.392,25.992,0.200,0.235,0.009,0.089,0.684
2022-08-19,27.120,27.120,26.990,27.040,97066,26.466,25.973,0.260,0.227,0.008,0.050,0.670
2022-08-22,26.790,26.870,26.680,26.870,123755,26.536,25.956,0.360,0.234,0.009,-0.008,0.630
2022-08-23,26.870,27.010,26.860,26.880,68988,26.599,25.948,0.150,0.234,0.009,-0.057,0.588
2022-08-24,26.840,26.970,26.840,26.940,50361,26.672,25.955,0.130,0.236,0.009,-0.092,0.552
2022-08-25,27.070,27.150,27.020,27.130,48477,26.736,25.970,0.210,0.236,0.009,-0.081,0.555
2022-08-26,27.180,27.180,26.720,26.730,73406,26.766,25.976,0.460,0.254,0.009,-0.107,0.511
2022-08-29,26.550,26.750,26.500,26.690,91916,26.778,25.998,0.250,0.257,0.010,-0.138,0.454
2022-08-30,26.640,26.690,26.230,26.270,106296,26.782,26.012,0.460,0.259,0.010,-0.203,0.352
2022-08-31,26.190,26.250,26.050,26.060,107916,26.772,26.017,0.220,0.253,0.010,-0.260,0.246
2022-09-01,25.840,25.850,25.580,25.780,91715,26.746,26.012,0.480,0.268,0.010,-0.333,0.112
2022-09-02,26.050,26.220,25.880,25.950,93947,26.726,26.019,0.440,0.283,0.011,-0.366,0.010
2022-09-06,26.050,26.090,25.670,25.700,426451,26.689,26.028,0.420,0.301,0.012,-0.401,-0.103
2022-09-07,25.620,25.940,25.580,25.910,112971,26.669,26.032,0.360,0.314,0.012,-0.394,-0.177
2022-09-08,25.860,26.150,25.820,26.150,77615,26.642,26.035,0.330,0.324,0.012,-0.365,-0.235
2022-09-09,26.370,26.650,26.360,26.640,94485,26.631,26.054,0.500,0.341,0.013,-0.313,-0.269
2022-09-12,26.840,26.980,26.790,26.920,131065,26.621,26.081,0.340,0.339,0.013,-0.255,-0.295
2022-09-13,26.560,26.730,26.410,26.470,118423,26.588,26.105,0.510,0.365,0.014,-0.236,-0.355
2022-09-14,26.540,26.690,26.500,26.590,79088,26.555,26.126,0.220,0.371,0.014,-0.185,-0.372
2022-09-15,26.470,26.650,26.320,26.370,69474,26.517,26.149,0.330,0.380,0.014,-0.157,-0.401
2022-09-16,26.150,26.170,26.000,26.140,588818,26.462,26.170,0.370,0.374,0.014,-0.102,-0.391
2022-09-19,25.890,26.380,25.890,26.370,133185,26.428,26.186,0.490,0.391,0.015,-0.031,-0.346
2022-09-20,26.310,26.310,25.980,26.120,185822,26.391,26.198,0.390,0.386,0.015,0.048,-0.279
2022-09-21,26.260,26.290,25.900,25.900,138834,26.342,26.211,0.390,0.398,0.015,0.091,-0.236
2022-09-22,25.960,25.990,25.620,25.650,123483,26.277,26.223,0.370,0.390,0.015,0.138,-0.179
2022-09-23,25.270,25.270,24.790,24.940,357527,26.168,26.222,0.860,0.420,0.017,0.128,-0.176
2022-09-26,24.840,25.100,24.650,24.780,220389,26.070,26.226,0.450,0.422,0.017,0.091,-0.195
2022-09-27,24.950,25.030,24.630,24.700,279201,25.971,26.228,0.400,0.425,0.017,0.008,-0.266
2022-09-28,24.520,25.050,24.430,24.970,192342,25.906,26.228,0.620,0.446,0.018,-0.086,-0.356
2022-09-29,24.840,24.840,24.460,24.700,131487,25.838,26.214,0.510,0.446,0.018,-0.147,-0.419
2022-09-30,24.710,25.010,24.640,24.710,146662,25.784,26.198,0.370,0.449,0.018,-0.202,-0.490
2022-10-03,24.960,25.400,24.960,25.300,125332,25.752,26.193,0.690,0.461,0.018,-0.195,-0.509
2022-10-04,25.700,26.000,25.700,25.960,145394,25.765,26.203,0.700,0.496,0.019,-0.152,-0.494
2022-10-05,25.770,25.860,25.610,25.780,117756,25.758,26.206,0.350,0.497,0.019,-0.129,-0.509
2022-10-06,25.710,25.730,25.360,25.450,168786,25.723,26.205,0.420,0.501,0.020,-0.114,-0.533
2022-10-07,25.260,25.260,24.840,24.910,177655,25.637,26.186,0.610,0.509,0.020,-0.110,-0.571
2022-10-11,24.610,24.690,24.390,24.430,132229,25.512,26.152,0.520,0.519,0.021,-0.121,-0.621
2022-10-12,24.390,24.490,24.280,24.410,117949,25.409,26.112,0.210,0.506,0.021,-0.078,-0.606
2022-10-13,24.070,25.000,23.980,24.960,299087,25.328,26.087,1.020,0.552,0.022,-0.018,-0.562
2022-10-14,25.060,25.160,24.570,24.570,182752,25.238,26.053,0.590,0.533,0.022,0.026,-0.522
2022-10-17,24.900,25.140,24.900,24.960,126468,25.179,26.026,0.570,0.541,0.022,0.067,-0.477
2022-10-18,25.330,25.350,25.040,25.210,111529,25.121,26.004,0.390,0.541,0.021,0.152,-0.379
2022-10-19,25.100,25.130,24.910,25.020,70840,25.066,25.975,0.300,0.518,0.021,0.225,-0.280
2022-10-20,25.070,25.250,24.850,24.860,111195,25.014,25.946,0.400,0.510,0.021,0.220,-0.255
2022-10-21,24.890,25.310,24.820,25.270,153183,24.995,25.918,0.490,0.519,0.021,0.179,-0.262
2022-10-24,25.360,25.420,25.220,25.380,169652,25.017,25.888,0.200,0.484,0.019,0.143,-0.257
2022-10-25,25.300,25.620,25.300,25.620,56557,25.059,25.858,0.320,0.456,0.018,0.135,-0.223
2022-10-26,25.610,26.070,25.610,25.870,89963,25.117,25.833,0.460,0.464,0.018,0.185,-0.124
2022-10-27,26.010,26.190,25.920,25.960,158547,25.167,25.807,0.320,0.457,0.018,0.260,0.010
2022-10-28,25.980,26.130,25.880,26.130,135922,25.238,25.787,0.250,0.431,0.017,0.325,0.144
2022-10-31,26.040,26.180,26.040,26.080,71193,25.307,25.764,0.140,0.404,0.016,0.335,0.221
2022-11-01,26.430,26.450,26.170,26.210,102068,25.352,25.747,0.370,0.416,0.016,0.357,0.309
2022-11-02,26.150,26.390,25.860,25.860,146638,25.347,25.727,0.530,0.381,0.015,0.325,0.343
2022-11-03,25.660,25.940,25.650,25.830,83453,25.350,25.706,0.290,0.359,0.014,0.265,0.351
2022-11-04,26.180,26.280,25.940,26.100,74221,25.382,25.689,0.450,0.351,0.013,0.239,0.397
2022-11-07,26.210,26.260,26.100,26.230,63222,25.448,25.671,0.160,0.334,0.013,0.219,0.453
2022-11-08,26.290,26.510,26.230,26.400,128995,25.547,25.665,0.280,0.333,0.013,0.181,0.482
2022-11-09,26.270,26.290,25.980,25.980,65076,25.625,25.651,0.420,0.334,0.013,0.149,0.506
2022-11-10,26.560,26.900,26.530,26.830,105626,25.719,25.662,0.920,0.365,0.014,0.169,0.573
2022-11-11,26.940,27.070,26.900,27.010,159268,25.841,25.681,0.240,0.368,0.014,0.173,0.621
2022-11-14,26.900,27.000,26.770,26.770,78182,25.931,25.701,0.240,0.362,0.014,0.153,0.637
2022-11-15,27.000,27.020,26.800,26.860,116744,26.014,25.719,0.250,0.347,0.013,0.107,0.623
2022-11-16,26.800,26.880,26.750,26.840,91229,26.105,25.742,0.130,0.334,0.012,0.051,0.594
2022-11-17,26.590,26.730,26.570,26.730,120909,26.198,25.758,0.270,0.335,0.013,-0.012,0.548
2022-11-18,26.790,26.870,26.750,26.840,74512,26.277,25.772,0.140,0.335,0.012,-0.014,0.557
2022-11-21,26.750,26.870,26.620,26.870,77527,26.351,25.776,0.250,0.326,0.012,-0.024,0.556
2022-11-22,26.960,27.210,26.960,27.180,72595,26.429,25.782,0.340,0.313,0.012,-0.025,0.560
2022-11-23,27.130,27.300,27.130,27.270,110695,26.499,25.798,0.170,0.304,0.011,-0.017,0.568
2022-11-24,27.380,27.420,27.330,27.340,20899,26.568,25.813,0.150,0.283,0.010,-0.021,0.557
2022-11-25,27.370,27.480,27.350,27.410,39663,26.632,25.833,0.140,0.281,0.010,0.007,0.578
2022-11-28,27.280,27.420,27.140,27.190,83935,26.688,25.854,0.280,0.281,0.010,-0.027,0.534
2022-11-29,27.320,27.350,27.250,27.290,49470,26.742,25.873,0.160,0.263,0.010,-0.065,0.484
2022-11-30,27.360,27.530,27.100,27.520,108279,26.825,25.901,0.430,0.228,0.008,-0.067,0.473
2022-12-01,27.670,27.780,27.590,27.620,64576,26.914,25.935,0.260,0.229,0.008,-0.062,0.469
2022-12-02,27.440,27.660,27.400,27.570,54341,26.988,25.974,0.260,0.231,0.008,-0.053,0.468
2022-12-05,27.540,27.540,27.200,27.250,103522,27.039,26.020,0.370,0.239,0.009,-0.043,0.468
2022-12-06,27.280,27.340,26.880,26.900,117380,27.064,26.062,0.460,0.263,0.010,-0.055,0.442
2022-12-07,26.890,27.040,26.870,26.900,103492,27.110,26.106,0.170,0.256,0.010,-0.064,0.418
2022-12-08,26.970,27.040,26.870,26.880,42893,27.112,26.144,0.170,0.258,0.010,-0.103,0.354
2022-12-09,26.920,27.050,26.870,26.880,51865,27.106,26.188,0.180,0.253,0.009,-0.148,0.281
2022-12-12,26.880,26.950,26.740,26.950,94258,27.115,26.233,0.210,0.244,0.009,-0.183,0.216
2022-12-13,27.320,27.460,26.880,26.990,158628,27.121,26.267,0.580,0.273,0.010,-0.212,0.151
2022-12-14,27.000,27.060,26.760,26.820,161868,27.120,26.284,0.300,0.284,0.011,-0.218,0.104
2022-12-15,26.600,26.600,26.310,26.430,99468,27.105,26.297,0.510,0.310,0.012,-0.257,0.015
2022-12-16,26.190,26.280,26.090,26.220,141546,27.074,26.312,0.340,0.314,0.012,-0.282,-0.070
2022-12-19,26.250,26.250,25.840,25.900,116442,27.026,26.332,0.410,0.332,0.013,-0.315,-0.170
2022-12-20,25.920,26.120,25.880,26.030,155174,26.968,26.364,0.240,0.319,0.012,-0.338,-0.270
2022-12-21,26.220,26.420,26.220,26.390,64040,26.924,26.404,0.390,0.328,0.012,-0.316,-0.324
2022-12-22,26.280,26.280,25.870,26.090,129186,26.862,26.426,0.520,0.346,0.013,-0.283,-0.362
2022-12-23,26.100,26.300,26.060,26.300,83638,26.806,26.461,0.240,0.337,0.013,-0.249,-0.396
2022-12-28,26.040,26.040,25.760,25.790,153467,26.736,26.477,0.540,0.343,0.013,-0.233,-0.446
2022-12-29,25.850,26.120,25.850,26.100,47655,26.677,26.495,0.330,0.354,0.014,-0.203,-0.482
2022-12-30,26.000,26.070,25.890,25.960,99451,26.599,26.514,0.210,0.357,0.014,-0.180,-0.517
2023-01-03,26.160,26.300,25.960,26.050,116546,26.520,26.538,0.340,0.369,0.014,-0.158,-0.549
2023-01-04,26.090,26.290,26.020,26.240,114319,26.454,26.557,0.270,0.373,0.014,-0.121,-0.555
2023-01-05,26.150,26.190,26.000,26.150,100274,26.399,26.573,0.240,0.349,0.013,-0.067,-0.529
2023-01-06,26.260,26.570,26.220,26.560,83925,26.382,26.591,0.420,0.357,0.013,0.002,-0.477
2023-01-09,26.680,26.780,26.600,26.610,98125,26.367,26.606,0.220,0.336,0.013,0.091,-0.392
2023-01-10,26.610,26.660,26.460,26.660,93059,26.356,26.620,0.200,0.326,0.012,0.166,-0.306
2023-01-11,26.760,26.840,26.690,26.840,83445,26.354,26.634,0.180,0.310,0.012,0.211,-0.239
2023-01-12,26.930,27.100,26.800,27.070,113231,26.360,26.654,0.300,0.314,0.012,0.274,-0.138
2023-01-13,27.010,27.320,27.000,27.290,83039,26.375,26.676,0.320,0.309,0.011,0.303,-0.057
2023-01-16,27.250,27.390,27.240,27.310,51063,26.400,26.705,0.150,0.283,0.010,0.347,0.054
2023-01-17,27.360,27.430,27.330,27.420,219547,26.449,26.737,0.120,0.274,0.010,0.360,0.144
2023-01-18,27.540,27.650,27.310,27.310,135244,26.504,26.761,0.340,0.260,0.010,0.370,0.240
2023-01-19,27.220,27.350,27.160,27.270,103722,26.572,26.782,0.190,0.250,0.009,0.367,0.327
2023-01-20,27.270,27.490,27.200,27.470,58018,26.644,26.803,0.290,0.256,0.009,0.361,0.409
2023-01-23,27.540,27.660,27.450,27.660,87941,26.708,26.837,0.210,0.246,0.009,0.370,0.509
2023-01-24,27.580,27.680,27.500,27.670,60619,26.787,26.853,0.180,0.240,0.009,0.340,0.569
2023-01-25,27.560,27.670,27.400,27.630,213522,26.853,26.866,0.270,0.242,0.009,0.296,0.608
2023-01-26,27.750,27.760,27.590,27.760,81782,26.952,26.886,0.170,0.224,0.008,0.251,0.641
2023-01-27,27.740,27.850,27.670,27.790,245834,27.036,26.904,0.180,0.221,0.008,0.192,0.647
2023-01-30,27.650,27.790,27.610,27.610,75058,27.119,26.920,0.180,0.220,0.008,0.122,0.631
2023-01-31,27.650,27.870,27.630,27.870,73743,27.210,26.942,0.260,0.226,0.008,0.071,0.623
2023-02-01,27.840,27.960,27.610,27.860,214090,27.291,26.963,0.350,0.229,0.008,0.018,0.600
2023-02-02,28.000,28.000,27.770,27.830,194820,27.375,26.982,0.230,0.223,0.008,-0.025,0.576
2023-02-03,27.760,27.950,27.730,27.860,100226,27.440,26.996,0.220,0.228,0.008,-0.062,0.542
2023-02-06,27.740,27.750,27.600,27.700,96623,27.494,27.004,0.260,0.238,0.009,-0.082,0.516
2023-02-07,27.670,27.870,27.570,27.840,101466,27.553,27.014,0.300,0.235,0.008,-0.109,0.475
2023-02-08,27.820,27.880,27.670,27.750,55464,27.599,27.021,0.210,0.236,0.009,-0.142,0.417
2023-02-09,27.910,27.920,27.570,27.650,58493,27.628,27.030,0.350,0.241,0.009,-0.166,0.361
2023-02-10,27.580,27.680,27.500,27.670,88912,27.647,27.038,0.180,0.239,0.009,-0.185,0.306
2023-02-13,27.700,27.820,27.660,27.790,144361,27.671,27.043,0.160,0.237,0.009,-0.189,0.261
2023-02-14,27.720,27.880,27.620,27.800,133163,27.690,27.047,0.260,0.236,0.009,-0.192,0.216
2023-02-15,27.690,27.840,27.650,27.840,94161,27.716,27.052,0.190,0.238,0.009,-0.175,0.190
2023-02-16,27.640,27.810,27.580,27.670,94935,27.736,27.061,0.260,0.244,0.009,-0.179,0.141
2023-02-17,27.580,27.630,27.480,27.570,50628,27.741,27.074,0.190,0.244,0.009,-0.176,0.098
2023-02-21,27.460,27.480,27.190,27.210,235498,27.719,27.080,0.380,0.253,0.009,-0.177,0.049
2023-02-22,27.180,27.250,27.060,27.100,71421,27.690,27.085,0.190,0.241,0.009,-0.186,-0.006
2023-02-23,27.290,27.300,26.990,27.140,82847,27.666,27.090,0.310,0.247,0.009,-0.177,-0.042
2023-02-24,26.980,27.140,26.870,27.140,87965,27.635,27.094,0.270,0.251,0.009,-0.184,-0.094
2023-02-27,27.250,27.370,27.210,27.230,95912,27.607,27.098,0.230,0.249,0.009,-0.182,-0.135
2023-02-28,27.260,27.260,27.120,27.210,102000,27.587,27.106,0.140,0.237,0.009,-0.166,-0.162
2023-03-01,27.100,27.310,27.100,27.250,57438,27.556,27.123,0.210,0.237,0.009,-0.144,-0.181
2023-03-02,27.190,27.370,27.110,27.360,52447,27.531,27.145,0.260,0.231,0.008,-0.130,-0.205
2023-03-03,27.400,27.720,27.400,27.690,64019,27.524,27.181,0.360,0.244,0.009,-0.106,-0.217
2023-03-06,27.740,27.740,27.580,27.600,59323,27.511,27.213,0.160,0.244,0.009,-0.089,-0.231
2023-03-07,27.610,27.650,27.220,27.280,58223,27.490,27.230,0.430,0.256,0.009,-0.076,-0.243
2023-03-08,27.280,27.440,27.280,27.380,50964,27.467,27.256,0.160,0.254,0.009,-0.059,-0.250
2023-03-09,27.430,27.500,27.000,27.040,800951,27.431,27.271,0.500,0.271,0.010,-0.026,-0.233
2023-03-10,27.010,27.010,26.590,26.620,289366,27.380,27.288,0.450,0.289,0.011,-0.009,-0.225
2023-03-13,26.330,26.520,26.160,26.360,297306,27.314,27.293,0.460,0.295,0.011,-0.009,-0.233
2023-03-14,26.600,26.730,26.350,26.540,85556,27.252,27.304,0.380,0.309,0.012,-0.003,-0.233
2023-03-15,26.150,26.200,25.850,26.110,200977,27.167,27.306,0.690,0.336,0.013,-0.028,-0.265
2023-03-16,26.000,26.400,25.840,26.340,106863,27.092,27.308,0.560,0.356,0.014,-0.036,-0.280
2023-03-17,26.280,26.280,26.010,26.150,81242,27.016,27.308,0.330,0.364,0.014,-0.057,-0.310
2023-03-20,26.180,26.320,26.150,26.310,124946,26.953,27.303,0.170,0.366,0.014,-0.082,-0.346
2023-03-21,26.500,26.590,26.460,26.500,67676,26.918,27.300,0.280,0.371,0.014,-0.120,-0.400
2023-03-22,26.540,26.690,26.320,26.320,151961,26.879,27.294,0.370,0.379,0.014,-0.145,-0.450
2023-03-23,26.380,26.510,26.150,26.220,248009,26.833,27.281,0.360,0.379,0.014,-0.145,-0.478
2023-03-24,26.090,26.290,26.000,26.290,154885,26.790,27.266,0.290,0.388,0.015,-0.146,-0.509
2023-03-27,26.430,26.480,26.340,26.460,66603,26.752,27.249,0.190,0.371,0.014,-0.117,-0.511
2023-03-28,26.450,26.560,26.430,26.500,46289,26.716,27.233,0.130,0.369,0.014,-0.062,-0.479
2023-03-29,26.460,26.530,26.440,26.530,55452,26.680,27.215,0.090,0.339,0.013,-0.003,-0.439
2023-03-30,26.710,26.710,26.590,26.680,127761,26.646,27.202,0.180,0.320,0.012,0.036,-0.411
2023-03-31,26.790,26.930,26.790,26.900,120433,26.607,27.195,0.250,0.305,0.011,0.110,-0.336
2023-04-03,27.060,27.140,27.010,27.130,65434,26.583,27.188,0.240,0.295,0.011,0.161,-0.270
2023-04-04,27.220,27.250,27.050,27.140,66889,26.576,27.178,0.200,0.260,0.010,0.218,-0.184
2023-04-05,27.090,27.090,26.930,27.010,48346,26.558,27.165,0.210,0.235,0.009,0.244,-0.118
2023-04-06,26.990,27.050,26.950,27.040,63553,26.558,27.153,0.100,0.219,0.008,0.248,-0.065
2023-04-10,26.990,27.170,26.990,27.170,39309,26.585,27.141,0.180,0.219,0.008,0.268,0.013
2023-04-11,27.200,27.390,27.200,27.350,61335,26.635,27.132,0.220,0.215,0.008,0.308,0.120
2023-04-12,27.510,27.580,27.390,27.400,81836,26.678,27.128,0.230,0.205,0.007,0.335,0.221
2023-04-13,27.460,27.580,27.420,27.550,43366,26.750,27.122,0.180,0.192,0.007,0.336,0.301
2023-04-14,27.600,27.610,27.480,27.570,128148,26.811,27.116,0.130,0.181,0.007,0.338,0.383
2023-04-17,27.580,27.650,27.540,27.650,63641,26.886,27.112,0.110,0.175,0.006,0.328,0.453
2023-04-18,27.700,27.750,27.670,27.710,67599,26.956,27.109,0.100,0.173,0.006,0.296,0.497
2023-04-19,27.570,27.710,27.570,27.700,64787,27.016,27.109,0.140,0.176,0.006,0.241,0.512
2023-04-20,27.550,27.730,27.550,27.640,56901,27.082,27.105,0.180,0.176,0.006,0.177,0.512
2023-04-21,27.690,27.720,27.620,27.710,55836,27.157,27.104,0.100,0.166,0.006,0.110,0.498
2023-04-24,27.670,27.750,27.660,27.710,38458,27.228,27.106,0.090,0.155,0.006,0.073,0.504
2023-04-25,27.620,27.620,27.400,27.400,50462,27.275,27.100,0.310,0.163,0.006,0.025,0.486
2023-04-26,27.440,27.480,27.250,27.300,52424,27.315,27.090,0.230,0.164,0.006,-0.020,0.458
2023-04-27,27.390,27.550,27.370,27.520,44585,27.364,27.085,0.250,0.175,0.006,-0.050,0.433
2023-04-28,27.520,27.700,27.520,27.670,73169,27.414,27.081,0.180,0.175,0.006,-0.074,0.404
2023-05-01,27.690,27.850,27.650,27.650,59818,27.451,27.081,0.200,0.174,0.006,-0.105,0.357
2023-05-02,27.520,27.520,27.200,27.370,56231,27.463,27.077,0.450,0.189,0.007,-0.140,0.299
2023-05-03,27.340,27.460,27.300,27.300,80307,27.471,27.079,0.160,0.188,0.007,-0.171,0.237
2023-05-04,27.270,27.400,27.150,27.150,72407,27.478,27.080,0.250,0.196,0.007,-0.206,0.166
2023-05-05,27.310,27.570,27.310,27.530,55587,27.503,27.088,0.420,0.219,0.008,-0.215,0.113
2023-05-08,27.600,27.660,27.560,27.610,34583,27.525,27.097,0.130,0.221,0.008,-0.208,0.075
2023-05-09,27.460,27.620,27.430,27.600,33870,27.537,27.104,0.190,0.224,0.008,-0.197,0.039
2023-05-10,27.710,27.710,27.380,27.500,63552,27.542,27.110,0.330,0.235,0.009,-0.181,0.007
2023-05-11,27.400,27.400,27.280,27.390,31566,27.534,27.113,0.220,0.244,0.009,-0.147,-0.003
2023-05-12,27.460,27.490,27.330,27.420,84322,27.527,27.114,0.160,0.249,0.009,-0.112,-0.009
2023-05-15,27.420,27.580,27.420,27.570,61099,27.523,27.112,0.160,0.238,0.009,-0.092,-0.025
2023-05-16,27.430,27.430,27.170,27.180,52560,27.496,27.103,0.400,0.250,0.009,-0.099,-0.067
2023-05-17,27.250,27.250,27.070,27.250,63594,27.474,27.103,0.180,0.245,0.009,-0.100,-0.096
2023-05-18,27.220,27.260,27.100,27.250,42883,27.454,27.100,0.160,0.244,0.009,-0.080,-0.100
2023-05-19,27.350,27.390,27.260,27.330,83434,27.435,27.106,0.140,0.239,0.009,-0.051,-0.089
2023-05-23,27.240,27.300,27.050,27.060,49018,27.403,27.115,0.280,0.227,0.008,-0.026,-0.077
2023-05-24,26.980,26.980,26.750,26.750,267638,27.370,27.123,0.310,0.238,0.009,-0.044,-0.108
2023-05-25,26.720,26.720,26.500,26.550,118815,27.333,27.123,0.250,0.238,0.009,-0.071,-0.151
2023-05-26,26.690,26.790,26.640,26.760,57084,27.295,27.136,0.240,0.225,0.008,-0.085,-0.185
2023-05-29,26.800,26.840,26.790,26.830,30484,27.253,27.146,0.080,0.221,0.008,-0.089,-0.210
2023-05-30,26.790,26.790,26.490,26.530,143523,27.197,27.153,0.340,0.232,0.009,-0.097,-0.236
2023-05-31,26.420,26.420,26.250,26.310,159805,27.144,27.153,0.280,0.229,0.009,-0.116,-0.275
2023-06-01,26.320,26.510,26.310,26.430,43427,27.100,27.152,0.200,0.227,0.009,-0.148,-0.332
2023-06-02,26.640,26.930,26.640,26.930,209925,27.089,27.164,0.500,0.251,0.009,-0.126,-0.339
2023-06-05,26.940,26.960,26.790,26.790,58936,27.052,27.175,0.170,0.252,0.009,-0.106,-0.349
2023-06-06,26.760,26.970,26.760,26.970,44861,27.020,27.189,0.210,0.239,0.009,-0.076,-0.346
2023-06-07,26.990,27.070,26.830,26.880,36571,26.984,27.197,0.240,0.243,0.009,-0.062,-0.354
2023-06-08,26.870,26.880,26.750,26.830,31393,26.951,27.204,0.130,0.241,0.009,-0.042,-0.352
2023-06-09,26.830,26.850,26.720,26.760,86706,26.919,27.209,0.130,0.240,0.009,-0.007,-0.330
2023-06-12,26.650,26.810,26.650,26.790,70727,26.888,27.211,0.160,0.231,0.009,0.034,-0.297
2023-06-13,26.900,27.020,26.890,26.890,51247,26.854,27.211,0.230,0.226,0.008,0.068,-0.261
2023-06-14,27.000,27.050,26.830,26.940,55809,26.842,27.207,0.220,0.224,0.008,0.091,-0.226
2023-06-15,26.940,27.000,26.890,26.980,44442,26.828,27.204,0.110,0.214,0.008,0.133,-0.165
2023-06-16,27.140,27.140,26.900,26.910,358083,26.811,27.202,0.240,0.226,0.008,0.177,-0.092
2023-06-19,26.930,26.930,26.820,26.850,49955,26.787,27.198,0.110,0.209,0.008,0.198,-0.036
2023-06-20,26.850,26.850,26.600,26.610,74998,26.765,27.187,0.250,0.207,0.008,0.167,-0.032
2023-06-21,26.470,26.610,26.470,26.540,132600,26.754,27.170,0.140,0.203,0.008,0.148,-0.013
2023-06-22,26.500,26.500,26.330,26.380,68288,26.746,27.150,0.210,0.182,0.007,0.097,-0.032
2023-06-23,26.270,26.270,26.150,26.170,52429,26.716,27.122,0.230,0.186,0.007,0.052,-0.049
2023-06-26,26.140,26.440,26.140,26.380,26043,26.694,27.099,0.300,0.193,0.007,0.024,-0.053
2023-06-27,26.440,26.620,26.400,26.600,29866,26.697,27.078,0.240,0.193,0.007,0.018,-0.038
2023-06-28,26.390,26.480,26.360,26.480,62392,26.706,27.053,0.240,0.201,0.008,0.001,-0.042
2023-06-29,26.520,26.630,26.510,26.620,71353,26.715,27.031,0.150,0.202,0.008,-0.020,-0.059
2023-06-30,26.760,26.980,26.740,26.960,222900,26.717,27.018,0.360,0.216,0.008,-0.030,-0.074
2023-07-04,27.080,27.080,27.000,27.040,24380,26.729,27.004,0.120,0.209,0.008,-0.030,-0.079
2023-07-05,26.980,26.980,26.870,26.910,57735,26.726,26.988,0.170,0.205,0.008,-0.026,-0.082
2023-07-06,26.720,26.720,26.440,26.510,128693,26.708,26.971,0.470,0.231,0.009,-0.045,-0.110
2023-07-07,26.300,26.660,26.300,26.540,66156,26.693,26.955,0.360,0.239,0.009,-0.051,-0.125
2023-07-10,26.530,26.590,26.520,26.530,61064,26.682,26.936,0.070,0.236,0.009,-0.047,-0.129
2023-07-11,26.610,26.620,26.540,26.620,19148,26.673,26.915,0.090,0.225,0.008,-0.009,-0.097
2023-07-12,26.780,26.900,26.730,26.860,44820,26.672,26.899,0.280,0.235,0.009,0.046,-0.043
2023-07-13,26.940,27.160,26.940,27.150,58109,26.682,26.894,0.300,0.241,0.009,0.095,0.015
2023-07-14,27.170,27.180,27.110,27.130,38728,26.690,26.891,0.070,0.230,0.008,0.116,0.049
2023-07-17,27.090,27.110,27.040,27.080,37276,26.698,26.890,0.090,0.215,0.008,0.138,0.090
2023-07-18,27.110,27.280,27.110,27.280,62079,26.720,26.885,0.200,0.212,0.008,0.150,0.125
2023-07-19,27.350,27.440,27.340,27.430,53273,26.761,26.881,0.160,0.206,0.008,0.137,0.139
2023-07-20,27.430,27.430,27.330,27.370,71174,26.802,26.876,0.100,0.203,0.007,0.115,0.148
2023-07-21,27.450,27.520,27.420,27.500,44295,26.858,26.876,0.150,0.188,0.007,0.109,0.176
2023-07-24,27.550,27.610,27.530,27.560,40920,26.928,26.880,0.110,0.187,0.007,0.137,0.241
2023-07-25,27.580,27.600,27.530,27.530,33842,26.985,26.882,0.070,0.180,0.007,0.157,0.300
2023-07-26,27.480,27.580,27.470,27.550,41725,27.033,26.882,0.110,0.154,0.006,0.177,0.358
2023-07-27,27.600,27.620,27.300,27.330,108736,27.075,26.885,0.320,0.151,0.006,0.171,0.389
2023-07-28,27.540,27.570,27.480,27.510,26384,27.120,26.890,0.240,0.164,0.006,0.153,0.406
2023-07-31,27.550,27.710,27.550,27.650,43610,27.154,26.898,0.200,0.171,0.006,0.115,0.399
2023-08-01,27.540,27.590,27.440,27.530,78705,27.179,26.902,0.210,0.166,0.006,0.069,0.380
2023-08-02,27.400,27.400,27.010,27.080,134603,27.187,26.902,0.520,0.182,0.007,0.020,0.353
2023-08-03,26.980,27.000,26.920,26.970,122417,27.210,26.907,0.160,0.189,0.007,-0.036,0.313
2023-08-04,27.020,27.280,27.020,27.130,54159,27.240,26.918,0.310,0.204,0.008,-0.088,0.263
2023-08-08,27.010,27.110,26.940,27.080,38100,27.267,26.925,0.190,0.204,0.008,-0.121,0.221
2023-08-09,27.150,27.230,27.130,27.180,28957,27.295,26.932,0.150,0.203,0.007,-0.137,0.186
2023-08-10,27.320,27.400,27.200,27.260,47468,27.315,26.946,0.220,0.211,0.008,-0.145,0.152
2023-08-11,27.210,27.370,27.210,27.340,40101,27.325,26.967,0.160,0.212,0.008,-0.145,0.120
2023-08-14,27.280,27.290,27.150,27.210,25289,27.329,26.982,0.190,0.218,0.008,-0.163,0.065
2023-08-15,27.040,27.040,26.690,26.700,49662,27.310,26.978,0.520,0.250,0.009,-0.180,0.006
2023-08-16,26.650,26.780,26.650,26.700,58161,27.281,26.976,0.130,0.251,0.009,-0.208,-0.068
2023-08-17,26.800,26.820,26.550,26.580,68993,27.238,26.968,0.270,0.248,0.009,-0.243,-0.156
2023-08-18,26.470,26.630,26.470,26.600,49080,27.200,26.963,0.160,0.242,0.009,-0.257,-0.223
2023-08-21,26.660,26.660,26.490,26.560,52552,27.153,26.957,0.170,0.240,0.009,-0.226,-0.244
2023-08-22,26.600,26.600,26.410,26.420,102539,27.096,26.950,0.190,0.239,0.009,-0.195,-0.262
2023-08-23,26.480,26.710,26.460,26.680,77962,27.053,26.948,0.290,0.222,0.008,-0.168,-0.284
2023-08-24,26.760,26.760,26.550,26.570,67270,27.004,26.942,0.210,0.226,0.008,-0.137,-0.299
2023-08-25,26.670,26.700,26.420,26.630,87673,26.969,26.936,0.280,0.224,0.008,-0.110,-0.315
2023-08-28,26.710,26.900,26.710,26.870,76314,26.937,26.933,0.270,0.229,0.009,-0.086,-0.328
2023-08-29,26.870,27.250,26.840,27.250,132178,26.917,26.940,0.410,0.248,0.009,-0.055,-0.326
2023-08-30,27.290,27.400,27.280,27.320,90188,26.907,26.950,0.150,0.243,0.009,-0.020,-0.307
2023-08-31,27.420,27.470,27.260,27.280,104091,26.917,26.963,0.210,0.246,0.009,0.041,-0.249
2023-09-01,27.450,27.660,27.450,27.620,360575,26.949,26.985,0.380,0.260,0.009,0.108,-0.175
2023-09-05,27.560,27.620,27.440,27.450,35299,26.965,27.006,0.180,0.236,0.009,0.158,-0.108
2023-09-06,27.280,27.390,27.120,27.170,63967,26.970,27.026,0.330,0.250,0.009,0.192,-0.047
2023-09-07,27.170,27.170,27.050,27.070,96689,26.964,27.040,0.120,0.239,0.009,0.222,0.018
2023-09-08,27.070,27.100,26.980,26.980,52973,26.950,27.047,0.120,0.236,0.009,0.245,0.086
2023-09-11,27.050,27.170,27.030,27.120,87302,26.939,27.060,0.190,0.238,0.009,0.231,0.121
2023-09-12,27.140,27.250,27.120,27.190,106271,26.938,27.072,0.130,0.234,0.009,0.219,0.164
2023-09-13,27.190,27.280,27.170,27.260,39826,26.966,27.078,0.110,0.221,0.008,0.209,0.212
2023-09-14,27.340,27.680,27.340,27.680,129912,27.015,27.090,0.420,0.236,0.009,0.198,0.256
2023-09-15,27.670,27.790,27.640,27.740,126416,27.073,27.107,0.150,0.226,0.008,0.167,0.275
2023-09-18,27.720,27.720,27.540,27.590,56049,27.123,27.129,0.200,0.221,0.008,0.133,0.285
2023-09-19,27.510,27.520,27.200,27.220,70990,27.156,27.142,0.390,0.220,0.008,0.096,0.285
2023-09-20,27.270,27.360,27.220,27.220,292589,27.196,27.156,0.140,0.219,0.008,0.036,0.251
2023-09-21,26.970,27.040,26.650,26.650,79807,27.194,27.157,0.570,0.245,0.009,-0.040,0.186
2023-09-22,26.770,26.790,26.610,26.640,47481,27.198,27.152,0.180,0.231,0.009,-0.084,0.144
2023-09-25,26.550,26.730,26.490,26.650,72669,27.199,27.142,0.240,0.235,0.009,-0.116,0.107
2023-09-26,26.530,26.590,26.330,26.340,38450,27.172,27.126,0.320,0.234,0.009,-0.143,0.063
2023-09-27,26.250,26.250,25.840,25.950,143579,27.107,27.104,0.500,0.261,0.010,-0.187,-0.011
2023-09-28,25.940,26.240,25.940,26.160,52631,27.049,27.081,0.300,0.274,0.010,-0.223,-0.087
2023-09-29,26.340,26.350,26.120,26.120,78855,26.991,27.055,0.230,0.277,0.011,-0.247,-0.160
45201,26.19,26.19,25.6,25.63,54881,,,,,,,
45202,25.53,25.57,25.34,25.42,179241,,,,,,,
45203,25.47,25.48,25.2,25.45,135495,,,,,,,
45204,25.4,25.62,25.4,25.61,44976,,,,,,,
45205,25.53,25.8,25.3,25.76,71966,,,,,,,
45209,25.98,26.18,25.97,26.09,74385,,,,,,,
45210,26.15,26.31,26.15,26.31,114369,,,,,,,
45211,26.3,26.31,25.98,26.1,113618,,,,,,,
45212,26.29,26.3,26.01,26.04,111056,,,,,,,
45215,26.09,26.28,26.04,26.26,165122,,,,,,,
45216,26.15,26.43,26.15,26.33,82434,,,,,,,
45217,26.3,26.3,26,26.03,127906,,,,,,,
45218,26.02,26.09,25.86,25.89,209731,,,,,,,
45219,25.82,25.82,25.59,25.59,164730,,,,,,,
45222,25.43,25.66,25.34,25.48,66746,,,,,,,
45223,25.55,25.6,25.36,25.42,56009,,,,,,,
45224,25.36,25.56,25.35,25.36,58016,,,,,,,
45225,25.33,25.41,25.19,25.28,83626,,,,,,,
45226,25.33,25.36,25.04,25.1,182042,,,,,,,
45229,25.08,25.4,25.08,25.26,55203,,,,,,,
45230,25.32,25.36,25.23,25.29,58481,,,,,,,
45231,25.4,25.55,25.34,25.55,136430,,,,,,,
45232,25.9,26.32,25.87,26.3,305076,,,,,,,
45233,26.5,26.63,26.37,26.57,49363,,,,,,,
45236,26.65,26.7,26.41,26.43,59641,,,,,,,
45237,26.37,26.37,26.17,26.24,103301,,,,,,,
45238,26.24,26.31,26.1,26.17,46377,,,,,,,
45239,26.31,26.51,26.23,26.23,513948,,,,,,,
45240,26.31,26.33,26.14,26.33,40445,,,,,,,
45243,26.29,26.5,26.26,26.41,47531,,,,,,,
45244,26.65,26.9,26.65,26.85,169811,,,,,,,
45245,26.91,27,26.87,26.89,158201,,,,,,,
45246,26.85,26.92,26.79,26.9,176803,,,,,,,
45247,26.97,27.1,26.97,27.06,28606,,,,,,,
45250,27.08,27.17,27.06,27.14,32429,,,,,,,
45251,27.1,27.13,26.98,26.98,51861,,,,,,,
45252,26.94,27.04,26.92,26.99,51152,,,,,,,
45253,26.91,27.07,26.91,27.01,17608,,,,,,,
45254,26.91,27.04,26.91,26.98,61604,,,,,,,
45257,26.94,26.97,26.87,26.88,41530,,,,,,,
45258,26.76,26.93,26.71,26.9,85342,,,,,,,
45259,26.94,27.06,26.91,27.01,68857,,,,,,,
45260,27.1,27.19,27.01,27.19,147479,,,,,,,
45261,27.06,27.47,27.06,27.47,138196,,,,,,,
45264,27.31,27.5,27.31,27.43,49221,,,,,,,
45265,27.35,27.46,27.35,27.37,58996,,,,,,,
45266,27.43,27.51,27.25,27.25,66346,,,,,,,
45267,27.33,27.33,27.21,27.25,95969,,,,,,,
45268,27.24,27.4,27.24,27.33,93419,,,,,,,
45271,27.26,27.31,27.17,27.31,45406,,,,,,,
45272,27.25,27.25,27.11,27.2,39045,,,,,,,
45273,27.2,27.73,27.09,27.73,95308,,,,,,,
45274,27.83,28.04,27.83,27.96,117566,,,,,,,
45275,27.93,27.94,27.58,27.59,697372,,,,,,,
45278,27.71,27.81,27.7,27.76,53069,,,,,,,
45279,27.76,28.04,27.76,28.02,59490,,,,,,,
45280,28.07,28.1,27.72,27.72,106691,,,,,,,
45281,27.83,27.99,27.83,27.93,111834,,,,,,,
45282,28,28.17,27.97,28.09,41074,,,,,,,
45287,28.03,28.15,27.98,28.05,143175,,,,,,,
45288,27.99,28.1,27.96,27.98,80092,,,,,,,
45289,27.98,28.02,27.88,28,61929,,,,,,,
45293,27.84,27.99,27.84,27.89,67630,,,,,,,
45294,27.76,27.92,27.68,27.84,70600,,,,,,,
45295,27.85,28,27.8,27.9,61051,,,,,,,
45296,27.87,28.09,27.86,27.99,182256,,,,,,,
45299,27.9,28.17,27.9,28.17,96051,,,,,,,
45300,28.09,28.13,27.95,28.06,78148,,,,,,,
45301,28.05,28.14,28.02,28.08,76507,,,,,,,
45302,28.11,28.12,27.8,28,53346,,,,,,,
45303,28.1,28.26,28.05,28.09,65262,,,,,,,
45306,28.18,28.19,28,28.18,48448,,,,,,,
45307,28.15,28.16,27.9,28.03,67075,,,,,,,
45308,27.79,27.79,27.56,27.7,64226,,,,,,,
45309,27.75,27.79,27.65,27.77,86031,,,,,,,
45310,27.8,27.97,27.67,27.97,101861,,,,,,,
45313,28.03,28.06,27.9,28,81201,,,,,,,
45314,28.01,28.15,28.01,28.13,33651,,,,,,,
45315,28.27,28.31,28.15,28.15,77701,,,,,,,
45316,28.26,28.26,28.15,28.26,86083,,,,,,,
45317,28.24,28.3,28.22,28.29,80252,,,,,,,
45320,28.32,28.4,28.15,28.4,86979,,,,,,,
45321,28.36,28.47,28.31,28.44,31562,,,,,,,
45322,28.39,28.48,28.15,28.17,120632,,,,,,,
45323,28.25,28.37,28.13,28.31,106155,,,,,,,
45324,28.21,28.28,28.06,28.24,94812,,,,,,,
45327,28.16,28.17,27.9,27.98,126538,,,,,,,
45328,28,28.1,27.99,28.08,77818,,,,,,,
45329,28.06,28.12,28,28.09,63253,,,,,,,
45330,28.08,28.09,27.87,28.02,82115,,,,,,,
45331,28.05,28.18,28,28.14,63191,,,,,,,
45334,28.17,28.32,28.15,28.23,32219,,,,,,,
45335,27.91,27.91,27.43,27.56,92880,,,,,,,
45336,27.82,28,27.77,28,68515,,,,,,,
45337,28.09,28.46,28.08,28.44,47556,,,,,,,
45338,28.43,28.58,28.42,28.49,54760,,,,,,,
45342,28.55,28.59,28.4,28.44,102776,,,,,,,
45343,28.39,28.41,28.29,28.39,46164,,,,,,,
45344,28.54,28.63,28.52,28.59,48391,,,,,,,
45345,28.54,28.74,28.54,28.71,50125,,,,,,,
45348,28.65,28.75,28.57,28.6,37237,,,,,,,
45349,28.61,28.63,28.52,28.6,56943,,,,,,,
45350,28.56,28.62,28.5,28.5,24126,,,,,,,
45351,28.67,28.7,28.57,28.67,111803,,,,,,,
45352,28.7,29,28.69,28.94,57678,,,,,,,
45355,28.92,28.98,28.85,28.93,84750,,,,,,,
45356,28.89,29.03,28.86,28.89,52431,,,,,,,
45357,29.09,29.14,28.95,28.98,65836,,,,,,,
45358,29.12,29.27,29.12,29.26,51211,,,,,,,
45359,29.32,29.36,29.14,29.2,58070,,,,,,,
45362,29.1,29.25,29.06,29.22,42076,,,,,,,
45363,29.24,29.33,29.17,29.33,52995,,,,,,,
45364,29.36,29.56,29.36,29.5,57123,,,,,,,
45365,29.52,29.54,29.25,29.33,50577,,,,,,,
45366,29.32,29.44,29.3,29.39,72100,,,,,,,
45369,29.48,29.48,29.34,29.36,49185,,,,,,,
45370,29.38,29.48,29.36,29.4,31512,,,,,,,
45371,29.37,29.67,29.37,29.65,52001,,,,,,,
45372,29.76,29.85,29.72,29.72,66198,,,,,,,
45373,29.73,29.73,29.55,29.58,43915,,,,,,,
45376,29.57,29.69,29.52,29.52,67689,,,,,,,
45377,29.57,29.64,29.47,29.49,44419,,,,,,,
45378,29.39,29.54,29.33,29.53,35561,,,,,,,
45379,29.58,29.69,29.58,29.64,30459,,,,,,,
45383,29.72,29.74,29.57,29.66,59629,,,,,,,
45384,29.53,29.56,29.41,29.52,187392,,,,,,,
45385,29.49,29.64,29.44,29.57,76137,,,,,,,
45386,29.65,29.73,29.43,29.5,49779,,,,,,,
45387,29.54,29.83,29.52,29.77,113466,,,,,,,
45390,29.82,29.82,29.68,29.78,46875,,,,,,,
45391,29.78,29.92,29.66,29.92,76659,,,,,,,
45392,29.68,29.78,29.57,29.7,96716,,,,,,,
45393,29.71,29.71,29.41,29.59,71424,,,,,,,
45394,29.65,29.7,29.2,29.3,96718,,,,,,,
45397,29.43,29.45,29,29.09,79383,,,,,,,
45398,29.01,29.05,28.81,28.96,75279,,,,,,,
45399,29.01,29.19,28.86,29.01,129870,,,,,,,
45400,29,29.16,28.9,29.04,119045,,,,,,,
45401,29.03,29.26,29,29.17,70778,,,,,,,
45404,29.12,29.33,29.07,29.26,123441,,,,,,,
45405,29.27,29.49,29.24,29.46,75684,,,,,,,
45406,29.46,29.5,29.19,29.29,84913,,,,,,,
45407,29.07,29.33,28.97,29.3,53039,,,,,,,
45408,29.39,29.44,29.34,29.42,64158,,,,,,,
45411,29.45,29.53,29.34,29.47,72634,,,,,,,
45412,29.37,29.41,29.11,29.11,118403,,,,,,,
45413,29.05,29.33,28.96,29.11,131272,,,,,,,
45414,29.18,29.29,29.12,29.22,55149,,,,,,,
45415,29.38,29.41,29.29,29.39,85042,,,,,,,
45418,29.52,29.82,29.52,29.82,91718,,,,,,,
45419,29.88,29.92,29.83,29.86,48867,,,,,,,
45420,29.57,29.81,29.55,29.81,51796,,,,,,,
45421,29.86,30.04,29.86,29.97,83096,,,,,,,
45422,30.08,30.08,29.88,29.88,42045,,,,,,,
45425,29.92,29.97,29.79,29.82,41444,,,,,,,
45426,29.84,29.89,29.74,29.83,69037,,,,,,,
45427,29.93,29.94,29.78,29.86,44758,,,,,,,
45428,29.95,29.95,29.84,29.89,48052,,,,,,,
45429,29.97,30.12,29.9,30.12,61099,,,,,,,
45433,30.19,30.23,30.08,30.14,56189,,,,,,,
45434,30.03,30.09,29.9,29.97,65265,,,,,,,
45435,30.01,30.06,29.69,29.78,76284,,,,,,,
45436,29.87,29.97,29.85,29.93,38553,,,,,,,
45439,29.93,30.03,29.93,30.01,39690,,,,,,,
45440,29.98,29.98,29.8,29.89,56706,,,,,,,
45441,29.63,29.65,29.37,29.38,111498,,,,,,,
45442,29.39,29.65,29.39,29.59,40473,,,,,,,
45443,29.69,29.88,29.5,29.88,66140,,,,,,,
45446,29.88,29.96,29.57,29.69,60017,,,,,,,
45447,29.56,29.56,29.31,29.51,80997,,,,,,,
45448,29.67,29.75,29.6,29.73,93153,,,,,,,
45449,29.69,29.84,29.67,29.83,121195,,,,,,,
45450,29.65,29.73,29.55,29.57,57531,,,,,,,
45453,29.5,29.69,29.5,29.65,67584,,,,,,,
45454,29.53,29.55,29.35,29.4,73377,,,,,,,
45455,29.64,29.72,29.47,29.5,239981,,,,,,,
45456,29.44,29.44,29.12,29.17,107914,,,,,,,
45457,29.1,29.1,28.9,29.09,149150,,,,,,,
45460,28.99,29.08,28.87,29.08,588336,,,,,,,
45461,29.06,29.18,28.99,29.05,111700,,,,,,,
45462,29.02,29.1,28.9,28.92,150207,,,,,,,
45463,29,29.13,28.95,29.01,165459,,,,,,,
45464,29,29.03,28.92,29,157217,,,,,,,
45467,29.16,29.39,29.09,29.39,98379,,,,,,,
45468,29.25,29.34,29.19,29.32,161788,,,,,,,
45469,29.21,29.33,29.16,29.32,89007,,,,,,,
45470,29.14,29.3,29.1,29.29,57959,,,,,,,
45471,29.36,29.46,29.15,29.23,109178,,,,,,,
45475,29.19,29.34,29.15,29.34,232374,,,,,,,
45476,29.47,29.75,29.45,29.72,58824,,,,,,,
45477,29.71,29.8,29.71,29.75,16099,,,,,,,
45478,29.84,29.85,29.5,29.5,38151,,,,,,,
45481,29.5,29.58,29.42,29.58,38238,,,,,,,
45482,29.54,29.56,29.46,29.47,57816,,,,,,,
45483,29.65,29.9,29.61,29.9,38028,,,,,,,
45484,30.03,30.19,29.96,30.16,65855,,,,,,,
45485,30.23,30.43,30.21,30.33,62594,,,,,,,
45488,30.38,30.51,30.3,30.42,48458,,,,,,,
45489,30.42,30.75,30.42,30.75,57363,,,,,,,
45490,30.62,30.69,30.51,30.57,80968,,,,,,,
45491,30.59,30.62,30.3,30.4,79275,,,,,,,
45492,30.29,30.43,30.23,30.34,43454,,,,,,,
45495,30.47,30.62,30.36,30.6,42370,,,,,,,
45496,30.59,30.59,30.46,30.52,66433,,,,,,,
45497,30.51,30.54,30.29,30.29,45786,,,,,,,
45498,30.17,30.41,30.08,30.26,44443,,,,,,,
45499,30.44,30.56,30.41,30.54,55643,,,,,,,
45502,30.6,30.6,30.4,30.5,80092,,,,,,,
45503,30.51,30.66,30.51,30.58,120410,,,,,,,
45504,30.82,31.08,30.74,30.95,74336,,,,,,,
45505,30.96,30.96,30.3,30.44,72348,,,,,,,
45506,30.04,30.09,29.5,29.75,212401,,,,,,,
45510,29.09,29.54,29.09,29.44,120036,,,,,,,
45511,29.82,29.83,29.25,29.29,128482,,,,,,,
45512,29.49,29.83,29.45,29.76,97140,,,,,,,
45513,29.78,29.9,29.64,29.85,55870,,,,,,,
45516,29.97,30.06,29.9,30,103067,,,,,,,
45517,30.06,30.29,30.06,30.29,65012,,,,,,,
45518,30.31,30.48,30.27,30.47,54102,,,,,,,
45519,30.7,30.92,30.68,30.86,182024,,,,,,,
45520,30.84,30.91,30.82,30.9,46505,,,,,,,
45523,30.88,31.08,30.85,30.96,61195,,,,,,,
45524,31.02,31.02,30.83,30.89,44119,,,,,,,
45525,30.89,31,30.89,30.99,46508,,,,,,,
45526,30.95,30.98,30.81,30.87,49030,,,,,,,
45527,31.03,31.29,31.03,31.22,65721,,,,,,,
45530,31.31,31.38,31.28,31.3,36863,,,,,,,
45531,31.14,31.24,31.13,31.19,35843,,,,,,,
45532,31.12,31.16,30.94,31.01,38846,,,,,,,
45533,31.13,31.28,31.09,31.14,68714,,,,,,,
45534,31.14,31.31,31.08,31.3,45283,,,,,,,
45538,31.18,31.18,30.83,30.92,60146,,,,,,,
45539,30.83,31.04,30.83,30.93,75680,,,,,,,
45540,30.99,31.08,30.84,30.84,54109,,,,,,,
45541,30.9,31.01,30.44,30.58,54459,,,,,,,
45544,30.76,30.95,30.76,30.91,97982,,,,,,,
45545,30.94,30.94,30.6,30.84,59296,,,,,,,
45546,30.89,31.14,30.66,31.14,70772,,,,,,,
45547,31.26,31.53,31.23,31.52,56148,,,,,,,
45548,31.66,31.76,31.64,31.67,38416,,,,,,,
45551,31.77,31.88,31.65,31.86,33260,,,,,,,
45552,31.98,31.98,31.74,31.82,53571,,,,,,,
45553,31.8,31.92,31.68,31.75,76819,,,,,,,
45554,32.14,32.15,31.9,32.07,95275,,,,,,,
45555,32.06,32.1,31.92,32.08,55458,,,,,,,
45558,32.12,32.21,32.01,32.13,82717,,,,,,,
45559,32.26,32.28,32.17,32.2,88247,,,,,,,
45560,32.21,32.21,32.09,32.15,28894,,,,,,,
45561,32.23,32.4,32.23,32.31,81909,,,,,,,
45562,32.12,32.17,32.01,32.03,36464,,,,,,,
45565,31.95,32.08,31.85,32.07,72417,,,,,,,
45566,32.03,32.16,31.92,32.11,111581,,,,,,,
45567,32.13,32.24,32.02,32.09,74749,,,,,,,
45568,32.01,32.09,31.89,32.04,72630,,,,,,,
45569,32.2,32.32,32.16,32.3,75479,,,,,,,
45572,32.31,32.35,32.09,32.22,80389,,,,,,,
45573,32.15,32.19,32.05,32.18,48230,,,,,,,
45574,32.13,32.39,32.12,32.39,38280,,,,,,,
45575,32.37,32.52,32.33,32.51,73889,,,,,,,
45576,32.49,32.79,32.49,32.74,39231,,,,,,,
45580,32.7,32.75,32.59,32.69,86129,,,,,,,
45581,32.77,32.9,32.77,32.86,129762,,,,,,,
45582,32.94,33.05,32.94,33.02,58849,,,,,,,
45583,33.05,33.24,33.04,33.2,106119,,,,,,,
45586,33.22,33.33,33.02,33.07,99159,,,,,,,
45587,33,33.07,32.87,33.07,49072,,,,,,,
45588,32.95,33.02,32.72,32.87,80538,,,,,,,
45589,32.9,32.91,32.63,32.86,51730,,,,,,,
45590,32.87,32.93,32.71,32.74,58259,,,,,,,
45593,32.69,32.92,32.69,32.88,35844,,,,,,,
45594,32.83,32.91,32.75,32.86,61432,,,,,,,
45595,32.78,32.88,32.71,32.81,49481,,,,,,,
45596,32.7,32.7,32.27,32.37,56236,,,,,,,
45597,32.52,32.62,32.4,32.47,64438,,,,,,,
45600,32.4,32.61,32.36,32.48,50884,,,,,,,
45601,32.49,32.66,32.47,32.66,44407,,,,,,,
45602,32.84,32.99,32.56,32.99,84754,,,,,,,
45603,33.05,33.29,33.02,33.26,50998,,,,,,,
45604,33.12,33.28,33.05,33.16,57535,,,,,,,
45607,33.14,33.33,33.14,33.2,51457,,,,,,,
45608,33.39,33.5,33.25,33.37,77583,,,,,,,
45609,33.41,33.49,33.33,33.47,67154,,,,,,,
45610,33.53,33.68,33.5,33.53,64223,,,,,,,
45611,33.42,33.48,33.26,33.35,64583,,,,,,,
45614,33.42,33.6,33.41,33.47,62571,,,,,,,
45615,33.39,33.52,33.23,33.52,51548,,,,,,,
45616,33.55,33.58,33.39,33.55,67420,,,,,,,
45617,33.6,34.04,33.6,34.03,48796,,,,,,,
45618,34.04,34.15,34,34.11,79601,,,,,,,
45621,34.22,34.24,34.07,34.08,50383,,,,,,,
45622,33.75,34.09,33.75,34.06,76051,,,,,,,
45623,34.03,34.21,34.03,34.17,69192,,,,,,,
45624,34.26,34.32,34.18,34.27,39865,,,,,,,
45625,34.21,34.45,34.2,34.44,54379,,,,,,,
45628,34.43,34.5,34.2,34.32,65105,,,,,,,
45629,34.36,34.48,34.32,34.4,108545,,,,,,,
45630,34.48,34.54,34.32,34.4,41907,,,,,,,
45631,34.3,34.56,34.3,34.46,79407,,,,,,,
45632,34.49,34.64,34.46,34.47,66721,,,,,,,
45635,34.58,34.67,34.36,34.39,87353,,,,,,,
45636,34.38,34.38,34.23,34.23,45053,,,,,,,
45637,34.38,34.46,34.29,34.42,52449,,,,,,,
45638,34.39,34.39,34.09,34.11,55073,,,,,,,
45639,34.08,34.09,33.88,33.94,46915,,,,,,,
45642,33.93,33.94,33.77,33.79,59858,,,,,,,
45643,33.6,33.76,33.58,33.76,58074,,,,,,,
45644,33.72,33.76,32.95,33.01,102964,,,,,,,
45645,33.07,33.14,32.81,32.85,128448,,,,,,,
45646,32.72,33.22,32.65,33.07,67107,,,,,,,
45649,33.14,33.26,32.94,33.26,113563,,,,,,,
45650,33.23,33.37,33.2,33.37,48792,,,,,,,
45653,33.32,33.44,33.21,33.34,90899,,,,,,,
45656,32.99,33,32.69,32.89,92369,,,,,,,
45657,32.97,33.09,32.95,33.06,46146,,,,,,,
45659,33.3,33.41,33.11,33.26,71288,,,,,,,
45660,33.42,33.53,33.35,33.51,68805,,,,,,,
45663,33.73,33.77,33.37,33.4,108730,,,,,,,
45664,33.62,33.67,33.25,33.33,85224,,,,,,,
45665,33.29,33.5,33.23,33.49,108628,,,,,,,
45666,33.48,33.55,33.47,33.53,31962,,,,,,,
45667,33.45,33.5,33.04,33.13,98422,,,,,,,
45670,32.86,32.97,32.8,32.84,82216,,,,,,,
45671,32.84,32.92,32.73,32.89,42512,,,,,,,
45672,33.24,33.24,33.1,33.16,75036,,,,,,,
45673,33.25,33.28,33.13,33.25,37688,,,,,,,
45674,33.39,33.56,33.39,33.56,77945,,,,,,,
45677,33.53,33.75,33.42,33.67,60354,,,,,,,
45678,33.7,33.87,33.59,33.82,33609,,,,,,,
45679,33.99,33.99,33.83,33.86,62001,,,,,,,
45680,33.88,34.03,33.88,34.03,79186,,,,,,,
45681,34.08,34.11,34,34.08,51794,,,,,,,
45684,33.77,33.91,33.7,33.85,63778,,,,,,,
45685,33.92,34.03,33.84,34.03,67158,,,,,,,
45686,34.02,34.21,33.95,34.07,90256,,,,,,,
45687,34.3,34.63,34.3,34.55,89123,,,,,,,
45688,34.6,34.63,34.17,34.22,104800,,,,,,,
45691,32.5,33.96,32.48,33.81,228172,,,,,,,
45692,33.78,34.07,33.78,33.86,121626,,,,,,,
45693,33.98,34.24,33.9,34.24,82212,,,,,,,
45694,34.37,34.38,34.04,34.18,64999,,,,,,,
45695,34.34,34.34,34,34.07,130380,,,,,,,
45698,34.37,34.44,34.34,34.35,129389,,,,,,,
45699,34.29,34.38,34.14,34.33,85536,,,,,,,
45700,34.14,34.31,34.11,34.23,69766,,,,,,,
45701,34.28,34.43,34.28,34.4,113297,,,,,,,
45702,34.46,34.46,34.14,34.14,88766,,,,,,,
45706,34.1,34.4,34.07,34.37,79644,,,,,,,
45707,34.31,34.35,34.1,34.33,96120,,,,,,,
45708,34.27,34.35,34.09,34.17,125762,,,,,,,
45709,34.21,34.22,33.67,33.7,178514,,,,,,,
45712,33.78,33.84,33.55,33.74,114578,,,,,,,
45713,33.72,33.84,33.44,33.78,120026,,,,,,,
45714,33.88,34.1,33.79,33.95,168342,,,,,,,
45715,33.9,34,33.69,33.69,179995,,,,,,,
45716,33.6,34.04,33.55,34.04,160051,,,,,,,
45719,34.12,34.23,33.37,33.51,250342,,,,,,,
45720,33.07,33.27,32.65,32.98,229719,,,,,,,
45721,32.9,33.39,32.9,33.39,149298,,,,,,,
45722,33.08,33.31,32.85,32.99,144494,,,,,,,
45723,32.94,33.3,32.84,33.22,161226,,,,,,,
45726,32.83,32.92,32.56,32.73,224617,,,,,,,
45727,32.68,32.83,32.43,32.56,295856,,,,,,,
45728,32.72,32.91,32.52,32.79,146784,,,,,,,
45729,32.74,32.81,32.41,32.54,170035,,,,,,,
45730,32.68,33,32.68,32.98,138336,,,,,,,
45733,33.02,33.32,32.96,33.3,106425,,,,,,,
45734,33.36,33.36,33.02,33.2,164896,,,,,,,
45735,33.31,33.72,33.3,33.68,119932,,,,,,,
45736,33.57,33.81,33.5,33.69,68283,,,,,,,
45737,33.49,33.57,33.32,33.57,102223,,,,,,,
45740,33.79,34.09,33.79,34.01,50118,,,,,,,
45741,34.06,34.18,34.05,34.05,108758,,,,,,,
45742,34.12,34.18,33.75,33.82,135402,,,,,,,
45743,33.82,33.88,33.65,33.81,145295,,,,,,,
45744,33.43,33.5,33.06,33.08,109768,,,,,,,
45747,32.82,33.42,32.81,33.31,243275,,,,,,,
45748,33.3,33.51,33.09,33.47,144618,,,,,,,
45749,33.32,33.84,33.22,33.84,97096,,,,,,,
45750,32.73,33.05,32.52,32.55,306538,,,,,,,
45751,31.89,31.9,30.75,31.03,639893,,,,,,,
45754,29.81,31.25,29.7,30.57,625377,,,,,,,
45755,31.35,31.35,29.85,30.11,890085,,,,,,,
45756,29.86,31.81,29.75,31.74,481479,,,,,,,
45757,31.39,31.4,30.44,30.82,375432,,,,,,,
45758,30.86,31.63,30.84,31.56,304626,,,,,,,
45761,31.94,32.06,31.65,31.94,187981,,,,,,,
45762,32.02,32.26,31.98,32.19,169890,,,,,,,
45763,32.21,32.43,31.99,32.24,179711,,,,,,,
45764,32.29,32.53,32.19,32.37,187929,,,,,,,
45768,32.3,32.36,31.88,32.13,91289,,,,,,,
45769,32.38,32.65,32.38,32.52,207570,,,,,,,
45770,32.88,33.01,32.7,32.74,297495,,,,,,,
45771,32.82,33.12,32.81,33.11,105055,,,,,,,
45772,32.94,33.1,32.94,33.07,116511,,,,,,,
45775,33.07,33.27,33.07,33.2,112793,,,,,,,
45776,33.18,33.35,33.14,33.31,75829,,,,,,,
45777,33.13,33.27,32.83,33.24,132565,,,,,,,
45778,33.28,33.44,33.15,33.22,120913,,,,,,,
45779,33.46,33.54,33.32,33.52,129456,,,,,,,
45782,33.47,33.58,33.36,33.43,80592,,,,,,,
45783,33.41,33.51,33.31,33.45,42500,,,,,,,
45784,33.48,33.7,33.48,33.69,110662,,,,,,,
45785,33.72,34,33.69,33.83,84074,,,,,,,
45786,34,34.07,33.8,33.96,138667,,,,,,,
45789,34.54,34.57,34.15,34.2,79113,,,,,,,
45790,34.34,34.43,34.3,34.32,153542,,,,,,,
45791,34.27,34.43,34.23,34.41,123238,,,,,,,
45792,34.39,34.72,34.39,34.7,51232,,,,,,,
45793,34.69,34.85,34.64,34.82,118426,,,,,,,
45797,34.8,35.01,34.79,34.93,186867,,,,,,,
45798,34.88,34.89,34.58,34.69,145645,,,,,,,
45799,34.65,34.8,34.56,34.66,93631,,,,,,,
45800,34.51,34.77,34.5,34.7,133026,,,,,,,
45803,34.85,35.04,34.83,34.98,51087,,,,,,,
45804,34.97,35.28,34.97,35.22,113474,,,,,,,
45805,35.28,35.32,35.2,35.24,97126,,,,,,,
45806,35.39,35.42,35.09,35.16,88641,,,,,,,
45807,35.12,35.15,34.91,35.11,95245,,,,,,,
45810,35.16,35.44,35.11,35.43,86602,,,,,,,
45811,35.42,35.5,35.31,35.47,70022,,,,,,,
45812,35.5,35.5,35.27,35.34,343375,,,,,,,
45813,35.46,35.47,35.32,35.34,105509,,,,,,,
45814,35.5,35.58,35.42,35.47,90625,,,,,,,
45817,35.49,35.53,35.36,35.41,78767,,,,,,,
45818,35.46,35.53,35.4,35.48,87445,,,,,,,
45819,35.6,35.69,35.54,35.63,106691,,,,,,,
45820,35.61,35.73,35.55,35.73,73149,,,,,,,
45821,35.69,35.73,35.55,35.61,70809,,,,,,,
45824,36.05,36.09,35.68,35.7,129882,,,,,,,
45825,35.72,35.73,35.57,35.67,87817,,,,,,,
45826,35.78,35.8,35.67,35.7,97594,,,,,,,
45827,35.7,35.7,35.55,35.63,45213,,,,,,,
45828,35.92,35.92,35.55,35.61,73438,,,,,,,
45831,35.6,35.86,35.59,35.77,130512,,,,,,,
45832,35.91,35.91,35.91,35.91,281718,,,,,,,
45833,35.7,35.7,35.7,35.7,238665,,,,,,,
45834,35.74,35.96,35.68,35.96,95912,,,,,,,
45835,35.61,35.8,35.5,35.65,72125,,,,,,,
45838,35.76,35.9,35.66,35.89,83276,,,,,,,
45840,35.99,36,35.82,35.95,84213,,,,,,,
45841,35.99,36.16,35.95,36.16,89488,,,,,,,
45842,36.12,36.22,36.12,36.17,74117,,,,,,,
45845,36.16,36.25,36.07,36.14,179014,,,,,,,
45846,36.17,36.26,35.94,35.98,80364,,,,,,,
45847,36.01,36.13,35.99,36.08,58068,,,,,,,
45848,36.11,36.29,36.04,36.24,72774,,,,,,,
45849,36.16,36.2,36.05,36.16,59802,,,,,,,
45852,36.2,36.42,36.16,36.4,65554,,,,,,,
45853,36.44,36.44,36.17,36.21,108866,,,,,,,
45854,36.25,36.34,36.02,36.33,88911,,,,,,,
45855,36.4,36.69,36.39,36.65,127579,,,,,,,
45856,36.81,36.81,36.52,36.56,139289,,,,,,,
45859,36.62,36.73,36.54,36.56,61430,,,,,,,
45860,36.57,36.66,36.49,36.62,115118,,,,,,,
45861,36.65,36.75,36.65,36.69,48932,,,,,,,
45862,36.69,36.8,36.6,36.64,91490,,,,,,,
45863,36.64,36.84,36.64,36.81,80350,,,,,,,
45866,36.8,36.84,36.62,36.7,92750,,,,,,,
45867,36.77,36.87,36.75,36.84,85335,,,,,,,
45868,36.89,36.93,36.56,36.64,104724,,,,,,,
45869,36.75,36.83,36.46,36.53,134330,,,,,,,
45870,36.29,36.3,35.97,36.19,94636,,,,,,,
45874,36.84,36.94,36.75,36.93,173705,,,,,,,
45875,37.26,37.45,37.19,37.4,158020,,,,,,,
45876,37.55,37.56,37.1,37.17,103963,,,,,,,
45877,37.3,37.33,37.16,37.18,61230,,,,,,,
45880,37.2,37.3,37.05,37.2,121520,,,,,,,
45881,37.3,37.44,37.29,37.4,62775,,,,,,,
45882,37.53,37.6,37.43,37.5,93784,,,,,,,
45883,37.5,37.5,37.29,37.4,97802,,,,,,,
45884,37.44,37.44,37.32,37.4,111054,,,,,,,
45887,37.37,37.43,37.31,37.41,71826,,,,,,,
45888,37.46,37.53,37.3,37.31,77607,,,,,,,
45889,37.31,37.43,37.28,37.38,71597,,,,,,,
45890,37.36,37.62,37.35,37.61,74520,,,,,,,
45891,37.71,38.07,37.7,37.99,150693,,,,,,,
45894,37.99,37.99,37.74,37.78,116123,,,,,,,
45895,37.81,37.99,37.76,37.99,92045,,,,,,,
45896,38.04,38.17,38.03,38.13,67460,,,,,,,
45897,38.29,38.3,38.02,38.11,93134,,,,,,,
45898,38.14,38.38,38.07,38.31,100143,,,,,,,
45902,38.22,38.4,38.09,38.39,117920,,,,,,,
45903,38.48,38.58,38.45,38.57,86682,,,,,,,
45904,38.61,38.82,38.58,38.79,68965,,,,,,,
45905,39,39.07,38.78,38.99,105304,,,,,,,
45908,39.06,39.06,38.79,38.97,112518,,,,,,,
45909,39.09,39.1,38.94,39.01,73122,,,,,,,
45910,39.12,39.23,39.1,39.17,68059,,,,,,,
45911,39.22,39.5,39.2,39.47,71569,,,,,,,
45912,39.49,39.49,39.28,39.32,105616,,,,,,,
45915,39.35,39.53,39.3,39.52,120355,,,,,,,
45916,39.54,39.57,39.29,39.37,91740,,,,,,,
45917,39.32,39.56,39.23,39.38,155351,,,,,,,
45918,39.45,39.64,39.38,39.57,118433,,,,,,,
45919,39.99,40.71,39.57,39.99,116054,,,,,,,
45922,40.13,40.29,39.98,40.25,162298,,,,,,,
45923,40.35,40.41,40.07,40.08,129558,,,,,,,
45924,40.17,40.3,40,40,96177,,,,,,,
45926,40.03,40.08,39.96,40,74131,,,,,,,
45929,39.99,40.09,39.96,40.07,105078,,,,,,,
45930,39.99,40.18,39.9,40.14,153402,,,,,,,
45931,40.16,40.36,40.15,40.29,63726,,,,,,,
45932,40.31999969,40.36000061,40,40.18999863,80911,,,,,,,