Symbol,Live,Trend,Momentum,Volatility,Flow,RelStrength,Quality,Macro,STS,LTS,Date,Open,High,Low,Close,Volume,SMA20,SMA50,SMA200,SMA20_Slp,SMA50_Slp,SMA200_Slp,>MA50,>MA200,GoldenX,LinReg_Slp,Chande,ADX14,RSI14,RSI_D3,MACD_Line,MACD_Hist,RET_3M_pct,RET_6M_pct,RET_12M_pct,StochK14,ROC20_pct,ATR_pct,StdDev20,Vol60,Beta60,R2_60,Ulcer14,Sharpe60,MaxDD_6M_pct,Vol_vs_Avg,OBV,VolROC20,AD_Line,CMF20,MFI14,RS_3M,RS_6M,RS_Bench,Alpha60,InfoRatio,Corr60,Beta,ZScore,Issues,98
ACWI,141.99,4.49,12.27,54.67,34.85,-0.34,20.28,98.00,5.47,31.56,2025-10-17,137.68,138.82,137.48,138.63,2963000,138.32,135.88,124.70,0.18,0.16,0.05,TRUE,TRUE,11.18,0.17,7.59,21.94,55.42,3.61,0.69,-0.25,6.53,25.40,17.91,64.54,0.63,1.22,111.48,0.67,-0.01,0.14,1.27,1.73,-3.10,0.95,35508200.00,102.72,-22312009111.57,0.08,56.02,-3.14,1.71,0.00,0.05,1.31,-0.38,-0.01,0.28,,
ACWX,66.95,5.29,13.35,71.03,18.19,-0.85,20.27,98.00,5.93,34.52,2025-10-17,65.60,65.98,65.51,65.89,868900,65.26,64.08,58.46,0.09,0.07,0.03,TRUE,TRUE,5.62,0.09,17.30,26.24,59.10,6.37,0.44,-0.06,7.65,22.28,21.58,76.06,1.89,1.06,70.59,0.71,-0.01,0.11,1.54,1.85,-4.17,0.88,-6149100.00,4.45,-20836027237.97,0.10,68.05,-2.02,-1.41,0.00,0.05,1.25,-0.33,-0.01,0.89,,
AGG,101.05,4.27,14.37,83.10,30.62,-6.11,20.78,98.00,4.17,35.73,2025-10-17,101.01,101.01,100.86,100.96,11738900,100.22,99.58,96.99,0.03,0.05,0.01,TRUE,TRUE,2.59,0.05,44.47,21.20,67.84,-0.57,0.36,0.05,3.64,5.21,5.16,87.07,1.00,0.30,41.55,0.24,0.00,0.00,0.79,3.02,-1.99,1.53,-3273200.00,62.17,-282384599353.02,-1.06,71.98,-6.02,-18.49,0.00,0.06,3.77,-0.06,0.00,1.77,,
BND,74.94,4.78,14.21,87.73,70.64,-6.18,20.78,98.00,4.27,36.55,2025-10-17,74.91,74.92,74.81,74.88,20336300,74.35,73.88,72.00,0.02,0.04,0.01,TRUE,TRUE,1.88,0.04,42.26,23.78,67.38,-0.83,0.26,0.04,3.50,5.10,5.07,86.21,0.93,0.29,30.00,0.24,0.00,0.00,0.77,2.98,-1.96,2.61,119595200.00,284.02,-225524635246.48,-0.84,53.05,-6.17,-18.59,0.00,0.06,3.77,-0.04,0.00,1.77,,
CGL,30.84,9.85,21.51,41.72,109.56,40.02,77.97,98.00,23.80,48.18,2025-10-17,33.41,33.48,32.43,32.71,584800,30.49,28.42,25.47,0.14,0.04,0.03,TRUE,TRUE,2.96,0.11,56.72,49.03,74.86,-6.52,1.22,0.21,25.76,24.99,54.29,80.26,15.46,1.80,140.09,1.07,0.36,0.05,7.62,4.88,-7.49,2.54,7924800.00,454.31,8640158.76,0.29,71.44,16.60,0.76,142.45,0.29,4.40,0.21,0.36,1.58,,
CGL.C,46.86,11.57,23.04,4.13,38.44,46.77,86.56,98.00,27.13,45.01,2025-10-17,50.67,50.87,49.42,49.74,67100,46.02,42.62,38.25,0.23,0.08,0.05,TRUE,TRUE,4.38,0.19,59.87,57.48,77.21,-7.77,2.04,0.35,28.96,27.97,60.14,82.09,17.73,1.66,233.88,1.01,0.30,0.03,8.24,6.06,-6.32,1.43,2090600.00,95.63,1394307.62,0.39,75.14,19.80,3.73,163.20,0.36,5.69,0.18,0.30,1.59,,
DBC,22.85,3.38,8.38,89.35,150.44,-7.86,20.00,98.00,1.30,35.21,2025-10-17,22.13,22.16,22.04,22.12,1650600,22.45,22.26,21.97,0.01,0.00,0.00,FALSE,TRUE,0.29,0.01,-24.27,16.89,43.71,0.72,-0.05,-0.07,-1.60,3.51,3.65,12.05,-0.63,1.05,24.62,0.78,0.00,0.01,1.93,-0.69,-7.05,3.88,149047700.00,705.17,-22793201722.40,0.26,32.69,-11.27,-20.18,0.00,0.00,0.01,-0.11,0.00,-1.35,,
DIA,474.49,5.07,11.17,-17.53,24.21,-2.47,20.10,98.00,4.59,19.05,2025-10-17,459.30,463.11,458.92,461.78,8434500,462.73,456.61,432.03,0.37,0.44,0.14,TRUE,TRUE,24.58,0.45,-3.60,24.00,52.19,-1.52,1.19,-0.86,4.53,18.92,9.74,45.64,-0.22,1.19,292.07,0.64,-0.01,0.13,1.14,1.15,-3.22,1.38,123046800.00,43.65,-22968382702.72,-0.11,60.38,-5.14,-4.78,0.00,0.02,0.45,-0.36,-0.01,-0.33,,
EEM,55.61,5.50,13.65,72.31,7.73,1.73,20.42,98.00,6.96,35.27,2025-10-17,53.83,54.28,53.80,54.18,24269000,53.57,51.89,46.51,0.13,0.08,0.02,TRUE,TRUE,5.38,0.10,12.52,27.25,58.76,7.76,0.54,-0.09,9.68,30.50,23.10,82.23,2.21,1.43,66.92,0.93,-0.02,0.12,1.76,2.28,-4.68,0.89,-269432500.00,-35.08,-304992615283.71,-0.04,57.97,0.01,6.80,0.00,0.11,1.90,-0.35,-0.02,0.91,,
EFA,95.63,3.45,12.86,61.20,13.72,-2.10,20.15,98.00,4.74,32.26,2025-10-17,94.04,94.57,93.92,94.51,16789400,93.66,92.71,85.44,0.08,0.08,0.04,TRUE,TRUE,7.27,0.09,18.54,16.99,57.84,6.48,0.42,-0.05,6.39,18.55,20.07,70.09,1.62,0.94,95.28,0.71,-0.01,0.06,1.56,1.17,-4.64,1.05,-472772400.00,-23.30,-219385459321.96,0.17,72.09,-3.27,-5.14,0.00,0.03,0.68,-0.25,-0.01,0.89,,
GLD,367.36,9.15,25.08,-548.53,80.17,4.57,21.23,98.00,12.93,-65.08,2025-10-17,397.14,397.28,385.22,388.99,61959600,363.60,338.16,300.58,1.69,0.58,0.36,TRUE,TRUE,37.58,1.40,53.98,42.96,75.32,-5.36,14.49,2.22,24.23,27.07,58.18,82.14,14.69,1.71,1616.00,1.00,-0.01,0.04,7.23,5.80,-7.11,2.98,820422600.00,313.54,673884854.94,0.20,66.07,14.56,3.38,0.00,0.34,5.47,-0.21,-0.01,1.57,,
HXQ,103.29,4.88,14.08,55.48,10.59,31.19,64.60,98.00,16.72,44.70,2025-10-17,99.09,100.06,98.90,99.87,23500,98.93,95.91,87.46,0.25,0.15,0.05,TRUE,TRUE,8.44,0.16,16.33,23.94,59.57,2.34,1.14,-0.16,9.75,37.71,25.81,68.09,3.09,1.36,109.07,0.85,0.69,0.26,1.78,2.99,-4.21,1.02,38100.00,2.62,807859.64,-0.08,39.13,0.58,13.48,110.65,0.07,1.54,0.51,0.69,0.86,,
HXT,79.32,9.34,12.63,71.22,35.81,25.01,59.99,98.00,15.66,46.03,2025-10-17,78.96,79.20,78.55,78.71,442400,78.87,76.51,69.64,0.15,0.12,0.05,TRUE,TRUE,6.87,0.15,10.99,46.27,54.26,-8.05,0.78,-0.17,9.14,24.09,23.64,27.97,1.72,1.07,70.27,0.63,1.00,1.00,1.21,3.43,-2.34,1.58,-24521500.00,114.24,11086313.74,-0.10,50.07,-0.03,-0.15,100.23,0.00,-0.49,1.00,1.00,-0.23,,
HYG,81.19,4.63,10.94,90.14,32.97,-6.14,20.23,98.00,3.14,36.30,2025-10-17,80.44,80.73,80.43,80.72,69952900,80.69,80.37,77.91,0.01,0.03,0.02,TRUE,TRUE,2.46,0.03,-4.61,23.05,53.41,3.28,0.04,-0.04,1.91,6.85,7.45,61.11,-0.20,0.36,24.04,0.22,0.00,0.13,0.49,1.01,-1.25,1.54,40586800.00,118.31,-1518522081449.43,-1.53,36.90,-7.75,-16.84,0.00,0.02,1.14,-0.36,0.00,0.11,,
IAU,75.24,9.97,21.77,-34.62,136.29,4.59,21.23,98.00,12.11,20.16,2025-10-17,81.30,81.34,78.87,79.63,40382600,74.45,69.23,61.51,0.35,0.12,0.07,TRUE,TRUE,7.72,0.29,54.33,49.26,75.39,-5.56,2.97,0.45,24.25,27.14,58.37,82.00,14.67,1.70,331.25,1.00,-0.01,0.04,7.20,5.83,-7.15,3.31,432629500.00,600.36,344755066.38,0.17,60.73,14.58,3.45,0.00,0.34,5.48,-0.21,-0.01,1.56,,
IEF,97.28,3.74,13.90,80.54,45.84,-6.16,20.70,98.00,3.83,35.12,2025-10-17,97.46,97.48,97.27,97.39,12490500,96.54,96.02,93.35,0.01,0.05,0.01,TRUE,TRUE,2.67,0.05,41.06,18.57,65.28,-0.90,0.35,0.08,3.80,4.87,5.18,86.49,1.09,0.36,47.80,0.30,0.00,0.00,0.98,2.67,-2.72,1.67,-98377900.00,125.92,-213413625632.74,-0.66,81.28,-5.87,-18.83,0.00,0.06,3.37,-0.02,0.00,1.77,,
IEFA,89.24,3.45,12.54,64.62,20.45,-2.05,20.12,98.00,4.64,32.78,2025-10-17,87.75,88.21,87.61,88.11,11622200,87.47,86.64,79.52,0.07,0.08,0.04,TRUE,TRUE,7.12,0.08,15.98,16.98,56.67,5.61,0.35,-0.06,6.11,19.02,20.30,66.04,1.43,0.93,86.75,0.71,-0.01,0.07,1.57,1.10,-4.46,1.10,-227400800.00,13.68,-123428410097.30,0.14,69.41,-3.56,-4.67,0.00,0.02,0.57,-0.26,-0.01,0.73,,
IEMG,68.64,5.41,13.42,67.94,28.02,1.51,20.39,98.00,6.78,34.44,2025-10-17,66.50,67.03,66.46,66.92,15756600,66.20,64.33,57.62,0.14,0.09,0.02,TRUE,TRUE,6.71,0.12,12.79,26.74,58.33,7.63,0.61,-0.09,8.95,30.34,22.58,84.07,1.89,1.37,77.96,0.90,-0.02,0.14,1.65,2.17,-4.48,1.36,-87093800.00,64.19,-141178080628.06,0.04,59.06,-0.71,6.65,0.00,0.09,1.75,-0.37,-0.02,0.93,,
IJH,66.40,3.58,9.31,74.07,23.78,-3.13,19.85,98.00,3.25,33.61,2025-10-17,64.24,64.62,64.02,64.47,15627800,65.11,64.84,61.61,-0.01,0.06,0.01,FALSE,TRUE,3.23,0.04,-9.65,17.75,46.22,-4.00,-0.11,-0.13,2.60,18.29,3.30,42.47,-1.74,1.58,62.42,0.97,-0.02,0.09,1.63,0.19,-4.59,1.52,-58541900.00,57.38,-25390224749.48,-0.05,47.42,-7.07,-5.40,0.00,-0.04,-0.67,-0.30,-0.02,-1.02,,
IJR,121.56,4.20,10.39,45.72,12.91,-1.15,20.00,98.00,4.48,29.53,2025-10-17,117.14,118.17,116.93,117.59,5326300,118.42,117.31,110.29,0.02,0.16,-0.01,TRUE,TRUE,7.02,0.15,-6.07,20.64,48.84,-2.77,0.08,-0.22,5.75,23.02,2.38,47.66,-1.40,1.73,133.03,1.19,-0.02,0.07,1.89,0.98,-5.27,1.21,-200967800.00,0.83,-16079782038.87,-0.04,49.55,-3.91,-0.68,0.00,0.00,0.00,-0.27,-0.02,-0.63,,
ITOT,149.45,4.98,11.54,55.57,28.75,0.00,20.24,98.00,5.51,31.72,2025-10-17,144.22,145.57,143.92,145.31,2782700,145.53,143.04,131.71,0.17,0.18,0.05,TRUE,TRUE,11.33,0.17,0.78,24.40,52.90,0.54,0.60,-0.32,6.01,27.31,15.77,54.24,-0.06,1.25,109.18,0.71,-0.01,0.15,1.28,1.53,-3.04,1.47,-96437600.00,79.16,-7712478092.75,0.07,49.86,-3.66,3.61,0.00,0.05,1.09,-0.38,-0.01,-0.20,,
IVV,686.44,5.48,11.96,-101.31,18.31,-0.06,20.27,98.00,5.80,5.72,2025-10-17,662.71,668.94,661.40,667.69,6734100,668.29,656.75,604.63,0.84,0.81,0.25,TRUE,TRUE,52.12,0.75,1.64,25.08,53.54,1.64,2.81,-1.47,6.01,27.07,16.10,55.08,0.12,1.21,501.42,0.68,-0.01,0.14,1.28,1.59,-2.99,1.05,-65869200.00,4.98,-23885706161.31,0.11,67.87,-3.66,3.38,0.00,0.05,1.25,-0.38,-0.01,-0.12,,
IWB,374.77,5.21,11.58,-8.75,3.08,-0.16,20.25,98.00,5.55,21.02,2025-10-17,361.81,365.23,361.08,364.57,794600,365.16,359.10,330.96,0.43,0.44,0.14,TRUE,TRUE,28.14,0.40,0.26,24.81,52.87,1.17,1.40,-0.81,5.82,26.86,15.88,54.23,-0.07,1.21,270.04,0.69,-0.01,0.14,1.28,1.52,-3.00,0.95,33091500.00,-60.09,-3711358711.23,0.08,59.19,-3.85,3.16,0.00,0.05,1.14,-0.38,-0.01,-0.22,,
IWD,207.24,4.27,10.95,42.59,63.46,-3.31,20.02,98.00,3.97,28.75,2025-10-17,201.90,203.23,201.67,202.84,9309200,203.12,201.07,190.93,0.12,0.17,0.06,TRUE,TRUE,10.14,0.17,-2.37,20.82,51.54,-1.49,0.43,-0.31,4.04,16.07,7.66,52.04,0.03,1.14,141.81,0.63,-0.01,0.09,1.16,0.78,-3.17,2.78,-3991800.00,250.15,-16029417156.84,-0.07,50.45,-5.62,-7.63,0.00,0.00,0.09,-0.29,-0.01,-0.20,,
IWF,483.25,4.74,11.93,-62.25,43.98,2.78,20.36,98.00,6.48,12.59,2025-10-17,462.68,468.33,461.54,467.12,3092600,468.30,457.75,411.32,0.79,0.72,0.21,TRUE,TRUE,46.43,0.63,1.08,21.67,52.88,1.86,2.52,-1.35,7.38,37.00,23.45,45.68,-0.33,1.49,403.38,0.88,-0.02,0.14,1.52,1.75,-3.26,2.21,93820400.00,159.49,-2318384089.60,0.10,45.59,-2.28,13.30,0.00,0.08,1.61,-0.38,-0.02,-0.29,,
IWM,250.67,4.35,12.42,-18.29,12.87,2.05,20.15,98.00,6.27,19.78,2025-10-17,243.32,245.16,241.47,243.41,55349700,243.91,237.33,216.93,0.37,0.43,0.01,TRUE,TRUE,20.40,0.51,4.61,20.59,51.84,-8.50,2.33,-0.38,10.24,31.26,10.30,38.46,0.18,1.98,292.50,1.23,-0.02,0.12,2.52,1.79,-5.19,1.44,292421300.00,-1.32,-78323921083.80,0.01,50.78,0.57,7.57,0.00,0.05,0.65,-0.35,-0.02,-0.17,,
IWO,334.33,3.59,13.31,-91.36,16.51,3.31,20.22,98.00,6.74,7.85,2025-10-17,324.76,327.19,320.98,324.03,382700,324.07,313.53,284.86,0.67,0.57,0.03,TRUE,TRUE,28.67,0.73,7.65,16.32,52.66,-9.53,4.17,-0.38,11.68,34.85,13.33,35.56,0.50,2.08,474.76,1.25,-0.03,0.15,3.11,2.07,-3.95,0.78,1321600.00,7.05,-808320529.71,0.07,59.42,2.02,11.15,0.00,0.07,0.98,-0.39,-0.03,-0.01,,
IWP,145.24,4.19,8.75,48.55,140.08,-1.88,19.84,98.00,3.69,29.58,2025-10-17,140.53,141.65,139.79,141.20,3029900,142.68,142.24,132.70,-0.03,0.10,0.09,FALSE,TRUE,9.54,0.05,-12.15,20.65,45.33,-4.24,-0.24,-0.23,1.06,24.83,17.10,29.72,-2.39,1.65,126.26,0.90,-0.02,0.14,1.42,-0.10,-3.81,3.41,38565500.00,653.71,-963842156.30,0.05,33.20,-8.61,1.14,0.00,-0.04,-0.73,-0.38,-0.02,-1.17,,
IWS,140.95,4.18,9.64,45.65,7.01,-3.30,19.87,98.00,3.51,29.01,2025-10-17,136.99,137.94,136.87,137.75,715100,138.91,137.92,130.51,0.05,0.12,0.02,FALSE,TRUE,7.41,0.09,-11.85,20.60,47.05,-2.73,-0.04,-0.31,2.79,17.42,5.16,35.15,-0.70,1.32,133.68,0.80,-0.01,0.07,1.71,0.14,-3.74,2.05,641700.00,-18.18,-2394697208.82,0.00,40.12,-6.88,-6.27,0.00,-0.03,-0.61,-0.27,-0.01,-0.87,,
IYR,98.07,2.43,11.56,60.51,16.08,-6.29,19.79,98.00,2.57,31.00,2025-10-17,96.33,97.06,95.96,96.95,5658600,96.02,95.96,94.06,-0.03,0.03,0.01,TRUE,TRUE,1.90,0.02,3.49,12.06,56.01,9.94,-0.08,0.07,1.55,6.68,-1.67,80.86,0.85,1.09,96.80,0.85,-0.01,0.03,1.67,-0.29,-4.24,0.92,-271382700.00,18.44,-41103050519.75,0.03,48.45,-8.11,-17.01,0.00,-0.05,-0.93,-0.18,-0.01,0.96,,
JNK,97.88,4.90,10.78,86.86,18.30,-5.99,20.29,98.00,3.23,35.81,2025-10-17,96.93,97.26,96.93,97.24,5945500,97.29,96.83,93.76,0.02,0.05,0.03,TRUE,TRUE,3.07,0.04,-9.09,24.34,52.60,4.30,0.04,-0.06,2.10,7.27,7.28,53.80,-0.32,0.38,32.20,0.23,0.00,0.12,0.55,1.18,-1.34,1.22,10817900.00,45.56,-333302080974.18,-2.17,37.47,-7.57,-16.43,0.00,0.02,1.40,-0.35,0.00,-0.14,,
LQD,112.67,3.19,13.55,80.10,23.51,-5.35,20.63,98.00,3.80,35.02,2025-10-17,112.29,112.32,112.11,112.20,35433500,111.42,110.54,106.71,0.04,0.07,0.01,TRUE,TRUE,3.83,0.07,30.14,15.76,63.30,-0.96,0.43,0.04,4.38,7.51,5.33,80.65,0.78,0.39,48.94,0.32,0.00,0.01,0.81,2.81,-2.22,1.16,591052500.00,31.99,-582375351219.60,-0.81,67.86,-5.29,-16.19,0.00,0.06,3.05,-0.11,0.00,1.59,,
MTUM,257.20,4.53,10.60,31.49,11.42,0.62,20.29,98.00,5.25,27.59,2025-10-17,252.08,253.36,250.17,252.80,539000,254.80,249.97,226.81,0.34,0.29,0.16,TRUE,TRUE,23.16,0.30,-14.84,21.67,49.55,-3.62,0.86,-0.64,5.78,29.98,23.51,36.74,-1.56,1.36,169.42,0.76,-0.02,0.15,1.01,1.68,-3.00,0.65,-9641100.00,6.17,-2423105169.41,0.09,39.88,-3.88,6.29,0.00,0.06,1.33,-0.38,-0.02,-1.18,,
QQC-F,200.49,4.14,12.89,27.92,36.69,26.19,58.47,98.00,14.41,37.93,2025-10-17,192.00,194.03,191.26,193.78,17400,192.86,188.24,171.14,0.39,0.25,0.07,TRUE,TRUE,17.10,0.25,11.43,19.97,56.58,3.94,1.40,-0.44,7.32,34.80,21.62,64.97,1.55,1.32,178.04,0.83,0.72,0.29,1.69,2.00,-3.43,1.76,-774800.00,123.08,-15431033.20,0.12,46.07,-1.84,10.56,96.04,0.01,0.25,0.54,0.72,0.51,,
QQQ,625.90,4.76,13.20,-118.73,18.28,2.55,20.35,98.00,6.84,3.36,2025-10-17,597.95,605.51,596.37,603.93,71911200,601.36,586.98,530.52,1.17,0.79,0.26,TRUE,TRUE,56.46,0.80,7.12,21.46,56.08,3.93,4.37,-1.27,7.17,36.30,23.70,61.67,0.88,1.53,544.48,0.88,-0.02,0.14,1.62,1.81,-3.59,1.24,961330500.00,23.57,-71005529717.33,0.16,52.63,-2.50,12.61,0.00,0.08,1.60,-0.38,-0.02,0.47,,
QQQM,257.74,4.51,12.75,9.49,28.26,2.56,20.36,98.00,6.60,24.61,2025-10-17,246.11,249.26,245.51,248.61,5991600,247.56,241.63,218.35,0.48,0.32,0.11,TRUE,TRUE,23.28,0.33,7.13,21.57,56.10,3.88,1.80,-0.52,7.19,36.32,23.77,61.59,0.86,1.52,223.94,0.88,-0.02,0.15,1.62,1.82,-3.59,1.33,125743000.00,75.11,-1890670146.69,0.12,51.25,-2.48,12.63,0.00,0.08,1.61,-0.38,-0.02,0.47,,
QUAL,198.83,5.48,11.30,25.00,13.27,-1.94,20.24,98.00,4.95,26.35,2025-10-17,191.66,193.82,191.66,193.46,1309700,194.04,190.84,180.09,0.25,0.19,0.04,TRUE,TRUE,10.76,0.20,0.61,26.85,52.08,1.27,0.71,-0.50,5.16,20.40,7.98,40.24,0.39,1.13,185.64,0.67,-0.01,0.11,1.45,1.29,-3.15,0.97,-66061700.00,-12.74,-4931176901.93,0.15,61.96,-4.51,-3.30,0.00,0.04,1.12,-0.34,-0.01,-0.31,,
SCHB,26.36,5.08,11.46,91.61,41.37,0.00,20.24,98.00,5.51,37.73,2025-10-17,25.46,25.68,25.39,25.63,10368700,25.68,25.24,23.24,0.03,0.03,0.01,TRUE,TRUE,2.00,0.03,0.00,25.28,52.83,0.73,0.10,-0.06,6.00,27.31,15.74,54.22,-0.10,1.25,19.09,0.69,-0.01,0.14,1.27,1.55,-3.00,1.55,-275633900.00,145.01,-15848503114.82,0.08,47.52,-3.67,3.62,0.00,0.05,1.13,-0.38,-0.01,-0.24,,
SHY,83.07,4.63,14.56,93.34,26.28,-7.35,20.95,98.00,3.95,37.35,2025-10-17,83.10,83.12,83.07,83.09,3354600,82.82,82.59,81.32,0.01,0.02,0.01,TRUE,TRUE,1.27,0.02,54.19,23.09,71.09,-0.34,0.14,0.02,1.58,2.35,4.66,88.89,0.47,0.12,16.38,0.10,0.00,0.02,0.30,1.98,-0.73,0.91,141076800.00,52.70,-606962423850.54,-3.56,65.44,-8.09,-21.35,0.00,0.03,4.68,-0.16,0.00,1.65,,
SIZE,163.22,3.61,10.08,45.10,4.58,-3.31,19.82,98.00,3.46,28.88,2025-10-17,158.71,159.65,158.71,159.52,3200,160.23,159.12,151.14,0.06,0.11,0.05,TRUE,TRUE,7.98,0.09,-3.36,17.71,49.09,-1.61,0.02,-0.27,2.62,17.53,7.57,44.06,-0.48,1.05,135.49,0.75,-0.01,0.09,1.41,0.07,-3.29,0.58,174300.00,-63.22,-86637265.54,-0.33,68.54,-7.04,-6.16,0.00,-0.04,-0.82,-0.30,-0.01,-0.53,,
SLV,42.07,6.16,22.37,-14.56,43.69,14.75,21.02,98.00,14.43,24.62,2025-10-17,48.46,48.59,45.88,46.99,86269300,43.86,39.27,32.77,0.34,0.11,0.02,TRUE,TRUE,6.50,0.24,37.02,30.39,68.36,-11.60,2.53,0.28,32.93,59.02,63.67,70.22,20.36,3.52,278.25,1.63,-0.02,0.05,9.27,4.53,-6.72,1.72,1074897100.00,134.58,923641753.36,0.15,64.88,23.26,35.32,0.00,0.43,4.22,-0.23,-0.02,1.12,,
SMH,359.96,4.82,18.43,-277.16,15.36,15.75,20.66,98.00,13.00,-19.92,2025-10-17,341.22,344.93,338.14,342.83,8365300,333.18,311.93,261.77,1.84,0.66,0.06,TRUE,TRUE,50.16,1.01,22.20,22.02,61.59,4.86,8.95,-0.48,18.01,78.07,39.32,78.16,8.59,2.78,938.66,1.64,-0.03,0.11,2.94,2.80,-5.99,0.92,113482600.00,-0.19,-6264190296.24,0.07,60.42,8.34,54.37,0.00,0.27,2.75,-0.33,-0.03,1.03,,
SOXX,304.55,4.22,17.86,-244.07,14.25,14.41,20.64,98.00,12.16,-14.83,2025-10-17,286.89,289.64,283.72,288.17,6214300,278.81,261.57,224.80,1.47,0.48,-0.05,TRUE,TRUE,36.78,0.86,21.86,19.57,60.91,5.06,7.66,-0.15,16.94,73.77,27.65,82.46,8.39,3.06,855.28,1.78,-0.03,0.08,3.67,2.65,-6.71,0.69,85537800.00,6.43,-3892349800.63,0.02,51.00,7.27,50.07,0.00,0.28,2.62,-0.28,-0.03,1.09,,
SPY,683.17,5.74,11.92,-99.59,14.34,-0.10,20.27,98.00,5.85,6.04,2025-10-17,659.50,665.76,658.14,664.39,96386200,665.06,653.63,601.96,0.84,0.80,0.25,TRUE,TRUE,51.67,0.74,1.26,26.41,53.42,1.59,2.77,-1.47,5.96,26.94,15.99,54.71,0.10,1.22,497.12,0.69,-0.01,0.14,1.28,1.57,-2.98,1.20,-243558000.00,-1.59,-326694977220.32,0.09,57.11,-3.71,3.24,0.00,0.05,1.25,-0.38,-0.01,-0.14,,
TIP,111.86,3.54,12.37,86.94,20.84,-6.65,20.57,98.00,3.09,35.79,2025-10-17,111.91,111.92,111.65,111.68,1739700,111.26,110.83,108.03,0.01,0.05,0.02,TRUE,TRUE,2.80,0.05,26.08,17.54,59.43,-2.33,0.24,0.03,2.36,4.37,5.03,77.78,0.39,0.27,32.10,0.23,0.00,0.03,0.56,1.85,-1.68,0.62,-44729100.00,30.16,-95866571251.22,-0.75,59.26,-7.31,-19.32,0.00,0.04,2.76,-0.18,0.00,1.30,,
TLT,91.28,5.84,15.08,61.86,19.88,-4.87,20.59,98.00,5.35,32.75,2025-10-17,91.25,91.29,90.90,91.20,39729400,89.57,88.25,86.53,0.07,0.06,-0.02,TRUE,TRUE,1.72,0.08,37.03,29.07,66.77,0.03,0.75,0.14,7.23,6.53,0.33,89.47,2.81,0.76,93.67,0.65,0.00,0.00,1.83,2.55,-6.56,1.26,252778000.00,22.21,-388145232800.08,-0.18,60.42,-2.44,-17.16,0.00,0.11,2.72,0.00,0.00,1.74,,
UNG,12.94,3.29,4.22,71.44,24.09,-20.73,19.77,98.00,-4.41,29.33,2025-10-17,11.62,11.96,11.59,11.87,12802300,12.63,12.65,16.46,0.00,-0.06,0.01,FALSE,FALSE,-3.81,-0.01,-20.70,16.52,40.12,1.11,-0.26,-0.15,-19.14,-30.30,-15.27,12.70,-5.57,4.07,62.68,2.47,0.03,0.05,9.31,-1.57,-38.99,1.09,-33795675.00,68.08,-30760355.81,-0.07,40.64,-28.81,-53.99,0.00,-0.14,-0.89,0.21,0.03,-1.22,,
USMV,94.65,2.71,9.87,76.23,23.16,-6.64,19.95,98.00,1.98,33.35,2025-10-17,93.39,94.17,93.33,94.06,2579100,94.52,93.92,92.12,0.05,0.02,0.03,TRUE,TRUE,1.79,0.04,-11.54,13.44,48.13,-5.54,0.06,-0.16,1.56,5.24,3.56,37.55,0.23,0.79,58.13,0.52,-0.01,0.06,1.00,-0.22,-2.43,1.13,-23705700.00,60.29,-20710134362.59,0.13,42.93,-8.10,-18.46,0.00,-0.01,-0.21,-0.25,-0.01,-0.79,,
USO,73.56,3.64,3.43,-15.73,5.85,-11.43,19.72,98.00,-1.45,16.27,2025-10-17,67.72,68.16,67.44,67.98,5516800,72.46,73.39,73.55,-0.09,-0.04,-0.01,FALSE,FALSE,-0.16,-0.09,-52.01,18.34,33.03,-2.14,-1.57,-0.56,-10.07,-2.16,-6.57,7.81,-7.54,2.12,284.94,1.63,0.00,0.00,4.54,-1.85,-18.42,0.99,93106600.00,-7.41,128444279.48,-0.16,28.30,-19.73,-25.85,0.00,-0.12,-1.18,0.01,0.00,-1.57,,
VAB,23.40,6.02,15.12,96.88,20.93,9.82,47.32,98.00,10.32,45.53,2025-10-17,23.37,23.38,23.35,23.37,125400,23.21,23.00,22.82,0.01,0.01,0.00,TRUE,TRUE,0.19,0.01,44.46,30.06,71.94,6.23,0.08,0.01,3.94,2.32,3.98,96.15,0.79,0.33,7.15,0.23,0.02,0.00,0.66,2.82,-2.00,1.04,632200.00,6.63,-2340063943.53,-1.14,78.29,-5.22,-21.91,66.36,0.05,3.77,0.04,0.02,2.25,,
VBAL,37.10,8.38,13.40,90.08,34.23,18.30,53.71,98.00,13.36,46.98,2025-10-17,36.74,36.76,36.63,36.72,105500,36.54,35.85,33.87,0.05,0.04,0.01,TRUE,TRUE,1.98,0.04,19.34,41.79,60.32,-0.67,0.26,-0.03,6.85,16.72,12.81,65.28,1.66,0.72,23.76,0.39,0.48,0.59,0.63,3.93,-1.68,1.07,925707.00,100.95,-975027501.43,-0.74,55.62,-2.31,-7.51,82.97,0.04,2.51,0.77,0.48,0.76,,
VCE,65.25,9.13,12.56,76.16,49.30,25.33,60.87,98.00,15.68,47.01,2025-10-17,64.86,65.20,64.62,64.82,41500,64.95,62.98,57.47,0.13,0.10,0.04,TRUE,TRUE,5.52,0.12,11.15,45.34,54.20,-7.85,0.66,-0.14,8.93,23.72,23.40,27.27,1.71,1.10,57.91,0.62,0.98,0.99,1.21,3.45,-2.29,1.42,453172.00,180.41,-389334382.78,-0.14,51.33,-0.23,-0.51,102.08,0.00,0.20,0.99,0.98,-0.22,,
VCN,61.59,8.62,13.10,74.86,43.99,26.68,62.07,98.00,16.13,47.22,2025-10-17,61.66,61.83,61.20,61.40,200700,61.42,59.40,53.67,0.13,0.10,0.04,TRUE,TRUE,5.73,0.13,12.60,42.75,55.31,-8.47,0.71,-0.12,10.38,26.02,26.07,28.35,2.24,1.15,61.03,0.63,0.99,0.97,1.35,3.87,-2.20,1.77,910200.00,149.63,-1029441975.66,-0.11,54.26,1.21,1.78,103.71,0.02,2.87,0.99,0.99,-0.03,,
VDY,58.14,9.48,12.35,81.11,12.84,25.30,61.04,98.00,15.71,47.88,2025-10-17,57.34,57.60,57.32,57.40,114700,57.76,55.93,50.85,0.12,0.09,0.03,TRUE,TRUE,5.08,0.12,-6.97,47.09,53.07,-12.45,0.51,-0.19,9.77,24.44,20.43,5.71,1.29,0.84,45.81,0.42,0.50,0.56,1.16,5.24,-1.96,0.73,3717402.00,1.41,-2563081323.82,-0.43,49.79,0.61,0.20,100.30,0.08,4.44,0.75,0.50,-0.79,,
VEA,61.59,3.93,13.08,74.84,11.87,-1.29,20.21,98.00,5.24,34.80,2025-10-17,60.47,60.76,60.33,60.71,10372100,60.15,59.34,54.07,0.06,0.06,0.03,TRUE,TRUE,5.26,0.07,18.59,19.45,58.45,6.33,0.33,-0.04,7.00,21.15,22.07,72.52,1.78,0.97,61.16,0.70,-0.01,0.08,1.53,1.55,-4.24,0.85,-309702000.00,-32.86,-159485631360.60,0.17,72.58,-2.67,-2.54,0.00,0.04,0.96,-0.29,-0.01,0.91,,
VEE,46.70,5.89,13.65,76.99,32.45,22.85,54.72,98.00,14.13,45.35,2025-10-17,45.68,45.90,45.61,45.81,37600,45.44,44.01,40.19,0.11,0.07,0.02,TRUE,TRUE,3.82,0.09,16.38,29.22,58.54,4.55,0.50,-0.08,10.06,28.72,20.08,79.34,2.21,1.15,55.62,0.80,0.69,0.29,1.52,3.13,-4.18,1.08,-1609300.00,90.86,-474118462.02,-0.04,55.85,0.90,4.48,85.93,0.07,1.62,0.54,0.69,0.67,,
VEQT,54.20,6.65,13.27,78.79,22.90,25.19,59.65,98.00,15.04,46.93,2025-10-17,53.29,53.41,53.06,53.28,369800,53.07,51.69,47.50,0.10,0.08,0.03,TRUE,TRUE,4.19,0.09,14.40,33.03,57.44,-2.13,0.51,-0.08,9.07,26.74,20.48,59.15,2.13,0.98,51.50,0.61,0.77,0.63,1.09,3.62,-2.66,1.21,-790001.00,43.44,-665277569.30,0.06,55.33,-0.09,2.50,98.31,0.04,1.58,0.79,0.77,0.41,,
VFV,170.11,5.78,13.24,42.32,37.49,26.74,61.86,98.00,15.26,41.33,2025-10-17,164.81,166.04,164.54,165.67,392900,165.11,161.17,149.76,0.30,0.24,0.07,TRUE,TRUE,11.41,0.23,10.23,28.22,57.17,-0.77,1.38,-0.30,8.15,28.33,17.46,58.73,2.10,1.07,142.52,0.66,0.62,0.35,1.21,3.14,-4.36,1.54,-229500.00,113.53,-765814525.30,-0.05,57.33,-1.01,4.10,103.83,0.05,1.54,0.59,0.62,0.39,,
VGRO,43.06,7.11,13.41,85.86,18.26,21.66,56.58,98.00,14.06,47.10,2025-10-17,42.44,42.51,42.32,42.46,167700,42.26,41.30,38.49,0.07,0.05,0.02,TRUE,TRUE,2.82,0.06,18.18,35.38,59.18,-1.60,0.36,-0.05,8.04,21.66,16.55,57.89,1.92,0.87,34.07,0.48,0.63,0.66,0.84,3.92,-2.07,1.06,-2140625.00,28.11,-1421333650.11,-0.61,49.89,-1.13,-2.57,90.30,0.04,2.23,0.82,0.63,0.58,,
VIU,42.88,3.85,14.22,77.87,31.34,22.70,57.03,98.00,13.59,45.61,2025-10-17,42.21,42.30,42.14,42.27,81400,41.65,40.91,37.68,0.06,0.05,0.02,TRUE,TRUE,3.23,0.05,28.75,19.10,61.63,4.90,0.39,0.00,9.16,23.17,23.20,86.11,2.84,0.89,53.72,0.73,0.62,0.28,1.45,2.94,-3.07,0.80,-418800.00,71.37,-695384149.93,0.11,67.21,-0.01,-1.06,91.80,0.06,1.45,0.53,0.62,1.15,,
VLUE,130.88,6.30,13.76,37.83,31.53,1.73,20.44,98.00,7.26,29.67,2025-10-17,125.09,126.24,124.95,125.88,417600,125.22,121.31,110.67,0.29,0.19,0.03,TRUE,TRUE,10.64,0.26,6.95,30.89,57.71,1.44,1.21,-0.31,10.99,29.17,17.37,56.85,2.27,1.49,153.12,0.86,-0.01,0.05,1.63,2.58,-4.26,1.09,-56345800.00,67.31,-5742981198.08,0.13,70.82,1.33,5.47,0.00,0.11,1.99,-0.23,-0.01,0.43,,
VNQ,92.31,2.64,11.34,61.35,10.59,-6.11,19.82,98.00,2.62,31.17,2025-10-17,90.54,91.28,90.26,91.17,2945200,90.45,90.35,88.36,-0.03,0.04,0.01,TRUE,TRUE,1.99,0.03,1.45,13.08,55.06,9.69,-0.11,0.04,1.92,7.03,-1.75,75.74,0.43,1.12,94.63,0.85,-0.01,0.03,1.77,-0.12,-4.58,0.84,-178631700.00,-4.25,-46489259301.34,-0.24,45.01,-7.75,-16.66,0.00,-0.04,-0.82,-0.18,-0.01,0.76,,
VOO,628.03,5.77,11.90,-83.18,17.91,-0.09,20.27,98.00,5.86,8.78,2025-10-17,606.34,612.02,605.10,610.76,6905100,611.42,600.87,553.23,0.77,0.74,0.23,TRUE,TRUE,47.64,0.68,1.23,26.69,53.43,1.64,2.55,-1.36,5.98,26.97,16.05,54.36,0.12,1.21,456.09,0.68,-0.01,0.14,1.27,1.59,-2.95,0.81,43654200.00,13.84,-22891554271.40,-0.21,59.80,-3.69,3.27,0.00,0.05,1.26,-0.38,-0.01,-0.14,,
VTI,336.64,5.34,11.62,1.65,24.53,-0.01,20.25,98.00,5.65,22.81,2025-10-17,325.01,327.94,324.24,327.30,5646200,327.86,322.18,296.65,0.40,0.41,0.12,TRUE,TRUE,25.53,0.38,0.69,25.53,52.82,0.33,1.37,-0.72,6.07,27.23,15.74,53.69,-0.07,1.25,243.99,0.71,-0.01,0.14,1.28,1.56,-3.02,1.25,-30671400.00,56.39,-15403353616.86,-0.01,51.54,-3.60,3.53,0.00,0.05,1.14,-0.38,-0.01,-0.23,,
VTV,188.58,5.28,11.51,50.88,22.82,-3.05,20.13,98.00,4.58,30.46,2025-10-17,184.89,186.01,184.62,185.64,3981200,185.81,183.24,173.88,0.17,0.16,0.05,TRUE,TRUE,9.36,0.18,-0.87,25.91,52.90,-3.01,0.63,-0.30,5.16,15.98,7.56,50.18,0.49,1.09,121.20,0.58,-0.01,0.07,1.01,1.28,-2.85,1.29,997700.00,49.38,-21986577210.01,-0.33,50.58,-4.51,-7.72,0.00,0.02,0.59,-0.27,-0.01,-0.14,,
VUG,495.80,4.55,11.60,-73.02,22.62,2.30,20.30,98.00,6.15,10.62,2025-10-17,473.79,479.56,472.62,478.24,984000,479.59,469.85,422.97,0.73,0.69,0.23,TRUE,TRUE,46.87,0.58,0.34,20.81,52.27,2.10,2.29,-1.32,6.39,36.11,23.66,45.08,-0.35,1.49,430.23,0.90,-0.02,0.14,1.64,1.47,-3.42,0.90,38867000.00,41.20,-1392460258.36,0.11,56.31,-3.28,12.42,0.00,0.07,1.35,-0.37,-0.02,-0.31,,
VUN,128.09,6.18,12.80,55.39,41.89,25.96,60.40,98.00,14.98,43.12,2025-10-17,123.96,124.85,123.85,124.62,116000,124.38,121.34,112.78,0.23,0.19,0.05,TRUE,TRUE,8.56,0.18,7.46,30.36,55.61,-1.55,1.03,-0.25,8.11,28.65,16.92,57.99,1.80,1.24,109.72,0.72,0.71,0.38,1.13,2.85,-4.36,1.78,194400.00,143.70,-195768534.33,0.06,50.40,-1.05,4.41,100.43,0.04,1.05,0.61,0.71,0.22,,
VWO,55.57,5.58,12.42,75.71,12.11,0.26,20.33,98.00,6.09,35.38,2025-10-17,54.06,54.50,54.01,54.38,7325300,54.19,52.83,47.81,0.10,0.08,0.02,TRUE,TRUE,5.02,0.09,6.15,27.66,55.36,6.07,0.37,-0.11,7.71,26.61,19.68,70.86,0.85,1.31,58.58,0.87,-0.02,0.13,1.65,1.89,-4.46,0.74,-245565600.00,-17.54,-142108218762.67,-0.07,61.64,-1.96,2.91,0.00,0.08,1.48,-0.36,-0.02,0.32,,
VXC,75.23,5.95,13.58,71.28,27.29,24.73,58.94,98.00,14.75,45.41,2025-10-17,73.22,73.63,73.13,73.52,28400,73.07,71.38,66.09,0.13,0.10,0.03,TRUE,TRUE,5.29,0.11,17.18,29.45,59.24,1.67,0.64,-0.10,8.52,27.23,18.79,72.52,2.13,0.95,70.32,0.64,0.66,0.41,1.09,3.28,-3.36,1.01,22500.00,63.22,-157690352.68,-0.24,57.63,-0.64,2.99,96.53,0.05,1.55,0.64,0.66,0.64,,
XAW,52.20,5.83,13.48,79.56,35.43,24.73,59.13,98.00,14.68,46.79,2025-10-17,50.93,51.12,50.78,51.03,42300,50.72,49.56,45.95,0.09,0.07,0.02,TRUE,TRUE,3.61,0.07,16.36,28.95,59.13,1.56,0.44,-0.07,8.34,26.90,18.13,71.34,2.10,0.94,49.60,0.64,0.64,0.40,1.12,3.24,-3.36,1.01,-859100.00,102.39,-291218209.43,0.01,58.57,-0.82,2.67,97.00,0.05,1.55,0.63,0.64,0.63,,
XBAL,33.61,6.23,13.85,90.90,40.98,18.67,54.48,98.00,12.92,47.02,2025-10-17,33.21,33.28,33.16,33.26,52400,33.06,32.45,30.69,0.04,0.03,0.01,TRUE,TRUE,1.76,0.04,25.00,31.04,62.43,0.98,0.24,-0.03,6.95,16.50,14.21,69.23,1.77,0.59,21.84,0.36,0.44,0.60,0.65,4.30,-1.72,0.89,2139200.00,128.82,-667754313.04,-0.24,60.02,-2.21,-7.73,84.57,0.05,3.17,0.78,0.44,0.90,,
XBB,28.71,4.85,14.94,96.31,21.33,9.91,47.41,98.00,9.90,45.24,2025-10-17,28.66,28.68,28.63,28.66,139800,28.47,28.21,27.96,0.02,0.01,0.00,TRUE,TRUE,0.25,0.02,42.42,24.22,70.99,4.27,0.10,0.01,3.94,2.46,4.15,93.55,0.84,0.29,8.62,0.23,0.01,0.00,0.66,2.81,-1.94,0.82,12939700.00,19.69,-4572483493.73,-0.35,68.92,-5.22,-21.77,66.58,0.05,3.75,0.04,0.01,2.17,,
XBI,110.90,9.22,19.56,-23.28,2.52,7.10,21.15,98.00,11.96,21.96,2025-10-24,108.75,108.94,108.06,108.39,5688900,105.45,98.09,88.04,0.55,0.25,-0.05,TRUE,TRUE,10.04,0.42,31.77,45.40,67.14,-7.92,3.17,-0.18,25.24,35.12,10.35,69.44,10.66,2.17,304.37,1.31,0.00,0.00,3.31,4.67,-8.54,0.55,303062200.00,-53.99,-944001322.55,0.15,52.48,14.88,13.11,0.00,0.41,4.92,-0.02,0.00,0.97,,
XDV,37.10,8.36,15.91,89.43,0.05,21.44,57.20,98.00,15.24,48.39,2025-10-24,37.06,37.12,37.06,37.10,9900,36.64,35.91,33.05,0.04,0.04,0.02,TRUE,TRUE,2.86,0.05,19.15,41.67,71.57,4.53,0.31,0.00,7.26,19.84,22.07,95.24,2.88,0.62,25.23,0.39,0.38,0.42,1.15,4.52,-2.22,0.36,414400.00,-73.67,-1037047001.25,0.12,58.58,-3.31,-2.16,91.17,0.07,3.53,0.65,0.38,1.83,,
XEC,37.08,5.33,15.58,78.04,7.66,23.85,55.19,98.00,14.92,46.00,2025-10-24,36.91,36.97,36.81,36.82,50600,36.04,34.82,31.35,0.08,0.06,0.01,TRUE,TRUE,3.47,0.08,12.69,26.45,64.19,3.13,0.50,-0.01,13.01,28.00,25.03,93.51,4.45,1.35,52.49,0.86,0.74,0.33,2.14,3.54,-4.08,0.84,1926700.00,-33.07,-266660765.87,-0.06,56.14,2.44,6.00,86.88,0.09,2.00,0.57,0.74,1.48,,
XEF,46.63,3.46,13.79,81.57,3.71,20.95,57.04,98.00,12.74,45.80,2025-10-24,46.45,46.49,46.34,46.36,83400,45.89,45.09,41.70,0.06,0.05,0.02,TRUE,TRUE,3.39,0.06,2.49,17.14,60.41,2.14,0.37,-0.01,7.22,17.22,24.69,88.13,3.60,0.84,44.59,0.65,0.57,0.34,1.30,2.91,-3.03,0.43,250800.00,-42.52,-1301277393.81,0.00,48.34,-3.36,-4.78,91.90,0.04,1.32,0.58,0.57,1.06,,
XEG,18.28,3.24,10.95,82.10,21.85,28.38,69.02,98.00,14.19,48.62,2025-10-24,18.33,18.33,18.14,18.23,2063300,18.23,17.96,16.89,0.01,0.02,0.00,TRUE,TRUE,1.06,0.02,-7.42,16.15,53.26,15.35,-0.05,-0.04,5.44,18.03,7.25,50.33,-3.29,1.74,41.04,1.14,0.42,0.06,3.93,0.53,-6.83,1.12,82572900.00,44.83,-12771175300.76,-0.32,50.51,-5.14,-3.97,122.65,-0.01,-0.19,0.25,0.42,0.01,,
XEI,31.33,7.40,14.11,91.78,27.20,22.61,58.80,98.00,14.71,48.78,2025-10-24,31.36,31.38,31.29,31.32,130800,31.21,30.52,27.92,0.04,0.04,0.02,TRUE,TRUE,2.60,0.05,-12.73,36.85,63.30,9.56,0.18,-0.05,8.40,19.86,18.81,58.54,1.06,0.76,19.10,0.36,0.32,0.36,1.38,5.19,-2.09,0.89,4338200.00,75.34,-1772677365.44,-0.08,47.54,-2.18,-2.14,94.66,0.08,4.50,0.60,0.32,0.56,,
XEQT,39.92,4.52,14.39,86.56,4.11,24.74,59.74,98.00,14.55,47.99,2025-10-24,39.72,39.88,39.70,39.76,347200,39.30,38.38,35.21,0.06,0.06,0.02,TRUE,TRUE,3.17,0.06,6.72,22.44,61.91,3.83,0.34,-0.04,9.68,23.19,23.08,90.60,3.18,1.05,32.00,0.62,0.74,0.63,1.12,3.45,-2.55,0.67,-5273000.00,-32.11,-1218956757.51,0.02,41.31,-0.89,1.19,98.65,0.03,1.33,0.79,0.74,1.41,,
XFN,72.54,5.63,14.37,82.11,-3.14,26.13,61.21,98.00,15.38,47.91,2025-10-24,71.95,72.32,71.95,72.16,92900,71.43,69.85,62.85,0.08,0.11,0.05,TRUE,TRUE,7.00,0.13,5.26,27.75,62.89,7.30,0.47,-0.08,9.25,25.48,29.04,81.96,2.05,0.98,43.18,0.61,0.73,0.64,1.14,3.42,-2.24,0.84,2728500.00,-72.25,-3418583807.35,-0.06,44.30,-1.33,3.48,102.35,0.03,1.28,0.80,0.73,1.68,,
XGB,19.63,6.80,14.52,96.18,9.61,9.66,46.49,98.00,10.33,45.27,2025-10-24,19.68,19.69,19.64,19.65,28000,19.53,19.35,19.19,0.01,0.01,0.00,TRUE,TRUE,0.16,0.01,39.54,33.98,68.57,-3.78,0.08,0.00,4.07,2.77,4.84,85.71,1.18,0.27,8.93,0.22,0.02,0.00,0.73,2.86,-2.26,0.71,3095100.00,-31.54,-1018435199.53,-0.30,63.15,-6.51,-19.23,64.30,0.05,3.76,0.06,0.02,1.33,,
XGRO,35.02,5.04,14.26,89.98,1.71,21.52,56.82,98.00,13.61,47.60,2025-10-24,34.92,35.00,34.90,34.90,61300,34.55,33.85,31.46,0.05,0.04,0.01,TRUE,TRUE,2.39,0.05,8.25,25.07,62.66,3.41,0.26,-0.02,8.42,19.19,18.93,90.00,2.74,0.88,23.68,0.50,0.55,0.54,0.98,3.67,-2.30,0.79,-1159876.00,-46.56,-736060239.14,0.06,43.06,-2.16,-2.81,91.01,0.04,2.00,0.73,0.55,1.48,,
XIC,48.18,6.18,13.62,82.77,10.63,26.43,61.27,98.00,15.41,48.04,2025-10-24,48.29,48.53,48.29,48.43,237200,48.20,46.82,42.09,0.08,0.08,0.03,TRUE,TRUE,4.73,0.10,-2.91,30.61,57.50,7.21,0.38,-0.12,11.45,24.24,26.90,55.28,2.24,1.26,41.12,0.69,1.02,0.96,1.41,3.62,-2.43,0.67,7869000.00,-3.30,-4406637661.42,-0.04,44.38,0.88,2.24,102.61,0.01,1.12,0.98,1.02,0.57,,
XIT,86.59,3.14,17.60,7.45,11.60,31.75,63.12,98.00,17.50,36.84,2025-10-24,85.02,86.43,85.02,85.96,19900,81.45,79.91,71.90,0.05,0.16,0.07,TRUE,TRUE,8.01,0.12,28.40,15.24,65.25,11.53,1.17,0.25,17.72,33.52,43.92,92.75,10.28,2.32,226.90,1.67,1.80,0.52,4.31,1.89,-7.61,1.57,35233.00,-16.03,1086898.61,0.03,57.34,7.15,11.52,108.40,-0.08,-1.03,0.72,1.80,1.99,,
XIU,45.14,6.32,13.63,85.48,11.38,25.00,60.00,98.00,14.98,48.07,2025-10-24,45.19,45.35,45.16,45.28,3203800,45.02,43.88,39.81,0.07,0.07,0.03,TRUE,TRUE,4.06,0.08,-4.50,31.36,58.38,7.40,0.32,-0.09,10.58,22.00,25.10,63.70,2.10,1.12,34.60,0.67,1.00,1.00,1.16,3.46,-2.35,1.05,26277500.00,-8.11,-35011358114.81,0.00,50.72,0.00,0.00,100.00,0.00,0.00,1.00,1.00,0.77,,
XLB,89.10,7.76,-28.95,-1159.66,-10.32,-47.25,18.96,98.00,-22.81,-185.19,2025-10-24,19.31,19.31,19.27,19.27,23100,71.50,82.91,85.31,-0.73,-0.03,-0.01,FALSE,FALSE,-2.41,-0.54,-92.59,39.39,4.96,0.12,-17.47,-8.06,-78.73,-76.45,-79.52,0.10,-78.31,31.00,3094.67,10.11,-0.03,0.00,46.97,-2.05,-79.16,0.01,-207837200.00,-99.54,-31187223789.43,-0.21,38.55,-89.09,-98.45,0.00,-1.47,-2.27,-0.06,-0.03,-1.69,,
XLC,116.63,3.51,11.04,43.95,6.69,-0.19,20.43,98.00,4.78,29.46,2025-10-24,115.92,116.32,115.50,115.55,4758000,115.73,114.81,103.98,-0.07,0.19,0.08,TRUE,TRUE,10.84,0.16,-8.19,16.96,50.65,-5.53,0.06,-0.08,8.33,23.18,28.44,64.69,-2.22,1.26,138.09,0.79,-0.01,0.09,1.56,2.30,-5.21,0.97,326013800.00,-36.24,-15559725941.10,-0.16,54.76,-2.03,1.18,0.00,0.09,1.98,-0.30,-0.01,-0.13,,
XLE,88.31,3.43,9.81,36.89,3.67,-5.71,20.06,98.00,2.51,27.08,2025-10-24,89.37,89.40,88.01,88.07,10589400,87.79,87.86,85.82,-0.05,0.05,-0.01,TRUE,TRUE,2.04,0.06,-10.98,17.03,51.77,6.28,-0.20,0.09,0.83,8.68,0.80,64.56,-4.26,1.81,154.47,1.05,-0.01,0.01,3.00,0.30,-7.36,0.73,1263004300.00,-47.27,-137824429342.64,-0.08,51.71,-9.53,-13.32,0.00,0.02,0.27,-0.09,-0.01,0.18,,
XLF,53.34,2.73,9.98,73.08,11.60,-5.16,19.97,98.00,2.52,33.10,2025-10-24,52.85,53.28,52.81,53.11,31942100,53.08,53.25,50.86,-0.03,0.03,0.04,FALSE,TRUE,2.39,0.02,-9.35,13.52,50.93,4.54,-0.20,-0.03,0.40,11.34,14.30,62.55,-1.39,1.56,64.71,0.87,-0.01,0.04,2.05,0.31,-4.38,0.78,-810257200.00,4.09,-207719372242.55,-0.11,42.29,-9.96,-10.66,0.00,-0.01,-0.16,-0.19,-0.01,0.05,,
XLI,155.58,3.49,11.75,40.64,13.82,-2.69,19.98,98.00,4.19,28.53,2025-10-24,156.00,156.04,154.84,154.91,7502400,153.47,152.17,141.63,0.09,0.08,0.07,TRUE,TRUE,10.53,0.07,-1.09,17.18,56.34,-1.15,0.50,0.12,0.67,20.94,14.73,81.63,1.53,1.61,145.87,0.80,-0.01,0.05,1.84,0.51,-3.66,0.72,-16150300.00,7.81,-44869796213.32,-0.11,48.27,-9.69,-1.06,0.00,0.00,-0.09,-0.21,-0.01,0.99,,
XLK,298.41,4.00,16.40,-48.30,10.69,5.09,20.58,98.00,8.50,15.96,2025-10-24,292.50,294.57,292.07,293.58,7179000,285.77,275.18,242.07,0.70,0.41,0.09,TRUE,TRUE,33.11,0.56,12.61,18.67,64.81,4.10,3.78,0.00,11.31,41.24,27.48,93.94,5.29,1.95,367.43,1.12,-0.02,0.11,2.75,2.51,-4.23,0.75,354290400.00,-13.16,-11211163199.35,0.03,52.37,0.95,19.24,0.00,0.17,2.58,-0.33,-0.02,2.13,,
XLP,79.04,2.71,10.31,70.15,16.76,-8.62,19.84,98.00,1.47,32.06,2025-10-24,79.88,79.90,79.06,79.09,12735500,78.60,79.40,79.58,-0.04,-0.03,0.01,FALSE,FALSE,-0.17,-0.06,26.25,13.61,51.10,-2.69,0.10,0.17,-1.27,-0.82,-0.97,62.46,1.45,1.10,72.81,0.66,0.00,0.00,1.42,-0.40,-6.28,1.05,-14290200.00,10.29,-115235343076.21,-0.05,57.62,-11.63,-22.82,0.00,-0.03,-0.76,-0.03,0.00,0.68,,
XLRE,42.55,2.73,13.18,76.69,40.69,-5.79,20.11,98.00,3.37,34.15,2025-10-24,42.72,42.88,42.64,42.65,7820300,41.85,41.72,41.02,0.00,0.01,0.01,TRUE,TRUE,0.70,0.02,27.89,13.59,62.41,3.21,0.22,0.13,2.20,6.99,0.50,89.87,1.84,1.07,55.95,0.73,-0.01,0.03,2.50,1.06,-4.46,1.16,-136625500.00,127.59,-47827247921.85,0.02,59.27,-8.16,-15.01,0.00,0.02,0.50,-0.16,-0.01,1.43,,
XLU,90.88,8.14,15.41,34.61,21.42,-0.95,20.43,98.00,7.54,29.27,2025-10-24,90.85,91.84,90.76,91.39,10867800,90.19,86.76,80.92,0.33,0.08,0.04,TRUE,TRUE,5.84,0.12,20.35,40.42,64.11,3.27,1.35,-0.19,10.03,18.46,15.66,39.59,5.28,1.35,161.06,0.78,-0.01,0.07,2.13,2.16,-5.38,0.98,308244000.00,33.89,-105104582882.91,0.04,57.34,-0.33,-3.55,0.00,0.09,1.95,-0.27,-0.01,0.74,,
XLV,145.69,5.18,16.99,2.44,7.90,-4.24,20.76,98.00,5.98,23.19,2025-10-24,146.29,146.76,145.88,146.03,7007400,143.30,139.26,137.86,0.33,0.11,-0.05,TRUE,TRUE,1.40,0.24,25.37,25.56,70.15,2.36,1.98,0.13,8.43,6.77,-1.64,87.22,7.77,1.06,241.96,0.90,0.00,0.01,1.75,3.26,-8.33,0.62,-26774000.00,-30.42,-50131821478.99,0.14,55.05,-1.93,-15.23,0.00,0.19,3.41,-0.09,0.00,1.13,,
XLY,240.69,3.36,11.39,-24.76,4.56,-1.57,20.25,98.00,4.39,17.78,2025-10-24,239.26,239.83,237.42,237.66,3240800,236.66,235.53,217.75,-0.11,0.35,0.13,TRUE,TRUE,17.78,0.26,-7.19,15.82,52.96,-3.21,0.36,0.17,5.26,20.74,21.57,78.84,-0.86,1.71,309.22,1.06,-0.02,0.07,1.93,1.66,-5.38,0.56,93890100.00,-33.52,-9936357978.21,0.06,44.32,-5.10,-1.26,0.00,0.07,1.12,-0.27,-0.02,0.32,,
XME,96.91,8.23,17.00,-97.78,15.39,19.03,20.74,98.00,14.75,10.87,2025-10-24,98.88,101.00,98.81,99.82,1785900,100.81,90.91,69.43,0.77,0.40,0.03,TRUE,TRUE,21.49,0.55,4.19,39.97,53.30,-1.01,2.96,-1.22,31.11,76.99,52.28,28.31,8.26,4.83,486.37,2.08,-0.04,0.12,6.50,3.99,-10.69,0.54,119320200.00,3.98,-4557113822.01,-0.05,57.76,20.75,54.99,0.00,0.37,2.97,-0.35,-0.04,-0.20,,
XQQ,63.57,3.30,14.57,72.80,5.17,25.81,58.50,98.00,14.56,45.50,2025-10-24,62.73,62.91,62.61,62.78,133900,61.55,60.12,54.58,0.09,0.08,0.02,TRUE,TRUE,5.54,0.08,16.15,16.27,62.62,1.67,0.57,0.02,8.84,30.94,24.66,95.55,3.82,1.52,65.46,0.88,0.76,0.33,2.07,2.23,-3.63,0.89,1966100.00,-34.75,-161689346.27,0.09,47.30,-1.73,8.94,96.03,0.02,0.39,0.57,0.76,1.88,,
XRB,23.39,3.56,12.86,93.76,165.28,7.79,43.40,98.00,8.07,43.23,2025-10-24,23.46,23.46,23.39,23.39,1700,23.26,23.10,23.05,0.00,0.01,0.00,TRUE,TRUE,0.05,0.01,26.58,17.78,59.88,-3.68,0.09,0.01,4.56,1.63,4.17,84.06,1.17,0.47,14.64,0.35,0.06,0.01,1.00,1.56,-4.49,0.42,-241720.00,750.00,-142817165.96,0.15,60.46,-6.02,-20.38,57.52,0.04,1.87,0.11,0.06,0.90,,
XRE,16.22,2.98,12.05,92.83,1.06,11.01,43.96,98.00,8.68,43.47,2025-10-24,16.20,16.28,16.20,16.21,178100,16.07,16.07,15.12,-0.01,0.01,0.00,TRUE,TRUE,0.95,0.01,-15.25,14.89,57.25,7.06,0.00,0.02,2.75,13.73,1.28,70.77,1.19,1.00,16.10,0.65,0.40,0.17,1.61,0.76,-3.48,0.67,-21428000.00,-51.17,-5242551271.87,-0.06,44.41,-7.82,-8.27,60.16,-0.02,-0.47,0.41,0.40,0.88,,
XSB,27.23,5.23,14.46,97.96,23.68,10.78,49.51,98.00,10.16,45.99,2025-10-24,27.23,27.24,27.21,27.22,106500,27.15,27.02,26.68,0.01,0.01,0.01,TRUE,TRUE,0.35,0.01,41.67,26.13,70.21,-0.78,0.05,0.00,2.13,2.49,4.98,86.67,0.55,0.11,4.85,0.08,0.01,0.01,0.26,2.73,-0.67,0.94,6526500.00,38.49,-4754680585.71,0.10,62.71,-8.44,-19.51,71.03,0.03,5.42,0.09,0.01,1.42,,
XSH,19.36,5.74,14.65,98.39,27.87,11.58,50.35,98.00,10.66,46.45,2025-10-24,19.36,19.36,19.33,19.33,105500,19.30,19.20,18.88,0.01,0.01,0.00,TRUE,TRUE,0.32,0.01,60.00,28.69,71.19,-5.52,0.04,0.00,2.18,3.27,5.85,44.44,0.52,0.17,3.75,0.10,0.00,0.00,0.23,2.42,-0.57,0.94,10908200.00,31.71,-2847794147.29,-0.34,85.34,-8.39,-18.73,73.40,0.03,4.90,0.03,0.00,0.87,,
XUS,59.58,4.62,14.82,79.79,16.05,26.91,62.12,98.00,15.45,47.71,2025-10-24,59.00,59.27,59.00,59.04,125700,58.14,56.81,52.57,0.09,0.08,0.02,TRUE,TRUE,4.25,0.08,13.88,22.85,63.68,1.53,0.52,-0.02,9.72,25.75,19.75,90.09,3.33,1.17,48.58,0.70,0.62,0.36,1.55,2.82,-4.37,0.82,4929600.00,24.58,-699370007.49,0.05,43.52,-0.86,3.75,104.70,0.04,1.11,0.60,0.62,1.84,,
XUU,70.38,4.28,14.80,75.78,25.62,26.27,61.08,98.00,15.12,46.70,2025-10-24,69.82,70.11,69.82,69.89,39800,68.76,67.23,62.30,0.10,0.10,0.03,TRUE,TRUE,4.93,0.10,13.14,21.13,63.39,1.56,0.60,-0.01,9.74,25.66,19.51,92.20,3.42,1.18,58.55,0.72,0.66,0.37,1.66,2.73,-4.38,1.30,463700.00,60.48,-135391576.24,0.01,52.50,-0.83,3.66,102.21,0.03,0.92,0.61,0.66,1.93,,
ZAG,14.05,5.31,13.59,97.42,15.10,9.93,47.00,98.00,9.61,45.21,2025-10-24,14.07,14.07,14.03,14.03,410800,13.97,13.85,13.71,0.00,0.01,0.00,TRUE,TRUE,0.14,0.01,33.33,26.52,64.30,-6.15,0.05,0.00,3.76,2.85,5.25,75.00,1.01,0.27,5.83,0.22,0.03,0.01,0.69,2.74,-2.02,1.03,2138800.00,-1.60,-5812207179.44,-0.22,60.67,-6.82,-19.15,65.64,0.05,3.60,0.08,0.03,0.97,,
ZBAL,14.98,7.09,13.62,96.04,4.75,18.56,53.90,98.00,13.09,47.87,2025-10-24,14.96,14.96,14.93,14.93,19400,14.82,14.54,13.71,0.02,0.02,0.01,TRUE,TRUE,0.83,0.02,11.00,35.41,61.25,3.15,0.09,-0.01,7.57,15.19,15.36,91.43,1.40,0.70,8.76,0.51,0.50,0.43,0.88,3.07,-2.27,0.59,674700.00,-55.91,-308898709.51,0.22,62.78,-3.00,-6.81,84.02,0.03,1.39,0.66,0.50,1.23,,
ZCM,16.00,6.67,12.87,97.66,16.28,11.92,49.25,98.00,10.49,46.06,2025-10-24,16.00,16.02,15.98,15.98,17700,15.95,15.80,15.45,0.01,0.01,0.00,TRUE,TRUE,0.35,0.01,18.75,33.35,60.77,-4.84,0.06,-0.01,3.92,4.95,7.69,62.50,0.79,0.22,5.37,0.21,0.04,0.02,0.53,2.74,-1.53,1.45,3269100.00,-15.71,-663993602.57,0.27,75.69,-6.66,-17.05,71.34,0.05,3.46,0.13,0.04,0.64,,
ZCN,40.46,6.92,13.61,85.43,11.20,26.44,61.32,98.00,15.66,48.62,2025-10-24,40.53,40.70,40.52,40.61,147500,40.43,39.26,35.30,0.07,0.07,0.02,TRUE,TRUE,3.97,0.08,-2.88,34.40,57.43,7.25,0.32,-0.11,11.50,24.22,26.82,56.62,2.29,1.25,34.48,0.69,1.01,0.96,1.41,3.67,-2.46,0.95,1236200.00,0.48,-1270349123.58,-0.10,43.36,0.93,2.22,102.61,0.01,1.38,0.98,1.01,0.54,,
ZCS,14.17,5.49,13.75,98.92,4.09,11.49,50.29,98.00,10.24,46.32,2025-10-24,14.17,14.17,14.15,14.15,42700,14.13,14.06,13.82,0.00,0.00,0.00,TRUE,TRUE,0.23,0.00,33.33,27.42,66.79,-9.58,0.03,0.00,2.12,3.30,5.77,71.43,0.46,0.15,2.43,0.08,0.02,0.03,0.27,2.74,-0.50,0.73,1347200.00,-65.20,-2180089768.33,-0.08,67.71,-8.45,-18.70,73.09,0.03,5.19,0.17,0.02,0.94,,
ZDB,15.36,5.76,14.04,97.21,18.98,9.93,46.98,98.00,9.91,45.32,2025-10-24,15.38,15.38,15.36,15.36,25500,15.28,15.15,15.01,0.01,0.01,0.00,TRUE,TRUE,0.14,0.01,41.54,28.76,66.48,-4.39,0.06,0.00,3.74,2.91,5.18,87.50,1.15,0.24,6.39,0.22,-0.01,0.00,0.68,2.45,-2.04,0.61,612900.00,0.79,-575957866.34,0.06,74.49,-6.84,-19.09,65.58,0.05,3.65,-0.02,-0.01,1.30,,
ZDV,26.05,7.48,13.66,94.46,30.42,22.74,59.33,98.00,14.63,49.28,2025-10-24,26.05,26.10,26.05,26.09,31700,25.99,25.39,23.28,0.04,0.04,0.01,TRUE,TRUE,2.11,0.04,-3.95,37.27,60.69,8.22,0.17,-0.05,8.59,18.69,20.17,58.62,1.40,0.82,12.58,0.39,0.50,0.71,0.88,4.85,-1.53,0.90,973800.00,84.30,-1218951526.63,-0.14,53.31,-1.99,-3.31,96.19,0.06,4.18,0.84,0.50,0.78,,
ZEA,28.23,3.28,13.83,88.69,28.28,20.94,57.37,98.00,12.68,47.02,2025-10-24,28.17,28.17,28.05,28.05,51700,27.78,27.29,25.35,0.04,0.03,0.01,TRUE,TRUE,1.94,0.03,2.09,16.31,60.62,1.66,0.23,-0.01,7.36,16.27,23.86,86.02,3.62,0.81,26.82,0.64,0.54,0.32,1.29,2.91,-3.10,0.98,1859400.00,56.19,-678101212.37,0.22,66.77,-3.21,-5.73,92.68,0.05,1.38,0.56,0.54,0.99,,
ZEB,53.37,8.03,15.82,85.85,-3.03,29.06,61.14,98.00,17.64,49.65,2025-10-24,52.96,53.28,52.96,53.19,1070400,52.55,51.02,44.40,0.07,0.11,0.04,TRUE,TRUE,6.62,0.13,9.26,39.81,66.66,4.96,0.51,-0.07,13.69,34.71,34.49,93.71,2.18,0.94,33.79,0.57,0.52,0.36,1.28,5.72,-1.76,0.76,64929100.00,-74.00,-16600865380.27,-0.01,46.18,3.11,12.71,100.30,0.14,4.82,0.60,0.52,1.90,,
ZEM,27.99,5.86,16.06,83.74,24.52,24.18,54.82,98.00,15.37,47.11,2025-10-24,27.86,27.89,27.76,27.80,30500,27.21,26.19,23.48,0.07,0.05,0.01,TRUE,TRUE,2.70,0.06,15.14,29.12,65.66,4.38,0.41,-0.01,14.22,29.42,25.94,94.55,4.63,1.37,38.26,0.78,0.66,0.32,2.02,4.11,-3.89,0.77,-480000.00,50.99,-204163038.34,0.10,56.26,3.64,7.42,85.56,0.11,2.75,0.56,0.66,1.54,,
ZEO,78.29,4.40,9.36,35.73,14.04,27.66,69.64,98.00,13.81,40.80,2025-10-24,78.65,78.65,77.94,78.11,7800,79.26,78.26,73.45,0.04,0.10,0.02,FALSE,TRUE,4.81,0.10,-40.87,21.71,46.15,10.89,-0.31,-0.29,5.92,13.49,9.16,32.36,-4.04,1.12,157.80,0.72,0.26,0.06,3.49,1.16,-5.56,0.78,-284300.00,18.18,-391815749.77,-0.50,41.17,-4.65,-8.51,123.79,0.03,0.58,0.25,0.26,-0.73,,
ZEQT,20.44,10.32,-1.46,93.05,36.67,-30.77,32.25,98.00,-7.30,33.57,2025-10-24,20.30,20.40,20.30,20.34,72600,20.11,21.13,44.66,0.03,-0.69,0.00,FALSE,FALSE,-23.53,-0.56,8.49,53.23,38.25,4.66,-0.74,0.38,-63.32,-58.87,-59.50,91.30,3.17,1.07,15.70,8.65,1.23,0.01,1.21,-1.79,-66.69,1.35,493500.00,116.72,-22595072.70,-0.07,51.74,-73.89,-80.87,32.85,-1.16,-2.13,0.09,1.23,1.44,,
ZFL,12.61,5.57,14.30,94.58,7.95,6.68,41.43,98.00,8.85,43.43,2025-10-24,12.64,12.65,12.61,12.61,50100,12.47,12.30,12.49,0.00,0.00,0.00,TRUE,TRUE,-0.19,0.01,40.35,27.82,65.28,-4.17,0.08,0.01,6.13,0.79,0.36,82.93,2.02,0.53,12.24,0.53,-0.03,0.00,1.56,1.83,-7.22,0.87,-2280900.00,-36.66,-813606312.59,-0.28,60.35,-4.45,-21.21,52.27,0.08,2.47,-0.04,-0.03,1.16,,
ZGRO,17.54,7.03,14.13,94.25,0.85,21.75,56.82,98.00,14.31,48.66,2025-10-24,17.41,17.51,17.41,17.47,16300,17.29,16.92,15.74,0.02,0.02,0.01,TRUE,TRUE,1.18,0.02,8.88,35.10,61.89,3.68,0.13,-0.01,8.76,19.41,18.81,92.00,2.73,0.93,12.84,0.57,0.64,0.54,1.19,3.22,-2.86,0.47,892800.00,-66.73,-288445591.88,0.12,56.11,-1.81,-2.59,91.39,0.03,1.23,0.74,0.64,1.39,,
ZLB,,3.59,14.34,83.72,41.83,21.01,59.43,98.00,12.98,46.68,2025-10-17,55.91,56.10,55.75,55.93,75400,55.33,54.80,51.07,0.03,0.04,0.03,TRUE,TRUE,3.74,0.04,44.54,17.79,65.40,-0.09,0.32,0.05,5.00,14.19,17.64,71.64,2.79,0.63,39.54,0.41,0.37,0.31,1.06,2.09,-1.94,1.77,79000.00,153.02,-815650180.36,-0.68,43.46,-4.17,-10.04,98.24,0.01,0.65,0.56,0.37,1.51,,
ZLC,15.58,5.85,15.30,94.92,37.28,10.66,46.48,98.00,10.60,45.20,2025-10-24,15.57,15.60,15.57,15.58,24800,15.40,15.18,15.05,0.01,0.00,0.00,TRUE,TRUE,0.14,0.01,42.37,29.23,70.81,-0.31,0.10,0.01,5.18,5.31,7.72,94.87,2.23,0.42,11.66,0.37,-0.02,0.00,1.25,2.18,-3.32,1.21,-2386100.00,90.77,-519230652.06,-0.09,75.13,-5.39,-16.69,64.65,0.07,2.98,-0.03,-0.02,1.52,,
ZLU,,6.81,14.06,68.92,7.33,18.20,56.31,98.00,13.03,43.72,2025-10-17,59.14,59.14,58.86,59.02,7100,58.53,57.58,55.76,0.09,0.06,0.02,TRUE,TRUE,1.82,0.06,31.53,33.89,61.41,-7.17,0.53,-0.02,7.19,9.32,7.74,63.22,3.81,0.64,76.64,0.53,0.27,0.10,0.85,2.80,-3.40,0.65,-608700.00,-46.21,-130523399.12,-0.04,65.56,-1.97,-14.91,89.63,0.07,2.16,0.32,0.27,0.64,,
ZQQ,176.86,3.25,14.87,25.67,8.03,25.77,58.45,98.00,14.63,37.67,2025-10-24,174.19,174.76,173.92,174.36,18500,170.95,166.98,151.61,0.25,0.21,0.06,TRUE,TRUE,15.38,0.23,16.32,15.62,62.79,1.24,1.57,0.06,8.83,30.91,24.55,95.10,3.87,1.50,183.28,0.89,0.74,0.31,2.08,2.23,-3.66,0.64,1735800.00,-21.61,-38663945.37,0.06,48.59,-1.74,8.91,95.88,0.02,0.46,0.56,0.74,1.86,,
ZRE,22.65,3.89,12.35,89.60,3.88,11.60,45.23,98.00,9.28,43.44,2025-10-24,22.68,22.75,22.65,22.65,12100,22.41,22.41,21.17,-0.02,0.01,0.01,TRUE,TRUE,1.24,0.01,-10.98,19.40,58.36,8.03,0.01,0.04,2.81,12.98,4.14,76.09,1.61,0.92,24.21,0.58,0.36,0.17,1.75,0.97,-3.67,0.52,-1091600.00,-37.95,-407214257.32,-0.04,45.30,-7.77,-9.02,63.20,-0.01,-0.21,0.41,0.36,1.00,,
ZSP,104.96,4.69,14.99,65.59,12.45,26.91,62.08,98.00,15.53,45.38,2025-10-24,104.00,104.47,104.00,104.08,135200,102.49,100.12,92.64,0.16,0.15,0.04,TRUE,TRUE,7.48,0.15,14.08,23.02,64.01,1.64,0.92,-0.03,9.81,25.76,19.80,90.46,3.32,1.18,84.08,0.69,0.63,0.37,1.56,2.85,-4.39,0.76,10995700.00,0.45,-1252311135.23,-0.01,48.53,-0.77,3.76,104.61,0.04,1.11,0.61,0.63,1.89,,
ZUE,93.12,3.81,13.96,69.81,19.30,22.00,56.18,98.00,13.26,43.96,2025-10-24,92.19,92.57,92.19,92.42,21800,91.12,89.70,82.94,0.08,0.10,0.03,TRUE,TRUE,6.76,0.10,10.18,18.77,61.97,3.34,0.53,0.02,6.69,23.40,16.48,95.61,2.87,1.12,73.54,0.69,0.68,0.43,1.63,2.10,-2.97,1.00,-268500.00,32.12,-64885102.76,-0.03,50.32,-3.89,1.40,90.49,0.00,-0.07,0.66,0.68,1.76,,
^DJI,47456.65,28.82,85.10,-14907.63,12.66,-2.33,20.40,98.00,37.20,-2446.27,2025-10-24,46811.51,47326.73,46811.51,47207.12,403500000,46453.42,45960.16,43575.65,24.38,40.28,11.28,TRUE,TRUE,2384.50,44.43,12.06,22.34,63.27,1.49,239.44,45.91,5.28,17.68,9.98,93.62,2.08,1.25,37516.89,0.65,-0.01,0.11,1.88,2.39,-3.16,0.85,16911930000.00,-7.09,31240536535.38,0.10,55.20,-5.08,-4.32,0.00,0.07,1.87,-0.33,-0.01,2.01,,
^FTSE,9669.08,9.16,34.60,-3094.48,17.45,17.87,53.66,98.00,20.54,-480.20,2025-10-24,9578.60,9645.60,9560.50,9645.60,779192300,9457.25,9319.73,8849.61,11.27,7.42,2.84,TRUE,TRUE,470.12,6.80,26.50,23.60,70.47,14.65,66.22,9.74,6.21,14.59,16.93,100.00,3.89,0.81,7984.42,0.48,0.00,0.01,1.93,2.53,-2.20,1.09,66799996200.00,13.31,19416035624.90,0.22,57.64,-4.15,-6.89,82.42,0.10,3.29,-0.09,0.00,2.36,,
^GSPC,6853.92,8.49,23.94,-2043.58,14.07,-0.77,20.45,98.00,10.56,-315.58,2025-10-24,6772.07,6807.11,6772.07,6791.69,5058220000,6697.57,6595.16,6086.79,5.27,7.49,2.22,TRUE,TRUE,508.37,7.33,7.54,20.57,62.39,3.43,38.35,2.39,6.29,22.92,16.07,93.98,2.23,1.28,5356.83,0.70,-0.01,0.13,1.68,2.30,-2.98,0.92,188824140000.00,-0.88,446850098686.87,0.16,55.71,-4.07,0.92,0.00,0.09,2.09,-0.35,-0.01,1.76,,
^GSPTSE,30156.71,37.66,49.25,-9985.81,7.19,23.18,56.69,98.00,36.69,-1620.17,2025-10-24,30248.70,30411.30,30248.70,30353.10,212699600,30219.41,29400.29,26624.53,48.95,50.00,15.76,TRUE,TRUE,2775.76,57.41,-3.24,32.22,57.08,7.33,219.38,-75.84,10.89,22.75,23.52,54.75,2.09,1.23,25212.59,0.69,1.02,0.96,1.40,3.42,-2.44,0.79,21044488800.00,-27.47,22290552062.28,0.07,49.71,0.31,0.75,91.66,0.00,0.11,0.98,1.02,0.53,,
^NDX,25735.78,22.95,73.77,-10207.89,20.21,1.71,20.49,98.00,32.81,-1665.16,2025-10-24,25307.75,25418.64,25288.71,25358.16,10308620000,24859.93,24272.43,21943.31,34.21,31.29,10.33,TRUE,TRUE,2329.12,35.10,10.76,17.23,62.50,1.90,226.94,10.91,8.57,30.49,24.36,95.01,3.49,1.61,25767.04,0.93,-0.02,0.13,2.16,2.32,-3.64,0.99,558060200000.00,21.44,667990359185.49,0.20,62.31,-1.79,8.49,0.00,0.12,2.20,-0.36,-0.02,1.93,,
^RUT,2527.67,5.53,18.85,-1084.87,12.45,1.88,20.37,98.00,8.75,-156.71,2025-10-24,2502.11,2526.84,2502.11,2513.47,5058220000,2468.60,2414.62,2201.68,2.90,4.28,-0.04,TRUE,TRUE,212.93,4.81,5.49,16.47,58.17,2.30,21.51,-1.44,11.38,28.39,12.63,80.92,3.25,2.07,2959.03,1.26,-0.02,0.10,2.18,2.59,-5.10,0.92,41202030000.00,-0.88,167440797507.62,0.11,49.31,1.02,6.39,0.00,0.12,1.60,-0.32,-0.02,1.52,,
^STOXX50E,5707.14,6.00,26.79,-2053.51,10.74,-3.95,20.79,98.00,9.61,-317.65,2025-10-24,5685.52,5694.78,5650.42,5674.50,15672600,5614.95,5490.97,5345.90,10.88,2.95,2.12,TRUE,TRUE,145.06,5.96,8.64,16.42,60.83,-2.97,52.41,0.38,6.31,10.10,14.84,88.35,3.18,1.11,5381.98,0.72,0.00,0.01,1.36,2.07,-4.72,0.89,940318100.00,-16.01,1398060741.33,0.16,54.54,-4.05,-11.90,0.00,0.16,3.62,0.11,0.00,1.11,,
^VIX,15.97,6.98,20.93,-15.45,0.00,-6.20,20.63,98.00,7.24,20.81,2025-10-17,28.41,28.99,20.73,20.78,,17.87,16.04,18.72,0.15,-0.01,0.02,TRUE,TRUE,-2.68,0.06,21.42,34.83,56.53,-5.27,1.64,0.58,25.94,-21.50,2.11,37.14,34.50,13.18,261.15,15.29,0.43,0.38,28.60,-1.05,-100.00,,0.00,,0.00,,,16.49,-42.23,0.00,0.96,1.24,0.62,0.43,1.11,,