Date,Open,High,Low,Close,Volume
2022-01-03,294.480011,297.9400024,291.9400024,288.740387,718200
2022-01-04,297.6199951,298.1600037,290.6799927,285.888855,839900
2022-01-05,293.1400146,294.2399902,280.7099915,273.4312744,832400
2022-01-06,281.2600098,284.6000061,277.1600037,273.7914124,872400
2022-01-07,280.9299927,284.3200073,276.0100098,268.7305603,1008800
2022-01-10,273.6799927,275.25,267.9100037,267.7184448,2226600
2022-01-11,275.3500061,279.4599915,272.1499939,271.5335083,1209200
2022-01-12,281.0299988,282.3399963,274.4599915,268.7013245,873100
2022-01-13,277.5700073,278.730011,270.6300049,263.9324646,958200
2022-01-14,268.6499939,271.25,265.1300049,263.367981,888800
2022-01-18,267.3599854,267.3599854,260.1799927,253.7037964,1030000
2022-01-19,262.0899963,263.480011,256.4200134,249.7913666,1076500
2022-01-20,258.2799988,263.8900146,251.6499939,245.3825684,1184200
2022-01-21,250.1000061,255,246.3800049,239.7864685,1190200
2022-01-24,241.9700012,254.6900024,237.8399963,247.3874512,1511700
2022-01-25,249.6399994,252.3099976,243.8200073,241.1197815,1602900
2022-01-26,252.6000061,255.1100006,241.25,237.2462769,1113500
2022-01-27,246.4100037,248.3500061,236.8099976,231.1343842,761400
2022-01-28,238.1399994,243.6900024,233.3600006,236.9348297,1477800
2022-01-31,242.7899933,254.1399994,242.7899933,246.9397736,1432500
2022-02-01,255.0700073,257.3699951,249.6900024,250.200058,1145500
2022-02-02,258.0299988,258.1499939,251.1600037,246.9397736,830200
2022-02-03,249.4199982,252.5899963,246.7299957,240.7402496,1111300
2022-02-04,246.8000031,251.6199951,244.4400024,243.027359,755700
2022-02-07,249.6300049,253.8000031,248.9299927,244.3509369,685800
2022-02-08,250.75,256.519989,250.1499939,249.1976776,735500
2022-02-09,259.1000061,262.7900085,258.7900085,255.6113892,996300
2022-02-10,257.3800049,266.0700073,256.2099915,251.183075,1251600
2022-02-11,258.4400024,261.3500061,251.3699951,246.5796814,924600
2022-02-14,253.7599945,257.3399963,251.0700073,246.0248871,613000
2022-02-15,256.5599976,261.2999878,256.230011,253.9860077,750300
2022-02-16,259.1799927,261.5,256.519989,253.4799347,446200
2022-02-17,257.980011,258.4299927,251.6300049,245.5188446,745300
2022-02-18,251.3099976,253.9700012,247.8500061,242.1221771,977300
2022-02-22,247.0599976,250.7799988,243.7299957,238.5991058,1098700
2022-02-23,247.25,248.2200012,239.0200043,232.8959351,890700
2022-02-24,232.1499939,249.4700012,231.3500061,242.384964,1105500
2022-02-25,249.9100037,254.2400055,246.1300049,247.1636047,896800
2022-02-28,251.7899933,257.230011,251.5800018,248.3022614,798400
2022-03-01,254.1900024,255.7100067,248.3800049,243.650238,900300
2022-03-02,252.3300018,256.8800049,251.0200043,248.798645,536700
2022-03-03,257.1400146,257.1400146,248.6799927,243.6015472,825700
2022-03-04,247.75,250.1499939,243.3600006,238.3947296,918800
2022-03-07,245.6799927,246.7100067,237.7200012,231.5431213,1529100
2022-03-08,237.9600067,245.8500061,236.3800049,233.0224457,674300
2022-03-09,244.25,249.1399994,243.4799957,241.509079,748400
2022-03-10,243.8800049,246.9299927,242.1000061,240.0200348,979600
2022-03-11,248.1799927,248.9299927,240.5700073,234.2195282,618900
2022-03-14,241.25,241.4299927,232.8000031,227.8351135,1271100
2022-03-15,235.1199951,239.2899933,234.2400055,232.8180847,940100
2022-03-16,242.1999969,249.2799988,240.7599945,242.6088409,774400
2022-03-17,247.5700073,254.9900055,246.8899994,247.9811096,879500
2022-03-18,254.1499939,259.730011,253.8399963,252.1174011,1041100
2022-03-21,258.6700134,259.3399963,253.3300018,248.2243958,846200
2022-03-22,256.2200012,259.9500122,255.8500061,251.9421844,795000
2022-03-23,256.75,258.7399902,253.3500061,246.8813629,653200
2022-03-24,254.3899994,257.0700073,251.7200012,250.1679535,485200
2022-03-25,257.2200012,257.3599854,252.5399933,248.2879639,1023900
2022-03-28,254.5399933,256.0599976,251.0399933,249.3692169,949800
2022-03-29,258.980011,265.2399902,258.2600098,257.4249573,1180200
2022-03-30,263.5599976,264.6099854,257.4299927,252.0966797,803400
2022-03-31,258.2999878,260.3800049,255.75,249.1256714,698100
2022-04-01,257.3299866,259.4100037,255.7599945,252.1161804,534700
2022-04-04,259.75,261.480011,258.4400024,254.366394,770200
2022-04-05,260.8900146,262.2999878,253.4700012,247.6450195,506200
2022-04-06,251.3600006,251.5,246.9100037,242.9888763,551800
2022-04-07,249.1300049,251.4400024,244.7899933,242.2485352,488000
2022-04-08,248.3500061,249.2700043,245.4199982,239.2970581,392400
2022-04-11,244.2100067,247.2400055,242.6699982,237.5046997,864300
2022-04-12,247.1399994,251.1199951,243.2799988,238.1573486,652800
2022-04-13,244.7700043,250.1600037,244.7700043,242.7842865,334400
2022-04-14,249.75,250.5700073,245.2200012,238.9658051,542100
2022-04-18,244.3500061,245.25,240.7599945,235.8974304,621300
2022-04-19,242.3099976,249.1699982,242.3099976,241.6056519,830500
2022-04-20,249.7299957,250.7799988,247.3899994,241.4692841,453600
2022-04-21,250.7100067,251.7899933,240.1799927,234.9233093,671500
2022-04-22,239.8399963,241.2599945,234.0899963,228.6306915,837500
2022-04-25,232.2200012,238.0500031,231.7599945,231.8062134,908800
2022-04-26,235.6000061,235.9700012,228.3899994,222.7081451,1030400
2022-04-27,229.25,231.6600037,226.5500031,221.5684204,855600
2022-04-28,230.1000061,232.7400055,224.0299988,225.2115784,783000
2022-04-29,229.6300049,233.9299927,223.9499969,218.7727814,790200
2022-05-02,224.3399963,228.8099976,222.1600037,222.6789246,1204100
2022-05-03,228.6600037,230.3399963,226.3200073,223.2536163,984100
2022-05-04,229.6100006,235.9700012,224.1900024,229.3125153,823700
2022-05-05,232.6399994,232.6399994,220.8000031,217.9740295,898900
2022-05-06,222.9400024,223.2799988,216.1799927,213.025589,888400
2022-05-09,214.7899933,216.0599976,206.3699951,202.2033539,1382100
2022-05-10,212.0299988,213.7299957,203.6900024,203.2553711,1329300
2022-05-11,208.1600037,212.0399933,200.8999939,196.0665283,1543200
2022-05-12,199.6900024,207.8099976,199.1300049,199.9434814,1420600
2022-05-13,208.9199982,215.8200073,208.6699982,208.4667969,901300
2022-05-16,213.0099945,215.1600037,210.8699951,205.9146576,656000
2022-05-17,215.2799988,218.4499969,213.1300049,212.743103,570700
2022-05-18,215.0099945,216.2899933,207.9600067,204.0638885,795500
2022-05-19,207.75,214.0299988,207.75,205.6808777,779700
2022-05-20,213.9499969,214.4600067,204.8899994,205.5250244,756000
2022-05-23,213.3000031,213.3200073,208.8200073,206.8303223,490500
2022-05-24,210.1399994,210.1399994,204.2700043,201.9306183,711200
2022-05-25,206.3800049,212.7899933,205.9499969,206.0218201,899100
2022-05-26,212.8300018,218.1399994,212.3300018,211.2917175,1426800
2022-05-27,218.4600067,223.7200012,218.3200073,217.8766022,639400
2022-05-31,222.6999969,223.1900024,218.8099976,214.759491,1016100
2022-06-01,221.5500031,222.7100067,215.6699982,212.8210144,603000
2022-06-02,218.6699982,225.4499969,218.1999969,219.5228119,679700
2022-06-03,223.1699982,224.2899933,221.2100067,217.2337036,739100
2022-06-06,225.5,225.9600067,221.8000031,217.5064392,600500
2022-06-07,220.6900024,227.1799927,220.5299988,221.1496124,525900
2022-06-08,225.6699982,227.6799927,223.1799927,218.4123383,861400
2022-06-09,222.5200043,223.5299988,218.8099976,213.5140533,999900
2022-06-10,214.5599976,216.3399963,210.9700012,206.8536377,1031300
2022-06-13,205.2299957,207.1999969,200.0399933,196.4583282,1441500
2022-06-14,202.1900024,202.6399994,198.7599945,195.7854309,1055100
2022-06-15,202.9799957,207.0700073,200.0700073,199.188797,690400
2022-06-16,199.1900024,199.5200043,192.8800049,189.37854,608300
2022-06-17,195.6499939,199.5599976,195.3800049,192.6063843,1062500
2022-06-21,200.5200043,203.4100037,199.6199951,195.8829346,1179100
2022-06-22,198.1300049,203.4600067,198,196.5948181,1184400
2022-06-23,202.4900055,207.5500031,201.5099945,202.0070343,876800
2022-06-24,208.8500061,214.6799927,208.4400024,208.6772461,1155900
2022-06-27,215.1799927,216.1100006,212.3200073,209.4280853,743700
2022-06-28,215.9799957,217.3399963,209.9900055,204.981308,627300
2022-06-29,210.1300049,210.1300049,205.9199982,203.1186981,671000
2022-06-30,204.9400024,208.6999969,202.9799957,201.187912,773900
2022-07-01,205.9400024,208.8099976,203.8300018,202.9822083,509500
2022-07-05,204.7200012,210.8699951,202.8099976,205.4396515,703700
2022-07-06,210.7200012,212.3000031,207.4199982,204.3572083,491700
2022-07-07,211.2899933,216.2100067,210.7299957,210.4910431,897500
2022-07-08,214.9499969,217.9100037,213.2700043,210.9591217,725500
2022-07-11,214.1499939,215.2599945,210.5399933,205.8101959,470500
2022-07-12,210.5200043,212.4799957,208.1399994,204.3572083,505200
2022-07-13,205.8999939,211.1600037,205.8999939,204.4742432,602000
2022-07-14,206.3200073,208.3200073,203.9700012,202.6701355,475600
2022-07-15,210.9600067,212.0599976,207.25,206.6390991,655500
2022-07-18,214.1699982,215.8899994,210,205.4494019,617600
2022-07-19,213.6999969,218.6100006,213.5700073,213.0557404,604200
2022-07-20,218.6699982,222.9900055,218.3699951,216.9174652,698000
2022-07-21,221.4199982,224.4900055,220.0099945,218.8580017,547000
2022-07-22,224.8600006,225.0599976,218.4700012,214.6062775,552600
2022-07-25,220.6000061,221.2700043,218.1000061,215.4546814,314200
2022-07-26,220.1799927,220.3600006,217.8000031,213.6408386,496100
2022-07-27,220.6600037,225.4100037,219.9600067,218.8677673,604400
2022-07-28,225.2700043,228.1600037,222.3300018,222.232132,1423600
2022-07-29,228.2700043,230.1699982,226.6000061,223.9094086,749100
2022-08-01,227.7400055,231.0800018,225.75,223.636322,733800
2022-08-02,228.3699951,232.3999939,227.6300049,224.5237732,741000
2022-08-03,232.1900024,234.7799988,231.1399994,228.278183,514200
2022-08-04,234.3899994,234.7700043,232.4900055,228.2684326,447000
2022-08-05,231.4600067,236.5800018,231.1600037,230.5406036,486800
2022-08-08,238.0299988,241.5099945,237.6799927,233.1150513,1132200
2022-08-09,237.8200073,237.8200073,233.3500061,228.7170105,380600
2022-08-10,239.5,242.4700012,238.6300049,236.2063446,779500
2022-08-11,244.3300018,247.2599945,242.1699982,236.4501495,555300
2022-08-12,243.8399963,247.7700043,243.0200043,241.6185608,502800
2022-08-15,245.6399994,248.9799957,244.9499969,242.2621613,743500
2022-08-16,247.3500061,248.8899994,245.3500061,241.5600586,612900
2022-08-17,245,245.8500061,241.8899994,237.5617981,279100
2022-08-18,243.7700043,246.25,242.8300018,239.7364502,323300
2022-08-19,242.8500061,243.25,239.3999939,234.3339996,550500
2022-08-22,236.4400024,237.75,234.7400055,229.8287048,731100
2022-08-23,235.8699951,238.8600006,235.5099945,230.5893555,444200
2022-08-24,236.6699982,240.0700073,235.4900055,233.0662842,315700
2022-08-25,240.1300049,242.6399994,239.8399963,236.4891357,384000
2022-08-26,242.7899933,242.7899933,233.6399994,228.2489166,669300
2022-08-29,231.1999969,234.3500061,230.6499939,226.2693176,693400
2022-08-30,232.9900055,233.0200043,227.0700073,222.9439697,639000
2022-08-31,229.5099945,230.3399963,227.1000061,221.9785614,959000
2022-09-01,225.0200043,225.0500031,220.6300049,218.877533,678000
2022-09-02,227.2200012,227.6799927,221.4799957,217.0734406,474500
2022-09-06,223.7400055,223.7400055,219.6799927,215.5326996,555000
2022-09-07,220.3300018,226.5599976,220.3300018,220.5645599,498900
2022-09-08,224.3000031,228.7299957,223.1999969,223.0122681,437800
2022-09-09,230.7299957,233.5399933,230.6699982,227.5565491,623300
2022-09-12,234.4499969,236.0099945,233.6199951,230.1115112,487400
2022-09-13,229.3000031,230.8800049,225.6699982,220.7693481,572400
2022-09-14,226.9199982,228.5899963,224.9100037,222.3198853,377200
2022-09-15,226.4299927,229.8699951,224.5599976,220.0964813,406400
2022-09-16,222.8999939,222.9499969,219.2400055,215.7082214,804300
2022-09-19,218.8300018,223.0899963,218.8300018,217.258728,669000
2022-09-20,220.7700043,220.9299927,218,214.0894318,804200
2022-09-21,221.2200012,223.8999939,216.4900055,211.2809143,352500
2022-09-22,215.7400055,216.6199951,210.0599976,205.7809601,876200
2022-09-23,208,208.0899963,202.9600067,200.7197876,853200
2022-09-26,204.3399963,208.9900055,202.2100067,198.5003204,589200
2022-09-27,205.6000061,207.9900055,202.8300018,200.3393097,501300
2022-09-28,206.3699951,213.3099976,205.7700043,207.450592,654400
2022-09-29,209.2100067,209.4799957,204.8300018,203.5085907,464700
2022-09-30,207.3999939,212.5700073,206.3899994,202.0804291,503200
2022-10-03,209.3600006,213.5200043,207.0399933,207.7049255,413900
2022-10-04,216.4100037,220.5700073,216.4100037,215.5987701,1214900
2022-10-05,217.2700043,220.2599945,214.8699951,214.473877,452400
2022-10-06,218.5299988,221.6699982,217.5299988,213.5935211,724800
2022-10-07,215.9700012,216.2700043,210.2200012,206.5409088,375700
2022-10-10,212.0399933,212.0399933,207.8000031,204.9073639,392300
2022-10-11,208.5599976,212.0899963,204.9799957,204.3595581,588700
2022-10-12,209.3999939,209.3999939,205.6600037,203.4107361,536100
2022-10-13,203.9700012,213.5500031,201.7200012,207.7733765,730600
2022-10-14,213.8000031,215.3699951,205.6799927,201.346817,947900
2022-10-17,210.2899933,213.5899963,210.0299988,208.1940002,492700
2022-10-18,217.3800049,219.8699951,213.6999969,210.7079163,494300
2022-10-19,213.4199982,214.4299927,209.3899994,206.5702362,355400
2022-10-20,211.5200043,214.7100067,208.4400024,204.7410736,282000
2022-10-21,209.6199951,214.1499939,207.8200073,209.0450439,437800
2022-10-24,214.3399963,214.8399963,210.8500061,209.3091278,493400
2022-10-25,214.4400024,221.4199982,214.4400024,215.6965942,581200
2022-10-26,221.2799988,226.4799957,220.7200012,216.8117371,539400
2022-10-27,223.9700012,225.6499939,220.75,216.136795,838400
2022-10-28,221.9299927,226.25,220.5299988,220.890686,1303300
2022-10-31,224.9400024,227.6000061,224.0500031,221.3210602,962100
2022-11-01,229.3000031,229.5,225.7299957,221.7514496,358800
2022-11-02,225.5399933,227.9400024,218.2299957,213.583725,361500
2022-11-03,215.3000031,219.4499969,214.3899994,212.5370789,352500
2022-11-04,220.3300018,220.3800049,214.3999939,213.661972,398000
2022-11-07,219.75,220.6900024,216.9299927,214.7379761,862500
2022-11-08,220.7700043,222.8099976,217.1199951,215.0216675,542800
2022-11-09,217.4100037,218,212.4299927,208.0961914,623000
2022-11-10,222.5700073,226.7400055,221.6699982,221.4971466,812100
2022-11-11,227.5,231.4799957,227.1999969,223.9523926,726500
2022-11-14,228.0299988,230.1399994,226.0099945,221.6634369,391800
2022-11-15,230.9100037,232.8500061,228.8999939,225.4880981,472700
2022-11-16,229.4499969,229.5599976,225.7100067,221.467804,369800
2022-11-17,222.3099976,224.6600037,221.6199951,219.0321503,503500
2022-11-18,227.6100006,227.6100006,224.1100006,220.2940063,342600
2022-11-21,224.1399994,224.4600067,222.0599976,218.6604614,424400
2022-11-22,224.8200073,226.1000061,222.0099945,220.9689178,855100
2022-11-23,225.6000061,227.8899994,224.8000031,222.0449371,267800
2022-11-25,226.8500061,228.0800018,225.9199982,222.1427155,131000
2022-11-28,225.8899994,226.9400024,222.1399994,217.7702942,621100
2022-11-29,222.6399994,224.6499939,222.6399994,217.9170532,334200
2022-11-30,223.6300049,229.7599945,221.1399994,224.4610138,497200
2022-12-01,230.6900024,231.8999939,228.2899933,224.4512329,726100
2022-12-02,226.9499969,232.1399994,226.4600067,225.9869385,332300
2022-12-05,229.5,229.8899994,223.6900024,219.7560272,633400
2022-12-06,224.5299988,224.5700073,218.8600006,215.2662048,1009800
2022-12-07,220.1000061,222.0599976,219.1799927,215.1292419,731500
2022-12-08,220.9199982,224.0299988,219.9600067,216.8019257,711500
2022-12-09,220.5,221.6399994,218.4400024,213.7011108,628600
2022-12-12,219.0599976,222.0599976,218.0200043,217.026886,634100
2022-12-13,227.5399933,230.2400055,222.2700043,219.6730347,937600
2022-12-14,223.8300018,226.0599976,220.8899994,218.3984985,1064200
2022-12-15,219.6999969,220.3800049,215.8999939,212.2414551,549100
2022-12-16,213.7299957,215.9299927,212.9100037,210.9669189,559700
2022-12-19,215.2299957,215.9100037,210.9199982,207.4275818,815900
2022-12-20,210.5899963,214.4199982,210.5299988,208.9570313,496700
2022-12-21,215.0800018,217.9199982,214.2700043,212.6924744,675200
2022-12-22,214.9400024,215.1199951,210.1999969,209.5060883,513600
2022-12-23,213.4600067,214.6600037,211.7799988,209.9963074,310700
2022-12-27,214.3699951,214.3699951,211.6000061,208.0550842,577200
2022-12-28,212.1199951,213.5200043,208.7200012,205.0059662,570600
2022-12-29,210.8399963,215.5599976,210.3999939,210.7414551,753200
2022-12-30,212.8300018,214.8200073,211.9499969,210.3198242,443000
2023-01-03,216.2100067,218.0299988,210.8300018,208.4864349,538600
2023-01-04,214.1499939,216.5200043,213.6499939,210.8591003,340200
2023-01-05,213.5200043,214.25,210.8999939,208.3491974,418500
2023-01-06,214.7400055,218.0099945,212.1900024,213.3689728,513800
2023-01-09,219.3099976,221.4299927,218.3200073,214.4082184,555100
2023-01-10,218.0899963,222.2799988,218,217.9083099,303100
2023-01-11,222.8200073,224.9100037,222.2700043,220.4573822,349700
2023-01-12,225.6199951,228.8800049,223.0299988,224.3986816,632800
2023-01-13,227,230.8800049,226.9499969,226.202652,576000
2023-01-17,230.1600037,231.6499939,229.6699982,225.9869843,644200
2023-01-18,231.4400024,233.9199982,227.1600037,222.7123718,726400
2023-01-19,225.3200073,226.5299988,223.1699982,219.9868011,736200
2023-01-20,225.1999969,228.3800049,223.5299988,223.8692474,569800
2023-01-23,228.7799988,232.5899963,228.0399933,227.4478149,735500
2023-01-24,230.6199951,232.2799988,230.0700073,226.4673462,326200
2023-01-25,228.5200043,231.5599976,226.7400055,226.9477539,207800
2023-01-26,233.2299957,234.5200043,230.3800049,228.4674072,236100
2023-01-27,232.0399933,235.1199951,231.9100037,229.5655212,374500
2023-01-30,231.8099976,234.0800018,230.3000031,225.8595123,1040500
2023-01-31,231.3999939,235.9700012,231.2200012,231.3400726,384400
2023-02-01,235.8800049,242.2799988,234.3300018,235.359787,398300
2023-02-02,242.3899994,246.3899994,241.9199982,240.2128448,606400
2023-02-03,241.4600067,246.0899963,241.3000031,237.9089203,413400
2023-02-06,240.5,241.6999969,238.1499939,234.3499451,307700
2023-02-07,238.2400055,241.8000031,235.8200073,236.6441498,360900
2023-02-08,239.7299957,241.2100067,237.2100067,233.0166016,364300
2023-02-09,239.8500061,241.5200043,233.9700012,229.8105927,357500
2023-02-10,233.3200073,235.2799988,232.7599945,230.0655212,304000
2023-02-13,235.0399933,238.1000061,233.4100037,233.0361938,324100
2023-02-14,236.0800018,239.8000031,234.6600037,233.4185486,303900
2023-02-15,236,240.8300018,235.5099945,236.0264893,258300
2023-02-16,238.2100067,241.3600006,237.2400055,233.3793182,428400
2023-02-17,237.4700012,238.9100037,235.9299927,233.9773865,483300
2023-02-21,235.4700012,236.1199951,231.1399994,226.7124634,619200
2023-02-22,232.2100067,233.4100037,230.0500031,227.5654449,404800
2023-02-23,234.0200043,235.3000031,230.5800018,229.3694153,293800
2023-02-24,230.5399933,232.1799927,229.6199951,227.3301392,316000
2023-02-27,234,235.4299927,232.2200012,228.3988037,656000
2023-02-28,233.1600037,235.4299927,232.3999939,228.4968567,243400
2023-03-01,232.75,235.1699982,232.4900055,229.4380798,288600
2023-03-02,232.1300049,235.2899933,231.1000061,230.1145477,304200
2023-03-03,235.4299927,238.6799927,234.2400055,233.6930695,452700
2023-03-06,238.5399933,238.5399933,234.1399994,230.4870911,419700
2023-03-07,235.4299927,235.9100037,232.4199982,228.2811584,285100
2023-03-08,232.7700043,234.0399933,230.8500061,228.2517548,185200
2023-03-09,232.6699982,234.0800018,226.8800049,222.5555115,277400
2023-03-10,225.9199982,225.9199982,217.9199982,215.4964752,1000200
2023-03-13,215.8099976,221.3099976,214.8899994,213.4768066,639500
2023-03-14,222.8200073,224.4499969,219.5200043,218.0259705,543600
2023-03-15,216.7400055,218.5700073,214.4499969,214.0454407,428400
2023-03-16,215.7200012,222.6499939,215.0099945,217.1729736,1311900
2023-03-17,219.3500061,220.4700012,215.7400055,212.3297119,651800
2023-03-20,218.1399994,220.9100037,217.5099945,214.9964447,332000
2023-03-21,222.4600067,224.9400024,222.2700043,218.761261,399800
2023-03-22,223.0599976,224.2299957,217.1300049,212.8787537,421200
2023-03-23,218.2299957,221.5899963,214.6199951,212.7402191,488800
2023-03-24,214.75,218.1600037,213.3300018,213.9978027,326600
2023-03-27,220.2299957,221.5,218.3999939,216.4442139,218000
2023-03-28,220,221.1699982,219.0099945,216.0708923,230600
2023-03-29,223.0299988,223.0299988,220.7799988,218.5860748,292100
2023-03-30,224.0700073,225.0599976,221.7400055,218.6548462,733700
2023-03-31,223.9799957,227.3099976,223.9799957,222.8501129,634500
2023-04-03,227.6900024,228.4900055,224.4700012,223.5280304,312200
2023-04-04,228.1300049,228.1300049,222.5299988,219.6373444,441800
2023-04-05,222.3399963,222.6499939,219.3800049,216.9747772,284100
2023-04-06,220.6900024,221.5200043,219.2799988,217.1221466,351900
2023-04-10,219.8200073,223.75,219.6999969,219.7061005,315400
2023-04-11,224.5500031,226.5700073,224.2599945,221.6023102,275600
2023-04-12,227.0399933,227.8200073,223.7599945,220.0892792,350400
2023-04-13,224.7599945,227.9400024,224.4799957,223.193985,888700
2023-04-14,227.1100006,228.5,223.8999939,221.6121826,247500
2023-04-17,226.1000061,228.4299927,226.1000061,224.3140411,702800
2023-04-18,229.6100006,229.7299957,226.6900024,224.0782471,906200
2023-04-19,226.4100037,228.3200073,225.8300018,223.6852264,202400
2023-04-20,225.7599945,228.0899963,225.3800049,222.8795929,226800
2023-04-21,226.8999939,228.2100067,225.5299988,223.7540283,235400
2023-04-24,227.3300018,228.5800018,226.1699982,223.5378876,350900
2023-04-25,225.5500031,225.8300018,221.9900055,218.1046448,235600
2023-04-26,221.6999969,222.5099945,219.4799957,216.1199951,296300
2023-04-27,220.5200043,222.4700012,219,218.2814941,285700
2023-04-28,222.0500031,224.7700043,221.6300049,220.2759399,271400
2023-05-01,224.0500031,227.1100006,223.6900024,221.1209259,175600
2023-05-02,224.1199951,224.1199951,218.7700043,217.0730133,937800
2023-05-03,221.5899963,226.3099976,221.5899963,218.5172882,249700
2023-05-04,221.4199982,221.4299927,218,215.9530029,245900
2023-05-05,223,225.4299927,222.4700012,220.835968,298800
2023-05-08,225.4600067,226.0200043,223.2100067,220.4528351,207600
2023-05-09,222.9199982,224.6699982,222.3899994,219.9320984,192500
2023-05-10,226.7799988,226.7799988,223.4700012,221.6809387,289200
2023-05-11,224.0700073,224.7299957,222.3800049,219.5489044,178600
2023-05-12,224.1399994,225.1799927,221.7700043,219.1460876,302400
2023-05-15,223.6999969,226.8000031,222.9600067,221.86763,132700
2023-05-16,224.3399963,224.3399963,222.3800049,218.9201355,249500
2023-05-17,223.4299927,227.0800018,222.0899963,222.6339722,501000
2023-05-18,225.9100037,228.6000061,225.4499969,224.137207,361600
2023-05-19,230.6399994,230.6399994,226.3300018,223.3118896,336200
2023-05-22,227.8300018,230.8099976,227.4100037,225.8761902,345200
2023-05-23,229.3500061,232.1499939,227.7200012,223.950531,330300
2023-05-24,226.3200073,226.7200012,224.5299988,221.8872375,345500
2023-05-25,226.0299988,226.0299988,222.9199982,220.7475586,234300
2023-05-26,224.7100067,227.7100067,224.6199951,223.2627716,202200
2023-05-30,227.7899933,229,225.3000031,222.1525269,404700
2023-05-31,225,226.5500031,222.4799957,220.6493225,387500
2023-06-01,224.6999969,227.7599945,223.2899933,223.1350098,313700
2023-06-02,229.6100006,234.25,228.8300018,229.9732513,462000
2023-06-05,232.5,233.7700043,230.1999969,227.3794098,346300
2023-06-06,230.9600067,237.7599945,230.8300018,232.822464,258900
2023-06-07,238.1199951,241.3999939,238.1199951,236.2161102,608400
2023-06-08,239.9100037,240.4299927,237.8200073,235.8126831,497700
2023-06-09,239.9100037,240.2700043,237.4199982,234.1301117,411900
2023-06-12,238.5,240.4700012,237.3200073,235.733963,252800
2023-06-13,240.8500061,243.25,240.7799988,238.5086823,579000
2023-06-14,242.6300049,243.7799988,237.9400024,235.9110565,284700
2023-06-15,238.4900055,241.9600067,238.4900055,237.819931,264000
2023-06-16,242.5899963,243.2799988,238.7899933,236.1570282,392900
2023-06-20,238.7299957,239.6999969,237.3200073,235.3994141,277000
2023-06-21,238.1399994,240.4900055,237.5599976,235.2026367,240100
2023-06-22,237.9799957,238.5200043,236.2700043,233.8546295,230200
2023-06-23,234.8600006,236.7700043,233.6699982,230.0270691,445900
2023-06-26,233.5700073,236.5700073,233.0299988,229.6236267,310500
2023-06-27,233.8200073,237.4499969,233.4499969,232.8805084,250300
2023-06-28,236.3999939,238.4100037,235.3999939,234.4154663,275600
2023-06-29,238.3399963,241.6799927,238.2899933,236.9934235,284500
2023-06-30,243.25,244.1600037,242.2700043,238.7645416,294700
2023-07-03,242.5399933,243.7100067,241.9100037,238.9908142,104400
2023-07-05,241.7400055,241.7400055,239.4900055,235.8126831,436300
2023-07-06,236.7200012,237.4700012,233.7700043,232.339325,498100
2023-07-07,236.7599945,240.25,236.7599945,234.3662872,324500
2023-07-10,237.6399994,242.8399963,237.5899963,238.8727264,317200
2023-07-11,243.7700043,245.1499939,242.3399963,241.0276184,373200
2023-07-12,248.7700043,248.7700043,246.4100037,243.044693,328000
2023-07-13,248.2299957,249.8800049,247.5,245.4947052,343800
2023-07-14,249.5299988,249.6399994,246.2799988,243.7924805,896100
2023-07-17,247.4499969,251.6999969,247.3800049,246.7148132,1069700
2023-07-18,250.6000061,253.3200073,250.3000031,248.9680634,577000
2023-07-19,254,255.1000061,251.8500061,248.4662323,820700
2023-07-20,252.6499939,252.6999969,249.5,246.1047363,308500
2023-07-21,251.8500061,251.8999939,249.0099945,245.3569641,660800
2023-07-24,249.3500061,251.3300018,248.2899933,245.0420837,286500
2023-07-25,248.5399933,251.1499939,248.5399933,245.7997437,600700
2023-07-26,249.3000031,251.6499939,249.0800018,246.5868835,284200
2023-07-27,252.2100067,252.4799957,246.5599976,243.4579468,634000
2023-07-28,250.1699982,251.1799927,249.5899963,246.7639923,292700
2023-07-31,251.7400055,254.0599976,251.5700073,249.9618225,470400
2023-08-01,252.6699982,252.6900024,250.3699951,248.5547943,372900
2023-08-02,249.9499969,250.1100006,247.0099945,244.294281,712600
2023-08-03,247.2799988,248.8399963,246.0700073,243.4677887,651600
2023-08-04,247.9700012,249.1399994,245.5700073,242.4641418,708200
2023-08-07,246.6499939,246.8600006,243.9600067,241.6179657,394900
2023-08-08,243.0800018,244.0099945,241.25,239.9452362,485500
2023-08-09,243.6399994,243.6399994,240.1399994,237.2885895,590600
2023-08-10,241.9499969,244.5399933,239.5099945,236.6687164,714400
2023-08-11,239.2100067,241.3800049,239.0200043,236.9737244,470900
2023-08-14,239.7400055,241.3099976,238.2599945,237.3377991,532800
2023-08-15,240.2599945,240.3200073,238.4100037,235.0648651,457800
2023-08-16,238.5299988,239.4400024,235.5299988,231.7784882,436800
2023-08-17,235.8999939,236.2899933,231.6799927,228.1378784,953400
2023-08-18,229.7400055,234.1900024,229.6499939,229.5941315,536500
2023-08-21,233.3600006,234.3500061,232.0200043,229.9286652,525700
2023-08-22,234.8899994,235.5800018,233.0099945,230.2041931,501900
2023-08-23,234.0399933,237.1999969,233.6900024,232.6542053,496800
2023-08-24,236.2400055,236.6399994,232.6199951,229.1316681,694100
2023-08-25,233.4299927,235.2200012,230.7400055,230.5092316,450400
2023-08-28,235.0299988,237.2200012,235.0299988,231.8867493,287700
2023-08-29,235.2299957,239.6799927,234.3999939,235.5666962,510500
2023-08-30,238.8399963,241.9700012,238.8399963,237.2197266,334400
2023-08-31,241.2799988,242.6799927,240.5099945,236.8064728,284000
2023-09-01,242.5200043,244.0899963,241.7799988,238.8333893,345900
2023-09-05,241.2400055,241.4900055,238.1199951,234.4253235,426100
2023-09-06,238.7100067,239.9499969,236.4600067,234.3072357,256000
2023-09-07,236.25,236.7200012,234.1100006,231.8178406,421200
2023-09-08,235.5299988,236.2299957,234.2899933,230.7158203,288500
2023-09-11,235.7299957,236.5,234.9299927,231.266861,465500
2023-09-12,234.3300018,236.1499939,234.2100067,230.8240662,256900
2023-09-13,234.5899963,235.1399994,232.1999969,229.1710205,664500
2023-09-14,234.3899994,236.1300049,233.7599945,231.7194519,502400
2023-09-15,234.6799927,234.6799927,231.7100067,228.757782,764500
2023-09-18,232.3999939,232.6999969,231.3000031,227.6852722,325700
2023-09-19,231.4199982,232.0200043,229.4299927,226.4947052,389100
2023-09-20,231.2899933,232.2200012,227.7100067,224.1824036,489000
2023-09-21,225.7400055,225.8899994,223.9199982,220.3942261,688900
2023-09-22,224.5299988,225.6900024,223.3800049,219.8727264,838700
2023-09-25,222.2200012,224.75,221.9900055,220.5024719,504900
2023-09-26,222.6199951,224.3699951,221.0500031,218.1312561,713100
2023-09-27,222.3800049,224.5599976,221.4499969,220.3200684,871700
2023-09-28,223.1399994,226.9600067,223.1399994,222.5088654,459600
2023-09-29,227.3200073,227.7100067,223.6199951,221.0003815,715900
2023-10-02,223.5200043,224.1999969,220.3999939,218.3185883,939200
2023-10-03,220.0700073,220.8000031,216.6300049,214.5621338,1191100
2023-10-04,217.3899994,218.4299927,215.2400055,214.8677826,663800
2023-10-05,217.2799988,218.7700043,216.0500031,214.7593536,685700
2023-10-06,216.2700043,221.3300018,215.8099976,217.3326416,823300
2023-10-09,218.7100067,221.7299957,218.3999939,218.1411133,444800
2023-10-10,221.6799927,225.3899994,221.6000061,220.6947174,577200
2023-10-11,224.0399933,225.0200043,221.0700073,219.4425812,535100
2023-10-12,223.2799988,223.2799988,216.2599945,214.2761993,347500
2023-10-13,217.5599976,217.7100067,214.4199982,212.3043213,328900
2023-10-16,217.0399933,219.3800049,216.3200073,215.8833313,892700
2023-10-17,217.3000031,223.0399933,217.3000031,218.0918427,454600
2023-10-18,219.4799957,219.4799957,216.0500031,213.3691559,412800
2023-10-19,216.1999969,217.3000031,212.6199951,210.0661926,506900
2023-10-20,213.2200012,213.2299957,210.0500031,207.305542,345000
2023-10-23,209.0099945,211.3099976,207.5599976,205.6491547,604800
2023-10-24,210.1999969,212.2799988,209.6300049,208.064743,455000
2023-10-25,209.1199951,209.1199951,206.4799957,203.6180878,252900
2023-10-26,207.1999969,208.5399933,205.25,203.2828827,606900
2023-10-27,207.1000061,207.3099976,203.6100006,201.2025299,1056200
2023-10-30,206.0599976,206.9799957,203.4199982,201.9518585,520800
2023-10-31,205.1699982,207.4799957,204.4900055,204.0814972,486900
2023-11-01,206.7200012,207.7200012,204.7700043,204.6927643,464200
2023-11-02,210.3999939,211.9400024,209.2599945,208.8041687,910700
2023-11-03,215.0200043,219.0399933,215.0200043,214.6212921,954100
2023-11-06,217.6699982,218.1399994,214.1100006,212.1761322,1684000
2023-11-07,214.1699982,216.5200043,213.6399994,212.6296844,325700
2023-11-08,215.3800049,215.9799957,212.5700073,210.2042389,427700
2023-11-09,214.5099945,214.6600037,209.5399933,206.9604797,440900
2023-11-10,211.0200043,213.1799927,209.4600067,209.563385,764100
2023-11-13,211.5599976,213.3800049,210.4299927,209.8492889,328200
2023-11-14,219.1399994,223.9400024,218.9100037,220.7637482,1098300
2023-11-15,224.1000061,228.3899994,223.8699951,220.9609528,735000
2023-11-16,223.1300049,223.6000061,219.7700043,217.6382904,726300
2023-11-17,222.8800049,223.8800049,222.0200043,220.4581146,491900
2023-11-20,223.7700043,225.75,223.1000061,222.1342163,642400
2023-11-21,223.8200073,224.3500061,222.3800049,219.4425812,414200
2023-11-22,224.1100006,225.9299927,223.3000031,221.0200653,559700
2023-11-24,223.6999969,226.1300049,223.6999969,222.449707,151700
2023-11-27,224.5700073,225.5800018,223.2799988,221.9370117,382400
2023-11-28,224.6199951,225.5500031,223.1300049,220.5961609,478200
2023-11-29,225.7899933,228.5099945,224.6000061,221.8778687,581800
2023-11-30,226.2299957,226.9299927,224.9499969,222.6666107,384700
2023-12-01,225.6300049,232.0899963,224.3600006,228.5133209,552700
2023-12-04,230.7899933,234.2100067,230.6699982,230.8204193,628400
2023-12-05,232.7599945,232.9400024,230.75,228.0400543,604400
2023-12-06,233.0899963,235.0800018,230.6000061,227.4878998,903900
2023-12-07,231.1799927,232.2400055,229.8399963,228.7893524,665400
2023-12-08,232.0899963,235,231.3000031,230.5147858,683500
2023-12-11,233.6000061,234.9900055,232.9499969,231.2443695,866700
2023-12-12,234.4100037,236,232.5899963,231.9641266,309000
2023-12-13,235.6100006,242.8099976,233.75,239.2896881,602300
2023-12-14,247.0599976,250.1300049,245.9299927,245.1068115,1391900
2023-12-15,249.3500061,249.9700012,245.5399933,243.5588837,774700
2023-12-18,247.3600006,249.1499939,246.0800018,243.6081848,732000
2023-12-19,248.8800049,251.9100037,248.8800049,248.0449524,532100
2023-12-20,250.3600006,252.9100037,245.2400055,242.5434113,587400
2023-12-21,248.9400024,250.3000031,247.4600067,247.257309,662500
2023-12-22,251.5,253.9900055,251.0399933,249.7575531,671500
2023-12-26,253.6900024,256.5799866,253.2400055,252.9594879,571500
2023-12-27,256.4400024,258.1099854,255.6000061,254.5406342,578200
2023-12-28,256.8800049,257.9400024,255.5899963,253.2658081,339800
2023-12-29,256.1300049,256.5499878,252.2200012,249.2535553,551800
2024-01-02,249.9400024,253.0700073,248.3699951,246.9114532,695800
2024-01-03,246.8300018,247.5800018,242.1900024,239.9048309,552400
2024-01-04,242.3800049,244.1399994,242.2100067,239.9542389,516200
2024-01-05,240.8699951,244.1300049,240.7599945,238.7189331,597000
2024-01-08,241.6300049,247.6000061,240.8899994,244.5890808,559200
2024-01-09,244.6600037,246.5399933,243.2599945,242.6521301,646400
2024-01-10,245.4400024,245.8999939,243.0200043,242.7410889,431500
2024-01-11,244.8500061,245.6399994,240.8200073,240.922699,776300
2024-01-12,245.9900055,247.7400055,242.5899963,240.3297577,397300
2024-01-16,241.0299988,242.6399994,239.9299927,238.4125824,604100
2024-01-17,238.1999969,239.8099976,237.0299988,236.6831512,396100
2024-01-18,241.2299957,241.6100006,237.6600037,237.8492737,339600
2024-01-19,241.4799957,243.4299927,239.1399994,240.0728302,361800
2024-01-22,245.0500031,248.4499969,245.0500031,245.112854,798900
2024-01-23,250.1799927,250.4799957,246.1699982,244.7768402,788300
2024-01-24,250.8399963,251.0099945,245.25,242.5928345,638300
2024-01-25,248.2400055,249.6600037,245.4199982,244.1838989,665700
2024-01-26,248.1399994,249.4199982,246.5099945,243.8874207,482700
2024-01-29,246.9499969,252.2299957,246.1999969,249.263443,514300
2024-01-30,251.1900024,251.2100067,248.5700073,246.4963684,611200
2024-01-31,249.0099945,251.3300018,243.9700012,241.4958801,410400
2024-02-01,246.2100067,249.0099945,243.7899933,245.9528656,647300
2024-02-02,246.5700073,249.1699982,244.9499969,245.1227417,454200
2024-02-05,246.1100006,246.6000061,242.6300049,242.2568359,726600
2024-02-06,244.9299927,247.7899933,244.1000061,244.806488,425300
2024-02-07,248.4900055,248.9299927,246.1600037,244.7472076,418400
2024-02-08,247.8800049,252.2799988,247.3099976,249.0855713,343400
2024-02-09,253.6900024,257.3399963,252.9700012,253.9971008,584900
2024-02-12,258.0100098,262.0299988,258.0100098,258.0488892,503300
2024-02-13,252.0899963,254.8999939,248.9100037,247.8601532,1435200
2024-02-14,255.0800018,258.019989,253.5599976,254.5801697,617900
2024-02-15,259.480011,264.0299988,259.3900146,260.430542,598600
2024-02-16,261.2799988,262.4200134,259.2200012,256.3886414,777600
2024-02-20,256.1099854,256.7600098,253.8200073,252.4356842,690500
2024-02-21,253.25,254.1199951,251.1799927,250.0836792,747100
2024-02-22,255.3399963,258.1499939,254.9799957,254.3726196,889200
2024-02-23,257.4500122,259.0499878,255.8300018,254.6196899,1049100
2024-02-26,257.480011,260.9500122,257.1900024,257.347229,514900
2024-02-27,263.0299988,265.1000061,262.2200012,261.5966797,825100
2024-02-28,262.8399963,264.4200134,261.8900146,259.6794739,730600
2024-02-29,266.6400146,267.3599854,262.2600098,260.8851013,615000
2024-03-01,265,268.1400146,264.0599976,264.4427795,675200
2024-03-04,270.0700073,270.9899902,268.2900085,265.5792542,510300
2024-03-05,266.2000122,267.6000061,263.1199951,261.1025696,503800
2024-03-06,268.2000122,268.4400024,265.2000122,263.7608948,600700
2024-03-07,268.730011,270.1099854,268.1700134,266.0536194,666700
2024-03-08,271.5499878,273.7600098,267.2099915,265.3618469,710200
2024-03-11,267.7399902,268.6000061,265.2200012,262.6046753,451300
2024-03-12,266.2000122,267.2399902,263.8999939,263.3656311,579800
2024-03-13,266.3200073,268.4599915,266.3200073,264.4427795,681800
2024-03-14,267.4200134,267.4200134,260.25,259.6992798,778400
2024-03-15,261.2399902,263.4899902,261.1499939,259.4916992,454100
2024-03-18,263.7999878,264.0799866,260.3900146,257.5547791,422200
2024-03-19,258.519989,262.0299988,257.5899963,258.2169495,583200
2024-03-20,260.5899963,266.519989,259.8399963,262.486084,381700
2024-03-21,267.1000061,269.8900146,267.0599976,265.3675232,626500
2024-03-22,267.8900146,268.480011,265.0299988,262.3000488,365500
2024-03-25,265.7900085,267.5899963,265.6199951,262.9530945,359800
2024-03-26,268.2200012,268.7799988,265.5,262.8442688,257500
2024-03-27,268.2999878,270.769989,266.3900146,267.9303894,321300
2024-03-28,271.4700012,273.1099854,270.6700134,267.9600525,448100
2024-04-01,271.3099976,271.3099976,267.9599915,265.8821106,565600
2024-04-02,265,265.019989,261.980011,260.6178894,448900
2024-04-03,262.1499939,265.9500122,261.5100098,262.3000488,462500
2024-04-04,268.1300049,268.5100098,261.2399902,258.9258118,240800
2024-04-05,261.2900085,264.5100098,260.5700073,259.9845886,478400
2024-04-08,264.8699951,265.2999878,262.6099854,261.3105164,654600
2024-04-09,264.8399963,265.4100037,262.1400146,261.9932861,493200
2024-04-10,258.1600037,260.7900085,256.769989,256.1452637,906100
2024-04-11,259.9899902,261.6199951,258.269989,258.1144104,467000
2024-04-12,259.3200073,259.8900146,253.9900055,252.6819763,564600
2024-04-15,256.2399902,257.1199951,250.1000061,248.4073029,543400
2024-04-16,249.6499939,252.4900055,248.5,248.6052094,415500
2024-04-17,252.5299988,253.0299988,248,245.4189758,444500
2024-04-18,248.9400024,251.25,246.5500031,244.3502808,363800
2024-04-19,245.6000061,248.0399933,242.9199982,242.7176056,1526600
2024-04-22,246.3600006,249.0399933,244.7400055,245.3199921,330400
2024-04-23,248.1300049,253.4799957,248.0899963,249.7233582,389200
2024-04-24,253.1399994,253.6499939,249.7400055,248.6348572,284500
2024-04-25,247.7799988,250.3300018,246.4100037,247.2396698,237900
2024-04-26,251.0700073,253.7599945,250.1600037,250.4357758,259400
2024-04-29,254.1699982,256.0799866,253.9799957,253.0579987,337400
2024-04-30,253.1199951,254.0200043,250.1199951,247.6948395,260700
2024-05-01,249.6199951,255.2299957,247.8699951,246.9626007,283800
2024-05-02,253.0299988,254.4499969,249.4100037,251.6726837,329200
2024-05-03,258.6000061,259.5299988,255.9199982,254.1761475,266000
2024-05-06,259.0499878,261.1799927,259.0499878,258.2727356,245400
2024-05-07,261.6900024,263.480011,260.8999939,259.5491943,147800
2024-05-08,259.3399963,260.8099976,259.0799866,257.3722839,289200
2024-05-09,260.1900024,262.1700134,259.4200134,259.1731873,282500
2024-05-10,263.1499939,263.3299866,259.4100037,257.1941833,274200
2024-05-13,262.3399963,262.7999878,260.4500122,257.79776,255100
2024-05-14,262.7600098,264.1600037,262.3099976,260.7267151,472000
2024-05-15,267.0799866,268.0599976,265.1000061,265.1498413,224300
2024-05-16,267.75,267.75,265.4299927,262.6463623,235300
2024-05-17,266.4500122,266.4500122,263.9400024,262.3692627,510900
2024-05-20,265.5599976,267.6099854,264.9500122,264.5462646,242700
2024-05-21,266.3500061,267.25,265.9599915,263.9723206,247100
2024-05-22,265.980011,267.0899963,263.7000122,261.9833679,225000
2024-05-23,266.9200134,266.9200134,259.6700134,258.3617859,364400
2024-05-24,263.1300049,264.6700134,261.9299927,261.6172791,216400
2024-05-28,266.7900085,266.7900085,262.8500061,261.7855225,224900
2024-05-29,261.1199951,261.9899902,260.6600037,258.3617859,191000
2024-05-30,262.5,264.2000122,261.6000061,259.9845886,239900
2024-05-31,263.8099976,265.3999939,260,260.8553772,551100
2024-06-03,266,266.230011,260.25,260.0142822,619800
2024-06-04,261.1000061,261.6000061,259.0799866,256.6103516,190000
2024-06-05,261.1499939,264.6400146,260.1499939,261.716217,186200
2024-06-06,263.5700073,264.3099976,261.730011,259.6679382,214100
2024-06-07,259.9700012,262.0599976,258.6400146,256.6795959,137800
2024-06-10,257.5599976,261.3099976,256.8399963,258.391449,176600
2024-06-11,258.6199951,260.4200134,256.8999939,257.6591797,117200
2024-06-12,266.6199951,268.5,263.25,261.7418213,345100
2024-06-13,263.5700073,263.8399963,260.3399963,259.6905823,254000
2024-06-14,259.3099976,259.6000061,256.8599854,255.8259888,431000
2024-06-17,257.5599976,261.3500061,256.4700012,257.8474426,349400
2024-06-18,260.2000122,262.2099915,260.019989,258.7987671,541500
2024-06-20,261.0400085,262.7000122,258.2600098,257.0150757,232600
2024-06-21,259.1099854,260.3900146,257.3599854,257.8573303,239200
2024-06-24,260.2200012,262.3099976,259.8900146,257.8177185,274000
2024-06-25,260.3099976,260.5799866,258.9299927,257.9762878,347100
2024-06-26,259,260.4100037,258.2999878,257.1042175,226300
2024-06-27,260.3399963,263.1099854,259.7000122,260.6220703,220600
2024-06-28,264.4100037,265.7099915,260.8800049,260.1463928,603200
2024-07-01,263.4100037,263.6099854,259.8200073,258.2834473,249900
2024-07-02,260.9400024,261.7999878,259.9400024,258.8582153,218000
2024-07-03,261.7799988,262.8500061,260.8200073,258.7888489,139700
2024-07-05,260.8200073,261.6300049,259.0899963,258.9969177,303300
2024-07-08,263.1000061,264.5799866,262.5400085,260.7805786,299400
2024-07-09,263.0599976,263.1300049,260.9100037,259.3635864,289000
2024-07-10,262.7200012,263.9700012,261.4599915,261.5733032,342100
2024-07-11,268.9700012,272.8500061,268.3599854,269.9961548,796600
2024-07-12,274.980011,277.9100037,274.6199951,273.3751831,845600
2024-07-15,278.019989,282.4599915,277.230011,278.6567993,825900
2024-07-16,283.4500122,290.2600098,283.4500122,287.1489868,740600
2024-07-17,286.7000122,291.6099854,284.1799927,282.0061035,494300
2024-07-18,283.8500061,287.6099854,277.2399902,275.9911804,493600
2024-07-19,279.0599976,279.3200073,276.019989,274.7228088,654400
2024-07-22,278.5,282.2999878,276.0700073,279.1720581,487200
2024-07-23,280.8200073,286.1199951,280.5700073,282.1052246,349300
2024-07-24,282.5400085,285.6900024,277.6700134,275.5155945,530700
2024-07-25,278.5100098,285.0299988,277.75,277.5568848,618700
2024-07-26,284.7900085,287.1199951,282.2600098,282.3826294,403200
2024-07-29,285.6000061,287.2000122,280.8800049,279.6080627,364200
2024-07-30,283.769989,285.9599915,280.3099976,279.8656921,424900
2024-07-31,284.3900146,290.3299866,282.1000061,281.3817749,343100
2024-08-01,284.0299988,285.6000061,273.1900024,272.651825,763700
2024-08-02,265.3699951,267.1199951,262.5499878,262.7327271,647900
2024-08-05,250.0299988,260.2799988,248.1900024,254.7756042,654100
2024-08-06,259.1700134,264.3099976,256.3200073,258.3726501,898800
2024-08-07,265.0799866,265.0799866,255.8300018,254.0720367,568500
2024-08-08,259.8699951,263.5899963,257.8599854,260.800415,491300
2024-08-09,263.8699951,264.7999878,261.9700012,261.3453979,369000
2024-08-12,264.2600098,264.5100098,260.9500122,259.9085999,268500
2024-08-13,264.3200073,267.0499878,262.8500061,264.0704041,978400
2024-08-14,267.6700134,267.730011,263.6099854,262.1975708,384600
2024-08-15,270.5400085,272.8999939,269.0499878,269.1241455,585300
2024-08-16,271.1799927,273.5700073,270.4500122,269.4312744,283800
2024-08-19,272.0299988,275.4899902,272.0299988,272.9193726,537000
2024-08-20,275,275.3800049,271.5499878,270.1645813,304500
2024-08-21,274.5799866,276.9400024,272.8200073,274.1678772,413100
2024-08-22,277.269989,277.8800049,273.1700134,271.1455688,246800
2024-08-23,275.9200134,282.0400085,275.269989,278.666687,548600
2024-08-26,283.2200012,283.730011,280.8599854,278.6567993,260300
2024-08-27,279.5,280.2999878,278.2999878,276.9523621,225700
2024-08-28,278.2900085,279.5799866,275.7600098,274.2868347,393000
2024-08-29,278.9200134,282.1499939,277.2900085,276.5163879,244600
2024-08-30,280.2000122,281.3399963,277.4200134,278.2604065,327500
2024-09-03,279.2000122,280.4100037,270.6099854,268.6386108,352100
2024-09-04,269.6700134,273.7399902,268.3999939,268.6980286,194000
2024-09-05,271.2399902,271.9200134,268,266.8351135,314900
2024-09-06,269.8200073,271.1000061,262.7799988,261.3453979,283600
2024-09-09,265.0700073,267.9200134,264.1499939,263.3371582,369500
2024-09-10,265.8099976,266.7200012,262.2399902,262.802063,254400
2024-09-11,264.0299988,267.4700012,260.8999939,264.7046509,194800
2024-09-12,268.5499878,272.1700134,266.4899902,268.0638428,300000
2024-09-13,273.8699951,277.9299927,273.3599854,274.7129211,263800
2024-09-16,277.7900085,278.9599915,275.9400024,275.1092834,517600
2024-09-17,279.7000122,282.6000061,278.2900085,277.1406555,703800
2024-09-18,279.0599976,286.519989,278.3599854,277.1406555,598500
2024-09-19,286.4299927,287.4899902,283.019989,283.1753845,715500
2024-09-20,285.9100037,285.9100037,283.2399902,281.4313965,369600
2024-09-23,285.3099976,285.8999939,281.7399902,280.2125244,269400
2024-09-24,283.5799866,283.9400024,280.7099915,280.9953308,242300
2024-09-25,283.5299988,283.5299988,280.0100098,278.3654175,176000
2024-09-26,283.6600037,284.5299988,280.6199951,279.6957703,419800
2024-09-27,284.5599976,286.2799988,282.5499878,281.3835754,340800
2024-09-30,282.6499939,285.0700073,281.1499939,281.9593811,448500
2024-10-01,283.0799866,283.0799866,278.1199951,278.2661133,306400
2024-10-02,279.2099915,281.519989,277.9500122,278.752594,248300
2024-10-03,278.6300049,280.4700012,277,276.1911316,225700
2024-10-04,282.4299927,283.5799866,280.2200012,280.8375244,217500
2024-10-07,282.5100098,282.5100098,278.5,278.1569214,215000
2024-10-08,280.3299866,282.3599854,280,279.457489,235200
2024-10-09,281.2900085,283.6700134,280.4700012,280.1524658,186500
2024-10-10,278.6400146,280.2200012,276.9500122,278.0675049,202500
2024-10-11,280.0700073,286.480011,280.0700073,284.2229919,194300
2024-10-14,286.5799866,288.7000122,285.5499878,286.4270325,181200
2024-10-15,288.0599976,290.6300049,286.5299988,285.9207153,328500
2024-10-16,290.7099915,292.9299927,289.6099854,290.606781,294500
2024-10-17,293.0499878,293.1700134,290.4100037,289.3260498,547200
2024-10-18,292.1199951,292.730011,290.4200134,288.4822083,172400
2024-10-21,290.5499878,290.5499878,286.2000122,285.4938049,216700
2024-10-22,286.4299927,286.8299866,284.9400024,283.7166443,464000
2024-10-23,284.6300049,285.3500061,280.3299866,280.6289978,470900
2024-10-24,284.3399963,285.3599854,281.7999878,281.1254272,512100
2024-10-25,285.0100098,286.519989,282.3200073,280.8375244,574900
2024-10-28,285.4200134,288.0700073,285.4200134,285.2753906,293500
2024-10-29,285.1199951,286.8299866,283.9700012,284.769043,339900
2024-10-30,286,289.0799866,285.1900024,283.319519,348600
2024-10-31,285.4599915,285.8800049,280.3800049,278.4249573,347900
2024-11-01,282.9899902,285.5400085,282.5299988,281.5523376,447300
2024-11-04,282.5899963,287.1499939,281.8500061,282.8231201,291400
2024-11-05,283.980011,290.4200134,283.5299988,288.2438965,473400
2024-11-06,304.4100037,310,300.5899963,303.662323,843000
2024-11-07,305.9599915,308.6199951,305.3399963,304.684906,1052700
2024-11-08,306.5499878,309.769989,305.6700134,307.4846497,315900
2024-11-11,312.980011,314.3399963,311.3299866,311.3665466,376400
2024-11-12,311.1600037,313.7600098,306.9400024,305.9358215,370100
2024-11-13,310.4599915,311.6700134,304.7099915,302.7092285,398900
2024-11-14,306.0100098,306.3800049,298.9400024,297.4473267,521600
2024-11-15,299.9500122,300.2200012,293,291.8379211,427000
2024-11-18,294.9200134,296.7099915,293.1000061,292.2747192,286500
2024-11-19,291.4400024,298.8900146,291.4400024,296.6431274,229800
2024-11-20,298.5,299.3900146,295.4200134,297.2388,371100
2024-11-21,300.9200134,306.2099915,299.5,302.6595764,431000
2024-11-22,306.0899963,310.7799988,305.9500122,308.0108337,254300
2024-11-25,313.980011,317.6199951,313.1499939,312.2997742,352100
2024-11-26,313.7200012,314.2999878,311.2399902,310.4928894,522300
2024-11-27,314.5400085,316.2399902,311.6499939,310.8006592,275200
2024-11-29,314.8800049,316.2399902,314.480011,313.0940247,220000
2024-12-02,315.5899963,315.8699951,312.9599915,312.2303162,315000
2024-12-03,314.4400024,314.8699951,311.8699951,310.4631042,236700
2024-12-04,313.6099854,316,312.7600098,312.5778198,350800
2024-12-05,314.6000061,314.6400146,310.1099854,308.1597595,345400
2024-12-06,312.3500061,314.1600037,312.2200012,310.7609253,228400
2024-12-09,314.8200073,315.230011,309.3599854,307.6633606,475900
2024-12-10,309.8900146,310.730011,307.3800049,305.5784607,257500
2024-12-11,310.7900085,311.5799866,308.3599854,307.2861023,279300
2024-12-12,308.5799866,309.4100037,304.6300049,302.7191162,353700
2024-12-13,304.6900024,305.75,301.5899963,300.9419861,304300
2024-12-16,302.6000061,307.6099854,302.2600098,304.0594482,485300
2024-12-17,303.4200134,304.7900085,300.6499939,300.5915833,284700
2024-12-18,303.5599976,304.5499878,285.8299866,287.9195557,586300
2024-12-19,291.9200134,293.1300049,286.7099915,286.8137512,727000
2024-12-20,286.0100098,294.0599976,285.1799927,289.7526245,730100
2024-12-23,291.0799866,291.2799988,287.0599976,288.7165527,272200
2024-12-24,290.8399963,292.7799988,288.480011,291.5856934,179100
2024-12-26,291,296.6400146,290.269989,295.0525818,286700
2024-12-27,294.519989,295.0400085,288.1700134,289.8422546,610500
2024-12-30,288.519989,289.7900085,284.2000122,287.2420959,366600
2024-12-31,290.1900024,291.2099915,287.0299988,286.7340698,234000
2025-01-02,290.0400085,292.6900024,286.7000122,287.7103271,300500
2025-01-03,290.0400085,294.9500122,290.0400085,293.6677856,238400
2025-01-06,296.7900085,297.9500122,294.6700134,294.0563354,451600
2025-01-07,296.9500122,298.1700134,290.5100098,291.9144287,236200
2025-01-08,290.6799927,291.5400085,287.1099854,290.151123,290900
2025-01-10,285.9700012,286.3299866,282.9899902,283.7652588,452100
2025-01-13,281.1600037,284.6799927,279.5400085,283.2970581,587900
2025-01-14,288.2099915,288.8200073,283.75,285.6182556,259200
2025-01-15,294.3399963,294.75,291.4400024,291.5059814,432500
2025-01-16,292.8599854,294.4400024,291.2099915,292.302948,453400
2025-01-17,296.7099915,296.7600098,294.019989,293.5482483,332400
2025-01-21,297.4100037,301.9299927,296.4100037,300.6413574,424600
2025-01-22,301.230011,302.8500061,300.2200012,299.8443909,210700
2025-01-23,298.9400024,302.9200134,297.9400024,301.7770996,284800
2025-01-24,302.2099915,303.2799988,300.0400085,299.5953674,285100
2025-01-27,295.6799927,299.5,292.519989,293.6677856,952400
2025-01-28,295.6400146,297.6700134,293.9200134,295.4510498,126800
2025-01-29,297.1199951,298.6000061,294.3099976,295.0625,349500
2025-01-30,298.7000122,301.5299988,297.75,298.5393372,387900
2025-01-31,300.1499939,302.1400146,295.769989,295.7897644,311900
2025-02-03,288.9200134,295.519989,288.8699951,292.9006958,316700
2025-02-04,293.7999878,298.1199951,293.6400146,296.4273071,180300
2025-02-05,298.980011,301.8699951,298.230011,300.0735168,187100
2025-02-06,302.5400085,302.7000122,297.6799927,298.3998718,263800
2025-02-07,300.0400085,301.3200073,295.4599915,295.0824585,229200
2025-02-10,297.769989,298.3699951,296.25,296.4472656,195200
2025-02-11,295,295.6499939,293.1000061,292.6317444,296700
2025-02-12,289.4400024,293.0499878,288.6499939,291.0278015,318700
2025-02-13,294.2099915,295.8800049,292.1099854,294.5544434,190200
2025-02-14,296.6900024,297.4299927,294.5400085,294.454834,132400
2025-02-18,295.8999939,298.0599976,295.0299988,296.1882324,427000
2025-02-19,295.4500122,297.8800049,295.0299988,295.500824,289600
2025-02-20,296.5100098,296.8500061,291.8999939,292.6516724,271700
2025-02-21,295.6799927,295.6799927,282.730011,282.121521,688800
2025-02-24,283.9899902,283.9899902,278.0599976,279.4416809,287300
2025-02-25,279.8399963,281.2799988,275.1000061,277.1603088,275600
2025-02-26,280.1000061,283.3999939,278.5499878,278.2461853,375900
2025-02-27,280.0400085,280.1499939,273.230011,272.5278625,232500
2025-02-28,271.8399963,276.8500061,270.7200012,275.7556458,400500
2025-03-03,277.8999939,278.8299866,265.9200134,266.5903625,1656400
2025-03-04,263.7399902,270.0899963,260.2399902,264.6676636,632800
2025-03-05,265.4500122,269.4200134,263.9299927,267.9651184,394100
2025-03-06,264.9500122,268.4299927,261.9599915,262.2368469,519100
2025-03-07,262.4700012,265.8699951,257.8599854,263.3027954,538100
2025-03-10,260.8399963,262.269989,254.5800018,256.5782471,650700
2025-03-11,257.6099854,261.7600098,254.7299957,257.6442261,561400
2025-03-12,262.0899963,262.7799988,257.1499939,258.1024475,420900
2025-03-13,259.2600098,259.2600098,253,253.6194611,591400
2025-03-14,257.9500122,261.4500122,256.6600037,260.2543335,418300
2025-03-17,261.0299988,265.9100037,261.0299988,263.7411194,326200
2025-03-18,262.6900024,263.1700134,260.2900085,260.6703186,356300
2025-03-19,261.6199951,267.8900146,261.5599976,265.6985474,972100
2025-03-20,263.3200073,267.3099976,263.2399902,263.6433716,488300
2025-03-21,260.9599915,263.6600037,259.730011,262.3463745,386800
2025-03-24,267.2600098,270.8599854,267.2600098,269.9386597,384800
2025-03-25,270.3599854,270.730011,268.230011,268.8012695,250100
2025-03-26,269.7200012,270.0799866,263.769989,264.2020569,421400
2025-03-27,264.25,265.9200134,262.2099915,262.526001,583500
2025-03-28,262.25,262.8800049,256.1000061,256.9989014,360400
2025-03-31,252.7400055,256.7799988,249.3500061,254.9337311,809800
2025-04-01,254.8500061,257.9100037,251.9900055,255.0634308,275400
2025-04-02,251.5500031,261.6300049,251.3699951,259.9020996,243300
2025-04-03,248.0599976,249.9100037,242.3699951,243.1812134,633100
2025-04-04,234.3300018,236.7599945,226.2200012,231.7778931,887100
2025-04-07,222.6199951,242.7299957,219.1900024,230.2614441,1883300
2025-04-08,239.7400055,239.8699951,221.0099945,223.6369324,929300
2025-04-09,221.3699951,248.6900024,220.6900024,244.91716,1789400
2025-04-10,238.0800018,239.6100006,228.8399963,234.9803925,778700
2025-04-11,234.7799988,240.1999969,231.2200012,239.4200134,655900
2025-04-14,244.8500061,244.8500061,238.0599976,241.9441071,511200
2025-04-15,242.25,245.6000061,241.1000061,241.984024,390000
2025-04-16,240.7599945,241.3200073,235.5500031,238.6019287,410400
2025-04-17,238.8399963,241.6999969,237.4400024,240.2979584,313900
2025-04-21,238.5200043,238.6199951,232.3000031,234.2121887,1119600
2025-04-22,237.9900055,241.9799957,237.6300049,240.4875183,405100
2025-04-23,248.9700012,252.5700073,245.3200073,245.3162079,341200
2025-04-24,246.6000061,252.1399994,245.7599945,251.0727692,506900
2025-04-25,250.1000061,252.5299988,248.7599945,251.8210144,339800
2025-04-28,253.4700012,255.3000031,250.0500031,252.6889801,471100
2025-04-29,252.3800049,256.1400146,251.0299988,254.4448547,485200
2025-04-30,250.9299927,254.5700073,248.2400055,252.9583435,345800
2025-05-01,256.019989,257.8900146,252.8999939,254.7242279,379300
2025-05-02,258.9299927,262.8699951,258.9200134,260.9596558,340900
2025-05-05,259.519989,261.75,258.2900085,259.3833008,494200
2025-05-06,256.0700073,258.730011,255.0899963,255.6719818,317200
2025-05-07,257.8099976,258.3900146,255.2200012,256.5898438,243800
2025-05-08,260.1099854,264.8599854,258.4599915,261.8475647,560600
2025-05-09,262.8500061,264.0899963,260.519989,261.0594177,451300
2025-05-12,272.4899902,273.5700073,268.0899963,270.966217,852100
2025-05-13,273.0700073,274.269989,271.9299927,272.3131104,523800
2025-05-14,272.5499878,273.4299927,270.6400146,270.477356,284400
2025-05-15,270.1499939,272.1400146,268.1799927,271.3453674,414700
2025-05-16,271.8399963,275.519989,271.8399963,274.5179138,280600
2025-05-19,270.5,274.2000122,270.1799927,273.330719,407500
2025-05-20,273.6499939,275.1799927,272.6900024,274.0689697,260000
2025-05-21,271.2799988,272.8500061,266.3900146,266.4468079,345000
2025-05-22,265.7600098,268.8599854,264.730011,266.6064148,353300
2025-05-23,262.4899902,267.5599976,262.2399902,266.107605,459000
2025-05-27,270.7099915,273.4299927,268.8900146,272.422821,444600
2025-05-28,273.75,273.75,270.25,269.9585876,267900
2025-05-29,273.2000122,273.2000122,269.2600098,270.1680908,355600
2025-05-30,269.6300049,271.3099976,267.3999939,268.9908447,431600
2025-06-02,270.230011,271.7200012,266.769989,271.085968,398900
2025-06-03,272.8699951,276.9700012,272.0499878,275.6851807,454400
2025-06-04,276.2900085,277.730011,275.1400146,275.1564331,194000
2025-06-05,276.2000122,278.2000122,274.1499939,275.5654602,569500
2025-06-06,280.2799988,281.2000122,279.0499878,279.9252625,305700
2025-06-09,283.5599976,283.7399902,281.230011,281.2322388,304600
2025-06-10,283.5299988,284.6199951,281.8299866,282.050293,359600
2025-06-11,284.7000122,285.1099854,281.4100037,281.302063,333300
2025-06-12,279.8099976,281.2399902,279.2600098,279.8753967,253600
2025-06-13,276.25,278.8099976,274.25,274.3283691,457500
2025-06-16,277.519989,279.8599854,276.7099915,278.0050659,464500
2025-06-17,276.2799988,278.2200012,275.2999878,274.9985962,266000
2025-06-18,275.3999939,279.1300049,274.6799927,276.5168152,463300
2025-06-20,278.730011,279.1199951,275.0499878,275.8276062,262800
2025-06-23,274.8699951,278.9100037,272.1600037,278.5844116,460300
2025-06-24,281.1600037,283.9899902,279.980011,283.2689209,228300
2025-06-25,284.2600098,284.3500061,279.9500122,279.7730103,260500
2025-06-26,281.4700012,284.8699951,281.1000061,284.2677612,253500
2025-06-27,286,287.5400085,282.7999878,284.6772766,708400
2025-06-30,286.6300049,286.8500061,285.1700134,285.5262756,342100
2025-07-01,283.9899902,288.4599915,282.4500122,284.8970337,471100
2025-07-02,285.3299866,288.6600037,284.1199951,288.1931763,329600
2025-07-03,290,292.0499878,289.8299866,291.7090454,353300
2025-07-07,289.9500122,291.0299988,286.0299988,287.4640198,354600
2025-07-08,289.5499878,290.2399902,288,288.7924805,443400
2025-07-09,291.019989,292.9400024,289.1400146,292.5980225,243800
2025-07-10,292.5,295,291.4299927,292.9076538,348400
2025-07-11,291.0100098,291.8699951,288.269989,288.3130188,297300
2025-07-14,287.7900085,291.7000122,287.6300049,290.9898682,417000
2025-07-15,293.3399963,293.3399963,286.9599915,286.724884,639800
2025-07-16,288.6600037,291.0700073,284.8999939,290.4804993,391000
2025-07-17,291.3699951,295.1900024,290.5700073,294.5157471,835600
2025-07-18,296.6000061,296.6700134,292.3800049,292.4182434,265900
2025-07-21,294.0100098,294.8800049,290.3399963,290.1308899,345100
2025-07-22,290.0100098,291.6700134,287.3699951,290.6802368,191300
2025-07-23,293.2900085,296.25,292.7000122,295.81427,360100
2025-07-24,295.4500122,295.4500122,292.4899902,292.4281921,382600
2025-07-25,293.5899963,294.5,292.1199951,293.6567688,218200
2025-07-28,295.6099854,296.0599976,293.2099915,293.5768738,314600
2025-07-29,296.2200012,296.2600098,291.2999878,291.6091919,303600
2025-07-30,293.6300049,296.5899963,290.6600037,292.5680542,333400
2025-07-31,292.2799988,294.3699951,289.8500061,289.8112793,382300
2025-08-01,286.0700073,287.1000061,280.3500061,284.1179504,369900
2025-08-04,287.730011,291.769989,286.6900024,291.2995605,348200
2025-08-05,293.4899902,294.4200134,289.9599915,292.63797,360200
2025-08-06,292.6700134,292.6700134,289.7099915,291.4793396,392500
2025-08-07,294.8599854,294.8599854,288.1600037,290.7202148,298900
2025-08-08,293.019989,293.1400146,290.769989,291.199646,359600
2025-08-11,291.6199951,293.4899902,290.9899902,291.3894348,368700
2025-08-12,293.4700012,299.9700012,292.5700073,299.1903076,374600
2025-08-13,301.6099854,305,300.519989,304.4541626,291700
2025-08-14,301.3200073,302.019989,298.0799866,300.0992737,277200
2025-08-15,301.6000061,301.6000061,297.7399902,299.010498,437700
2025-08-18,299.519989,301.3599854,299.519989,300.4588318,182700
2025-08-19,300.6799927,300.6799927,295.8999939,296.2537537,233500
2025-08-20,295.7000122,296.3800049,292.3099976,295.2748718,140900
2025-08-21,294.9500122,297.4200134,293.9500122,296.7731323,136100
2025-08-22,298.5100098,308.6700134,298.1000061,306.9212646,504000
2025-08-25,306.4200134,307.1199951,303.9200134,303.6650696,292000
2025-08-26,304.0400085,307.269989,304,306.3120117,240300
2025-08-27,306.6000061,309,306.0700073,308.2297363,235900
2025-08-28,309.9200134,310.6900024,309,309.9577332,240200
2025-08-29,310.7399902,310.8900146,306.480011,307.3407898,214800
2025-09-02,303.1499939,306.5799866,302.3200073,305.5428772,449200
2025-09-03,305.8200073,307.5400085,304.0100098,305.1833191,206100
2025-09-04,305.8900146,309.3500061,305.3500061,308.7591248,304800
2025-09-05,311.0100098,313.1499939,306.6199951,310.4671326,290700
2025-09-08,311.6400146,312.2900085,309.7900085,311.6956787,190100
2025-09-09,311.6600037,311.7000122,307.980011,310.4571533,189700
2025-09-10,312.2999878,312.8399963,308.3500061,309.3284607,260700
2025-09-11,310.5799866,316.019989,309.8599854,315.3414307,276300
2025-09-12,315.5599976,315.5599976,312.6700134,312.5047607,277700
2025-09-15,314.4299927,315.4899902,313.5299988,314.0029907,603400
2025-09-16,313.9899902,314.3099976,311.5,314.1199951,241300
2025-09-17,314.8999939,321.019989,312.2399902,315.0100098,430100
2025-09-18,318.2399902,324.1799927,317.519989,323.8500061,377000
2025-09-19,324.8999939,324.9100037,321.6199951,322.4100037,357500
2025-09-22,321.25,325.5799866,319.5499878,324.9500122,352800
2025-09-23,326.0400085,327.8500061,323.1300049,324.0700073,496200
2025-09-24,324.0899963,324.4400024,319.1400146,319.3800049,510800
2025-09-25,314.6600037,316.9700012,312.6700134,316.1199951,632300
2025-09-26,317.0299988,319.2600098,315.9899902,319.1900024,497400
2025-09-29,321.9100037,321.9100037,318.9500122,319.8699951,536200
2025-09-30,318.9400024,320.5,316.730011,320.0400085,629500
2025-10-01,317.9899902,320.8699951,317.9899902,320.0499878,491300
2025-10-02,321.2799988,323.6199951,319.7799988,323.5,289500
2025-10-03,325.1300049,328.6900024,324.3200073,325.4599915,797000
2025-10-06,327.9899902,329.269989,325.8800049,327.7399902,434000
2025-10-07,328.4200134,328.769989,321.7999878,324.230011,495800
2025-10-08,325.6000061,328.3599854,324.0100098,327.9700012,476500
2025-10-09,327.730011,329.0400085,325.0100098,326.7399902,248400
2025-10-10,327.6700134,328.730011,316.8399963,317.3299866,560500
2025-10-13,323.6499939,327.75,323.0499878,327.4899902,233500
2025-10-14,322.5799866,333.2799988,320.5100098,330.3399963,513000
2025-10-15,334.2200012,337.2600098,329.6499939,335,565000
2025-10-16,335.8800049,336.5299988,326.5,327.8699951,718500
2025-10-17,324.7600098,327.1900024,320.980011,324.0299988,382700
2025-10-20,329.3999939,331.1900024,327.980011,330.3299866,264400
2025-10-21,329.0499878,330.3999939,326.3699951,329.0299988,484600
2025-10-22,327.6499939,328.1700134,318.2200012,322.2600098,741100
2025-10-23,323.4100037,328.1799927,323.4100037,327.1799927,343100
2025-10-24,332.6700134,334.1700134,331.480011,331.6600037,389900